DROP TABLE IF EXISTS Casinò CASCADE;

CREATE TABLE Casinò (
    IDCasinò integer NOT NULL,
    Nome varchar(40),
    Via varchar(30),
    CAP varchar(6),
    Provincia varchar(2),
    Stato varchar(2),
    PRIMARY KEY (IDCasinò)
);

INSERT INTO Casinò(IDCasinò, Nome, Via, CAP, Provincia, Stato)
VALUES
    ('1', 'Casinò di Venezia','Cannaregio, 2040','30121 ','VE','IT'),
    ('2', 'Casinò di Venezia Ca'' Noghera','Via Paliaga, 4/8','30173','VE','IT');

DROP TABLE IF EXISTS Ruoli CASCADE;

CREATE TABLE Ruoli (
    IDRuolo integer NOT NULL,
    Nome varchar(20) NOT NULL,
    Descrizione varchar(400) NOT NULL,
    Salario varchar(8) NOT NULL,
    PRIMARY KEY (IDRuolo)
);

INSERT INTO Ruoli(IDRuolo, Nome, Descrizione, Salario)
VALUES
    ('1', 'Direttore','Gestisce la struttura', 5000),
    ('2', 'Controllore di Sala','Gestisce i turni dei croupier e verifica la corretta esecuzione delle attività', 3000),
    ('3', 'Croupier','Si occupa di accettare le scommesse dei giocatori, servire al tavolo da gioco, controllare la liceità delle puntate dei giocatori e pagare le vincite.', 2000),
    ('4', 'Inserviente', 'Si occupa della pulizia della struttura', 1500),
    ('5', 'Barista','Serve i clienti ai punti ristoro della struttura', 2000),
    ('6', 'Sicurezza', 'Si occupa della sicurezza del casinò', 2500);
    

DROP TABLE IF EXISTS Personale CASCADE;

CREATE TABLE Personale (
    IDPersonale integer NOT NULL UNIQUE,
    CF varchar(16) NOT NULL,
    Nome varchar(20) NOT NULL,
    Cognome varchar(20) NOT NULL,
    Contatto varchar(20) NOT NULL,
    Via varchar(30) NOT NULL,
    CAP varchar(6) NOT NULL,
    Provincia varchar(2) NOT NULL,
    Stato varchar(2) NOT NULL,
    IDRuolo integer NOT NULL,
    IDCasinò integer NOT NULL,
    PRIMARY KEY (CF),
    FOREIGN KEY (IDRuolo) REFERENCES Ruoli(IDRuolo) ON UPDATE CASCADE ON DELETE CASCADE,
    FOREIGN KEY (IDCasinò) REFERENCES Casinò(IDCasinò) ON UPDATE CASCADE ON DELETE CASCADE
);

INSERT INTO Personale(IDPersonale,CF, Nome, Cognome, Contatto, Via, CAP, Provincia, Stato, IDRuolo, IDCasinò)
VALUES
    (1,'LPPSFO65A45F558R', 'Sofia','Lo Papa', '3902816714', 'Via Don Gianola, 13','20024','MI','IT','4','1'),
    (2,'CCLRHD73P44E615N', 'Orchidea','Auccello', '0425927530', 'Via Altichieri Da Zevio, 1','35132','PD','IT','4','1'),
    (3,'DVNMDL71C44G107H', 'Maddalena','Dovana', '0439441900', 'Via Delle Corniole, 4','38030','TN','IT','4','1'),
    (4,'GRSSRG87P25H511L', 'Sergio','Garsone', '3735871836', 'Via Delle Villette, 15','57128','LI','IT','4','1'),
    (5,'VVNDCM58A28H019O', 'Decimo','Viviani', '3736082147', 'Via Amerigo Vespucci, 19','24040','BG','IT','4','1'),
    (6,'STCDLF67S13E911M', 'Adolfo','Sticchiotti', '3701826472', 'Via Melvin Jones, 10','00049','RM','IT','4','1'),
    (7,'MNCSNS81H03G979J', 'Stanislao','Stanislao', '3137103658', 'Via Cavour, 2','17055','SV','IT','4','1'),
    (8,'GLLLRD76P51I494O', 'Alfreda','Gallamini', '3701871436', '	Via Dei Pioppi, 43','26039','CR','IT','4','1'),
    (9,'BRGRNG59A08D360E', 'Arcangelo','Brughi', '3736482032', 'Via Del Salciolo, 2','59100','PO','IT','4','1'),
    (10,'MNLLVO97D62G613P', 'Olivia','Manelfi', '3791476032', 'Viale Dante Alighieri, 40','57028','LI','IT','4','1'),

    (11,'BRNRNS70L55F158E', 'Ortensia','Brandileone', '3730825471', 'Via Sabaudia, 8','20124','MI','IT','4','2'),
    (12,'LTGRNT83H60H472M', 'Renata','Leitgeb', '3903258714', 'Via Giuseppe Dossetti, 10','42048','RE','IT','4','2'),
    (13,'CRCLVC63R57H507F', 'Ludovica','Cariccio', '3791476032', 'Via San Rocco, 62','70010','BA','IT','4','2'),
    (14,'PZZPRN73M43E606O', 'Petronilla','Pozzolo', '3791476032', 'Via Cardinale Massimi, 8','00167','RM','IT','4','2'),
    (15,'BSSMRA91E70I098W', 'Mara','Bossardi', '3701821476', '	Via Manarola, 4','43126','PR','IT','4','2'),

    (16,'BSSMRA91E70I096W', 'Iona', 'Iannelli', '173-712-7666', '145 Holmberg Parkway', '37142', 'VN', 'IT', 2, 1),
    (17,'BSSMRA91E70I097W', 'Haley', 'Beaney', '941-352-0620', '9 7th Street', '35129', 'VN', 'IT', 2, 1),
    (18,'BSSMRA91E70I095W', 'Ranee', 'Deveral', '442-429-1805', '3132 Onsgard Hill', '37142', 'VN', 'IT', 2, 1),
    (19,'BSSMRA91E70I048W', 'Mada', 'Haselden', '457-443-3057', '97942 Brown Terrace', '35129', 'VN', 'IT', 2, 1),

    (20,'BSSMRA91E70I038W', 'Lila', 'Ashington', '855-183-3458', '7 6th Lane', '35129', 'VN', 'IT', 3, 1),
    (21,'BSSMRA91E70I078W', 'Hardy', 'Lyngsted', '838-351-7600', '98 Westend Point', '10129', 'PM', 'IT', 3, 1),
    (22,'BSSMRA91E70I099W', 'Gabey', 'Roo', '717-383-5286', '61895 Mesta Drive', '35141', 'VN', 'IT', 3, 1),
    (23,'BSSMRA91E70I079W', 'Billy', 'Orcas', '546-519-3126', '32052 Sunbrook Parkway', '40128', 'ER', 'IT', 3, 1),
    (24,'BTTMRE91E70I098W', 'Zia', 'Durdle', '701-233-2068', '5747 Colorado Lane', '30175', 'VN', 'IT', 3, 1),
    (25,'BRTMRE81E70I198W','Clareta', 'Blann', '176-291-4228', '81123 Nelson Park', '10141', 'PM', 'IT', 3, 1); 
    
DROP TABLE IF EXISTS Sale CASCADE;
DROP TYPE IF EXISTS tipo_sale CASCADE;

CREATE TYPE tipo_sale AS ENUM ('Gambling', 'Ristoro', 'Congressi');

CREATE TABLE Sale (
    Numero integer NOT NULL UNIQUE,
    Nome varchar(20) NOT NULL UNIQUE,
    Posizione varchar(20) NOT NULL,
    Tipo tipo_sale NOT NULL,
    IDCasinò integer NOT NULL,
    PRIMARY KEY (Nome, Numero),
    FOREIGN KEY (IDCasinò) REFERENCES Casinò(IDCasinò) ON UPDATE CASCADE ON DELETE CASCADE
);

INSERT INTO Sale(Numero, Nome, Posizione, Tipo, IDCasinò)
VALUES
    (1, 'Sala Verde','Piano Terra', 'Gambling', 1),
    (2, 'Sala Rossa','Piano Terra', 'Gambling', 1),
    (3, 'Sala Gialla','Piano Terra', 'Gambling', 1),
    (4, 'Ristoro 1','Piano Terra', 'Ristoro', 1),
    (5, 'Ristoro 2','Primo Piano', 'Ristoro', 1),
    (6, 'Sala Elite','Primo Piano', 'Congressi', 1),
    (7, 'Sala Master','Primo Piano', 'Congressi', 1);


DROP TABLE IF EXISTS Giochi CASCADE;

DROP TABLE IF EXISTS Dirige CASCADE;
CREATE TABLE Dirige(
    IDSala integer NOT NULL UNIQUE,
    IDPersonale integer NOT NULL UNIQUE,
    PRIMARY KEY (IDSala, IDPersonale),
    FOREIGN KEY (IDSala) REFERENCES Sale(Numero) ON UPDATE CASCADE ON DELETE CASCADE,
    FOREIGN KEY (IDPersonale) REFERENCES Personale(IDPersonale) ON UPDATE CASCADE ON DELETE CASCADE,
);




CREATE TABLE Giochi (
    IDGioco integer NOT NULL,
    Tipo varchar(25) NOT NULL,
    Nome varchar(25) NOT NULL,
    Descrizione varchar(500) NOT NULL,
    PRIMARY KEY (IDGioco)
);

INSERT INTO Giochi(IDGioco, Tipo, Nome, Descrizione)
VALUES
    (1, 'Poker','Texas hold ''em', 'Il gioco di poker più famoso del mondo sia dei casinò'),
    (2, 'Blackjack','Normale', 'Il blackjack è un gioco d''azzardo di carte che si svolge tra il banco, e i giocatori. Vincono i giocatori che realizzano un punteggio più alto del banco e non superiore a 21.'),
    (3, 'Roulette','Fair Roulette', 'Gioco d''azzardo in cui i giocatori scommettono su quale scomparto numerato rosso o nero di una ruota girevole cadrà la pallina'),
    (4, 'Roulette','Roulette Francese', 'Gioco d''azzardo in cui i giocatori scommettono su quale scomparto numerato rosso o nero di una ruota girevole cadrà la pallina'),
    (5, 'Slot Machine','Tipo 1', 'Dispositivo elettronico che permette di vincere'),
    (6, 'Punto Banco','Normale', 'Il giocatore sfida il banco in un gioco di carte'),
    (7, 'Punto Banco','Carte in mano', 'Il giocatore sfida il banco in un gioco di carte');



DROP TABLE IF EXISTS Postazioni CASCADE;

CREATE TABLE Postazioni (
    Numero integer NOT NULL,
    Nome varchar(15) NOT NULL,
    NomeSala varchar(20) NOT NULL,
    NumeroSala integer NOT NULL,
    IDGioco integer NOT NULL, 
    PRIMARY KEY (Numero),
    FOREIGN KEY (NomeSala) REFERENCES Sale(Nome) ON UPDATE CASCADE ON DELETE CASCADE,
    FOREIGN KEY (NumeroSala) REFERENCES Sale(Numero) ON UPDATE CASCADE ON DELETE CASCADE,
    FOREIGN KEY (IDGioco) REFERENCES Giochi(IDGioco) ON UPDATE CASCADE ON DELETE CASCADE
);

INSERT INTO Postazioni(Numero, Nome, NomeSala, NumeroSala, IDGioco)
VALUES
    (1, 'FR1','Sala Verde', 1, 3),
    (2, 'FR2','Sala Rossa', 2, 3),
    (3, 'AR1','Sala Gialla', 3, 4),
    (4, 'AR2','Sala Verde', 1, 4),
    (5, 'PK1','Sala Rossa', 2, 1),
    (6, 'PK2','Sala Rossa', 2, 1),
    (7, 'SLOT1','Sala Gialla', 2, 5),
    (8, 'SLOT2','Sala Gialla', 2, 5),
    (9, 'SLOT3','Sala Gialla', 2, 5),
    (10, 'SLOT4','Sala Gialla', 2, 5),
    (11, 'SLOT5','Sala Gialla', 2, 5);



DROP TABLE IF EXISTS Lavora CASCADE;

CREATE TABLE Lavora (
    NumeroPs integer NOT NULL,
    IDPersonale integer NOT NULL,
    Ora_Inizio TIMESTAMP NOT NULL,
    Ora_Fine TIMESTAMP NOT NULL,
    PRIMARY KEY (NumeroPs,IDPersonale,Ora_Inizio),
    FOREIGN KEY (NumeroPs) REFERENCES Postazioni(Numero) ON UPDATE CASCADE ON DELETE CASCADE,
    FOREIGN KEY (IDPersonale) REFERENCES Personale(IDPersonale) ON UPDATE CASCADE ON DELETE CASCADE,
    check (Ora_Fine > Ora_Inizio)
);

INSERT INTO Lavora(NumeroPS, IDPersonale, Ora_Inizio, Ora_Fine)
VALUES
-- Prima postazione
    (1, 20,'2020-05-1 10:00:00', '2022-05-1 14:00:00'),
    (1, 20,'2020-06-1 18:00:00', '2022-06-1 22:00:00'),
    (1, 20,'2020-07-1 14:00:00', '2022-07-1 18:00:00'),

    (1, 21,'2020-05-1 14:00:00', '2022-05-1 18:00:00'),
    (1, 21,'2020-06-1 10:00:00', '2022-06-1 14:00:00'),
    (1, 21,'2020-07-1 18:00:00', '2022-07-1 22:00:00'),
-- Seconda Postazione
    (2, 22,'2020-05-1 10:00:00', '2022-05-1 14:00:00'),
    (2, 22,'2020-06-1 18:00:00', '2022-06-1 22:00:00'),
    (2, 22,'2020-07-1 14:00:00', '2022-07-1 18:00:00'),

    (2, 23,'2020-05-1 14:00:00', '2022-05-1 18:00:00'),
    (2, 23,'2020-06-1 10:00:00', '2022-06-1 14:00:00'),
    (2, 23,'2020-07-1 18:00:00', '2022-07-1 22:00:00'),    
-- Terza Postazione
    (3, 24,'2020-05-1 10:00:00', '2022-05-1 14:00:00'),
    (3, 24,'2020-06-1 18:00:00', '2022-06-1 22:00:00'),
    (3, 24,'2020-07-1 14:00:00', '2022-07-1 18:00:00'),

    (3, 25,'2020-05-1 14:00:00', '2022-05-1 18:00:00'),
    (3, 25,'2020-06-1 10:00:00', '2022-06-1 14:00:00'),
    (3, 25,'2020-07-1 18:00:00', '2022-07-1 22:00:00');  

DROP TABLE IF EXISTS Clienti CASCADE;

CREATE TABLE Clienti (
    IDCliente integer NOT NULL,
    CF varchar(16) NOT NULL,
    Nome varchar(20) NOT NULL,
    Cognome varchar(20) NOT NULL,
    Contatto varchar(20) NOT NULL,
    Via varchar(30) NOT NULL,
    CAP varchar(6) NOT NULL,
    Provincia varchar(2) NOT NULL,
    Stato varchar(2) NOT NULL,
    Saldo integer NOT NULL,
    PRIMARY KEY (IDCliente)
);

INSERT INTO Clienti(IDCliente,CF, Nome, Cognome, Contatto, Via, CAP, Provincia, Stato, Saldo)
VALUES
    (1,'NCGZNN97T44I570X', 'Kaycee', 'Geist', '778 697 0266', '63185 Starling Place', '30132', 'VN', 'FV', 35425),
    (2,'DLFXWX64L47H825C', 'Billie', 'Cutmere', '337 200 9793', '8711 Dexter Alley', '35129', 'VN', 'VN', 2841),
    (3,'FSRKRD37D65B259C', 'Zilvia', 'Ellicott', '265 665 1098', '974 Sugar Way', '35141', 'VN', 'VN', 16160),
    (4,'CSDVNC98H15F184Z', 'Selina', 'Rudgard', '153 423 4333', '8 Sunbrook Pass', '37129', 'VN', 'VN', 17204),
    (5,'JCKCHY52M18M055W', 'Ivan', 'Heatherington', '475 136 5639', '0775 Granby Junction', '37129', 'VN', 'FV', 19347),
    (6,'VDYZHG82E57B484I', 'Laure', 'Puddephatt', '135 375 1337', '03 Annamark Trail', '34141', 'FV', 'VN', 12258),
    (7,'LJWMRW92H30H376B', 'Alma', 'Guidotti', '394 391 8550', '9 Ruskin Street', '34141', 'FV', 'VN', 14475),
    (8,'BMWZDS63T06M209N', 'Mahmoud', 'Wybron', '457 302 9067', '008 Warrior Center', '34141', 'FV', 'VN', 38718),
    (9,'PZPCDV50L10C533B', 'Karilynn', 'Bester', '157 523 6400', '7 American Ash Lane', '30175', 'VN', 'VN', 8814),
    (10,'FVBCDQ99P58E074H', 'Wylma', 'Lourens', '331 804 3290', '8318 Mifflin Avenue', '30175', 'VN', 'VN', 3669),
    (11,'NSPNFU44C67L107A', 'Melodee', 'Sleeman', '205 224 2656', '4 Schlimgen Lane', '34141', 'FV', 'VN', 14612),
    (12,'FRGBDF92A58D411P', 'Breena', 'Cheesworth', '152 488 6494', '25 Arkansas Drive', '37142', 'VN', 'FV', 31263),
    (13,'ZZZDXF51B61I339H', 'Andros', 'Main', '288 115 2665', '7 Clove Point', '37129', 'VN', 'VN', 14428),
    (14,'PCTSGP41M63A996X', 'Kata', 'Bonner', '942 993 5266', '6 Badeau Trail', '37142', 'VN', 'VN', 18483),
    (15,'CBBKNM37D21B490N', 'Ignaz', 'Sheddan', '605 457 9913', '4 Spaight Crossing', '37129', 'VN', 'VN', 5031),
    (16,'YTXCYR63R50H017N', 'Trueman', 'McGlashan', '684 395 4770', '40322 Veith Pass', '30132', 'VN', 'VN', 13601),
    (17,'BDPBZW31P45E464E', 'Melanie', 'Tash', '756 814 3544', '47 Rieder Avenue', '35129', 'VN', 'FV', 39939),
    (18,'YDJXNJ58H12Z149M', 'Del', 'Boar', '261 412 0535', '44415 Corscot Plaza', '34141', 'FV', 'VN', 3122),
    (19,'BNSTCW81E60I429R', 'Lindon', 'Ricson', '470 917 3224', '00647 Delaware Road', '37142', 'VN', 'VN', 22491),
    (20,'CSHKSE29B08F290P', 'Tab', 'Doull', '930 445 7929', '8 Starling Point', '34129', 'FV', 'VN', 10357),
    (21,'VVHDRB28A06F221X', 'Gaelan', 'Cherry', '439 953 7278', '45 Grover Center', '30175', 'VN', 'VN', 15426),
    (22,'BBDFYI91S62L777M', 'Theodosia', 'De Robertis', '750 688 1705', '4612 Elmside Point', '35141', 'VN', 'VN', 22855),
    (23,'ZFNFPY46M13B081B', 'Francklyn', 'Stiegar', '681 515 1832', '6 Eliot Street', '35129', 'VN', 'VN', 11161),
    (24,'LCZLTZ31R27H195N', 'Timmi', 'Basil', '499 169 3505', '4488 Tony Lane', '35141', 'VN', 'VN', 6223),
    (25,'SVDHDZ67E23E629F', 'Nanon', 'Brimilcombe', '794 643 0370', '13 Dayton Place', '30175', 'VN', 'VN', 33287),
    (26,'BZEKKF54B18E814R', 'Barthel', 'Plevin', '885 838 1378', '2321 Corscot Road', '37129', 'VN', 'VN', 9546),
    (27,'BGNHPP36T16G751S', 'Ellary', 'Ruggier', '751 441 9975', '421 Vermont Parkway', '37129', 'VN', 'VN', 31530),
    (28,'WQYDRV69D44B927X', 'Bella', 'Crampin', '769 743 5031', '91920 Rigney Pass', '34129', 'FV', 'VN', 4438),
    (29,'RDSGMT68H30I415L', 'Margareta', 'Holleran', '317 669 5023', '4342 Mcguire Circle', '35129', 'VN', 'VN', 39164),
    (30,'RMMDGJ46C26L272A', 'Garfield', 'Croad', '842 649 6723', '10619 Center Way', '34141', 'FV', 'VN', 19528),
    (31,'RMMDGJ46C26L272A', 'Mela', 'Yurenin', '562 422 1566', '26088 Forest Run Junction', '30175', 'VN', 'VN', 18620),
    (32,'TBXMGM31M06L669R', 'Rory', 'Heffernan', '483 384 3011', '18 Di Loreto Circle', '34129', 'FV', 'FV', 20466),
    (33,'JREPDI68T18I688C', 'Ebba', 'Driscoll', '874 700 7196', '63948 Ridge Oak Point', '30175', 'VN', 'VN', 18399),
    (34,'TBRRSV57E68F718N', 'Walsh', 'Strachan', '641 461 1477', '82 Cardinal Junction', '37142', 'VN', 'VN', 1181),
    (35,'RGMZTT69P62A666I', 'Thebault', 'Duplain', '387 837 4814', '3 Delaware Road', '35141', 'VN', 'VN', 35325),
    (36,'ZSFNNL66S42F498A', 'Tabatha', 'Enrdigo', '613 127 7926', '95278 Killdeer Center', '34141', 'FV', 'VN', 35496),
    (37,'TFGBTS43E10I644W', 'Gerta', 'Becker', '702 554 4660', '2 Walton Avenue', '35141', 'VN', 'VN', 1131),
    (38,'SQVNLS95P26I941W', 'Dewain', 'Skippen', '409 288 1274', '3 Sage Center', '35141', 'VN', 'VN', 22162),
    (39,'SGBNAA97P52L603C', 'Nicky', 'Desvignes', '475 491 9648', '6 Fairfield Trail', '35129', 'VN', 'VN', 13883),
    (40,'GGSTRB99B44E932H', 'Rafa', 'Neles', '709 446 9288', '019 Prairie Rose Lane', '34141', 'FV', 'VN', 19711),
    (41,'KPYDJO99P59A519R', 'Randell', 'Volleth', '466 595 5676', '05085 Moulton Street', '30175', 'VN', 'VN', 21550),
    (42,'LRQHCM96D15F190K', 'Krishna', 'Althorp', '925 696 7944', '5866 Pearson Court', '35141', 'VN', 'VN', 26072),
    (43,'PVGFPM44A16E549B', 'Rhona', 'Normavell', '606 212 7215', '2 Myrtle Way', '30132', 'VN', 'VN', 30158),
    (44,'NVZHHN68D45H675I', 'Maure', 'Bernardez', '181 107 4412', '802 Moulton Parkway', '37142', 'VN', 'FV', 36562),
    (45,'NVVLWW51L05H361B', 'Gawen', 'Ramirez', '207 723 6141', '8711 Sachs Terrace', '35129', 'VN', 'VN', 25350),
    (46,'BSHJXV41T53D344T', 'Abram', 'Treleaven', '350 128 7021', '9241 Donald Place', '37129', 'VN', 'FV', 10291),
    (47,'PZMGJE42M11H621B', 'Kinnie', 'Shillabeer', '544 312 2797', '528 Surrey Road', '37129', 'VN', 'VN', 6886),
    (48,'RCLHTC94T43H384O', 'Will', 'Ramalho', '994 874 9844', '6816 Di Loreto Circle', '34129', 'FV', 'FV', 11481),
    (49,'MNPTTL78D23G317U', 'Adolph', 'Steptow', '752 479 3206', '44 Derek Parkway', '35141', 'VN', 'VN', 16672),
    (50,'YJTDTL64S27I448J', 'Christel', 'Divill', '744 514 9270', '274 Birchwood Plaza', '30175', 'VN', 'VN', 17909);

DROP TABLE IF EXISTS ha_clienti CASCADE;

CREATE TABLE ha_clienti (
    IDCliente integer NOT NULL,
    IDCasinò integer NOT NULL,
    PRIMARY KEY (IDCliente,IDCasinò),
    FOREIGN KEY (IDCliente) REFERENCES Clienti(IDCliente) ON UPDATE CASCADE ON DELETE CASCADE,
    FOREIGN KEY (IDCasinò) REFERENCES Casinò(IDCasinò) ON UPDATE CASCADE ON DELETE CASCADE
);

INSERT INTO ha_clienti(IDCliente, IDCasinò)
VALUES
    (1,1),   
    (2,1),   
    (3,1),   
    (4,1),   
    (5,1),   
    (6,1),   
    (7,1),   
    (8,1),   
    (9,1),  
    (10,1),
    (11,1),
    (12,1),
    (13,1),
    (14,1),
    (15,1),
    (16,1),
    (17,1),
    (18,1),
    (19,1),
    (20,1),
    (21,1),
    (22,1),
    (23,1),
    (24,1),
    (25,1),
    (26,1),
    (27,1),
    (28,1),
    (29,1),
    (30,1),
    (31,1),
    (32,1),
    (33,1),
    (34,1),
    (35,1),
    (36,1),
    (37,1),
    (38,1),
    (39,1),
    (40,1),
    (41,1),
    (42,1),
    (43,1),
    (44,1),
    (45,1),
    (46,1),
    (47,1),
    (48,1),
    (49,1),
    (19,2),
    (20,2),
    (21,2),
    (22,2),
    (23,2),
    (24,2),
    (25,2),
    (26,2),
    (27,2),
    (28,2),
    (29,2),
    (30,2),
    (31,2),
    (32,2),
    (33,2),
    (34,2),
    (35,2),    
    (50,1);

DROP TABLE IF EXISTS Tornei CASCADE;

CREATE TABLE Tornei (
    IDTorneo integer NOT NULL,
    Nome varchar(20) NOT NULL,
    DataTorneo DATE NOT NULL,
    BuyIN integer NOT NULL,
    Premio integer NOT NULL,
    NomeSala varchar(10) NOT NULL,
    NumeroSala integer NOT NULL,
    IDGioco integer NOT NULL,
    PRIMARY KEY (IDTorneo),
    FOREIGN KEY (NomeSala) REFERENCES Sale(Nome) ON UPDATE CASCADE ON DELETE CASCADE,
    FOREIGN KEY (NumeroSala) REFERENCES Sale(Numero) ON UPDATE CASCADE ON DELETE CASCADE,
    FOREIGN KEY (IDGioco) REFERENCES Giochi(IDGioco) ON UPDATE CASCADE ON DELETE CASCADE
);

INSERT INTO Tornei(IDTorneo, Nome,DataTorneo,BuyIN,Premio,NomeSala,NumeroSala,IDGioco)
VALUES
    (1,'Italian Poker Tour', '2022-05-15',1000, 50000, 'Sala Rossa', 2,1);

DROP TABLE IF EXISTS Match CASCADE;

CREATE TABLE Match (
    IDMatch integer NOT NULL,
    IsFinal boolean NOT NULL,
    Ora TIME NOT NULL,
    IDTorneo integer NOT NULL,
    PRIMARY KEY (IDMatch),
    FOREIGN KEY (IDTorneo) REFERENCES Tornei(IDTorneo) ON UPDATE CASCADE ON DELETE CASCADE
);

INSERT INTO Match(IDMatch, IsFinal,Ora,IDTorneo)
VALUES
    (1, false, '15:00:00',1),
    (2, true, '18:00:00',1);

DROP TABLE IF EXISTS Disputano CASCADE;

CREATE TABLE Disputano (
    IDMatch integer NOT NULL,
    IDCliente integer NOT NULL,
    SaldoMano integer NOT NULL,
    FOREIGN KEY (IDMatch) REFERENCES Match(IDMatch) ON UPDATE CASCADE ON DELETE CASCADE,
    FOREIGN KEY (IDCliente) REFERENCES Clienti(IDCliente) ON UPDATE CASCADE ON DELETE CASCADE,
    PRIMARY KEY (IDMatch,IDCliente)
);

INSERT INTO Disputano(IDMatch, IDCliente,SaldoMano)
VALUES
    (1, 1, 2000),
    (1, 4, 2000),
    (1, 7, 2000),
    (1, 9, 2000),
    (1, 10, 2000),
    (1, 23, 2000),
    (2, 1, 0),
    (2, 4, 0),
    (2, 7, 0),
    (2, 9, 0),
    (2, 10, 0),
    (2, 23, 12000);


DROP TABLE IF EXISTS Regole CASCADE;

CREATE TABLE Regole (
    IDRegola integer NOT NULL,
    Nome varchar(40) NOT NULL,
    Descrizione varchar(300) NOT NULL,
    Penalità varchar(200) NOT NULL,
    PRIMARY KEY (IDRegola)
);

INSERT INTO Regole(IDRegola, Nome, Descrizione,Penalità)
VALUES
    (1, 'Carta Alta','Il principio della carta alta viene utilizzato per determinare quale combinazione è quella vincente a parità di mano, e se non è possibile stabilirlo allora il piatto viene ripartita tra i giocatori, in parti uguali.','Nessuna'),
    (2, 'Coppia','La coppia, nelle regole del poker, è la combinazione vincente di base e più semplice da ottenere, che si verifica quando un giocatore ha in mano due carte dello stesso valore e tre carte diverse e non abbinate.','Nessuna'),
    (3, 'Sorteggio del bottone',' La posizione al tavolo del bottone viene sorteggiata all’inizio del torneo e procede in senso orario ad ogni turno di gioco salvo eccezioni definite al successivo punto 2','Nessuna'),
    (4, 'Split','lo split trasforma una mano in due','Nessuna'),
    (5, 'Raddoppiare','ti permette di raddoppiare la tua scommessa iniziale','Nessuna'),
    (6, 'Resa','ti permette di abbandonare la tua mano e recuperare il 50% della tua scommessa iniziale','Nessuna'),
    (7, 'Numero secco','Puntare su un numero paga 35 a 1.','Nessuna'),
    (8, 'street','La puntata su tre numeri paga 11 a 1.','Nessuna'),
    (9, 'Puntatà massima','Possono essere puntati massimo 3000€','Nessuna');    

DROP TABLE IF EXISTS Regolamento CASCADE;

CREATE TABLE Regolamento (
    IDGioco integer NOT NULL,
    IDRegola integer NOT NULL,
    PRIMARY KEY (IDGioco,IDRegola),
    FOREIGN KEY (IDGioco) REFERENCES Giochi(IDGioco) ON UPDATE CASCADE ON DELETE CASCADE,
    FOREIGN KEY (IDRegola) REFERENCES Regole(IDRegola) ON UPDATE CASCADE ON DELETE CASCADE
);

INSERT INTO Regolamento(IDGioco,IDRegola)
VALUES
    (1,1),
    (1,2),
    (1,3),
    (2,4),
    (2,5),
    (2,6),
    (3,7),
    (3,8),
    (3,9);
    


DROP TABLE IF EXISTS Transazione CASCADE;
DROP TYPE IF EXISTS tipo_tx CASCADE;

CREATE TYPE tipo_tx AS ENUM ('Vincita', 'Perdita', 'Ricarica');

CREATE TABLE Transazione (
    IDTx integer NOT NULL,
    Tipo tipo_tx NOT NULL,
    TimestampTX TIMESTAMP NOT NULL,
    Importo integer NOT NULL,
    IDPostazione integer NOT NULL,
    IDCliente integer NOT NULL,
    PRIMARY KEY (IDTx),
    FOREIGN KEY (IDPostazione) REFERENCES Postazioni(Numero) ON UPDATE CASCADE ON DELETE CASCADE,
    FOREIGN KEY (IDCliente) REFERENCES Clienti(IDCliente) ON UPDATE CASCADE ON DELETE CASCADE
);

INSERT INTO Transazione(IDTx,Tipo,TimestampTX,Importo,IDPostazione,IDCliente)
VALUES
    (1, 'Vincita',   '2022-05-06 16:46:02', 12976, 7, 10),
    (2, 'Perdita',   '2022-05-02 19:34:20', 12179, 8, 4),
    (3, 'Perdita',   '2022-05-22 22:26:47', 34998, 3, 16),
    (4, 'Vincita',   '2022-04-15 19:25:17', 20482, 1, 22),
    (5, 'Perdita',   '2022-05-22 12:05:51', 45239, 7, 3),
    (6, 'Vincita',   '2022-04-10 14:42:56', 3478, 10, 1),
    (7, 'Vincita',   '2022-06-12 14:56:49', 47475, 4, 30),
    (8, 'Ricarica',  '2022-05-19 12:22:05', 9830, 2, 34),
    (9, 'Perdita',   '2022-06-25 11:34:39', 47344, 4, 25),
    (10, 'Perdita',  '2022-07-02 22:08:02', 34733, 9, 30),
    (11, 'Vincita',  '2022-04-22 16:19:20', 42141, 6, 24),
    (12, 'Ricarica', '2022-04-11 12:55:39', 38996, 10, 17),
    (13, 'Perdita',  '2022-07-03 18:34:49', 36409, 4, 29),
    (14, 'Perdita',  '2022-06-17 19:14:16', 29653, 7, 4),
    (15, 'Ricarica', '2022-06-22 22:35:00', 11591, 3, 11),
    (16, 'Ricarica', '2022-04-09 20:58:28', 2456, 6, 2),
    (17, 'Perdita',  '2022-04-29 10:30:18', 12671, 8, 30),
    (18, 'Vincita',  '2022-04-23 19:21:53', 14056, 7, 10),
    (19, 'Vincita',  '2022-05-12 21:33:15', 33966, 10, 16),
    (20, 'Perdita',  '2022-06-21 13:01:32', 13663, 8, 7),
    (21, 'Perdita',  '2022-06-21 22:17:22', 28752, 10, 19),
    (22, 'Ricarica', '2022-04-08 10:57:42', 4371, 6, 14),
    (23, 'Perdita',  '2022-04-23 20:25:44', 21849, 2, 13),
    (24, 'Perdita',  '2022-05-07 13:52:35', 38406, 4, 17),
    (25, 'Vincita',  '2022-05-10 23:24:20', 11332, 6, 24),
    (26, 'Perdita',  '2022-06-26 17:42:37', 12216, 3, 25),
    (27, 'Perdita',  '2022-06-20 14:45:59', 48778, 9, 1),
    (28, 'Ricarica', '2022-04-10 14:21:06', 2236, 9, 21),
    (29, 'Vincita',  '2022-06-09 10:58:14', 29097, 10, 13),
    (30, 'Ricarica', '2022-06-02 19:58:26', 30888, 9, 25),
    (31, 'Vincita',  '2022-06-04 12:42:26', 27687, 6, 30),
    (32, 'Perdita',  '2022-04-26 21:58:15', 16107, 5, 12),
    (33, 'Vincita',  '2022-05-07 17:04:15', 32007, 7, 2),
    (34, 'Perdita',  '2022-04-08 17:14:31', 34300, 4, 11),
    (35, 'Perdita',  '2022-06-28 21:47:13', 46445, 9, 10),
    (36, 'Ricarica', '2022-04-12 11:20:40', 31295, 2, 29),
    (37, 'Vincita',  '2022-05-30 17:24:42', 17883, 1, 24),
    (38, 'Ricarica', '2022-05-15 10:30:27', 19483, 2, 18),
    (39, 'Perdita',  '2022-07-06 19:10:21', 22444, 1, 14),
    (40, 'Perdita',  '2022-06-07 13:54:00', 6224, 10, 26),   
    (41, 'Perdita', '2021-11-17 14:34:11', 208289, 1, 27),
    (42, 'Vincita', '2021-12-16 04:09:36', 223875, 7, 12),
    (43, 'Ricarica', '2022-03-13 09:15:21', 18925, 6, 14),
    (44, 'Ricarica', '2022-02-24 20:33:29', 7993, 8, 4),
    (45, 'Vincita', '2021-10-01 06:44:16', 11538, 1, 6),
    (46, 'Vincita', '2021-08-15 15:45:04', 20099, 3, 37),
    (47, 'Vincita', '2021-06-23 11:36:55', 27079, 8, 5),
    (48, 'Ricarica', '2021-07-20 10:33:48', 21741, 5, 36),
    (49, 'Vincita', '2021-10-20 23:50:32', 88126, 3, 11),
    (50, 'Perdita', '2021-06-16 09:38:03', 120863, 11, 47),
    (51, 'Vincita', '2021-11-24 22:32:08', 214959, 6, 18),
    (52, 'Perdita', '2022-01-28 00:49:57', 75014, 10, 11),
    (53, 'Vincita', '2021-06-13 18:36:11', 104911, 9, 34),
    (54, 'Vincita', '2021-08-25 20:58:22', 1539, 1, 41),
    (55, 'Ricarica', '2021-08-28 20:48:06', 88163, 1, 17),
    (56, 'Ricarica', '2021-08-09 15:21:22', 14400, 9, 46),
    (57, 'Perdita', '2022-01-18 17:43:14', 144787, 9, 30),
    (58, 'Perdita', '2021-08-24 12:31:20', 29617, 6, 6),
    (59, 'Vincita', '2022-01-26 07:54:54', 25141, 11, 1),
    (60, 'Vincita', '2021-08-22 05:13:06', 139651, 7, 15),
    (61, 'Vincita', '2021-05-09 01:12:57', 188569, 4, 26),
    (62, 'Vincita', '2021-12-20 01:54:21', 200612, 5, 29),
    (63, 'Vincita', '2021-12-08 05:30:59', 72936, 7, 9),
    (64, 'Perdita', '2021-12-19 03:32:01', 44009, 10, 27),
    (65, 'Vincita', '2022-01-02 02:03:22', 76951, 4, 41),
    (66, 'Vincita', '2021-06-15 04:14:57', 237969, 4, 8),
    (67, 'Perdita', '2021-06-01 01:15:01', 151000, 3, 44),
    (68, 'Vincita', '2022-03-05 17:08:37', 71423, 10, 26),
    (69, 'Perdita', '2021-09-01 20:56:59', 35042, 1, 12),
    (70, 'Vincita', '2022-04-02 22:13:15', 177584, 6, 34),
    (71, 'Ricarica', '2021-10-12 04:27:40', 214212, 4, 30),
    (72, 'Ricarica', '2021-09-27 08:52:14', 185503, 11, 13),
    (73, 'Ricarica', '2021-09-25 17:04:29', 7093, 9, 49),
    (74, 'Vincita', '2021-12-15 21:24:07', 117468, 11, 27),
    (75, 'Ricarica', '2022-01-17 10:31:20', 205921, 9, 48),
    (76, 'Vincita', '2021-07-10 16:49:48', 210454, 7, 40),
    (77, 'Perdita', '2021-10-21 23:22:13', 159993, 4, 35),
    (78, 'Ricarica', '2021-05-26 04:02:32', 200369, 8, 41),
    (79, 'Ricarica', '2021-05-26 00:33:18', 154452, 3, 29),
    (80, 'Perdita', '2021-06-17 14:32:47', 78987, 2, 28),
    (81, 'Perdita', '2021-05-19 17:36:46', 74421, 4, 48),
    (82, 'Ricarica', '2021-05-13 19:01:09', 6530, 7, 14),
    (83, 'Ricarica', '2021-06-05 12:22:41', 101004, 11, 22),
    (84, 'Perdita', '2021-09-30 19:06:39', 165960, 3, 30),
    (85, 'Ricarica', '2021-05-30 16:52:18', 107144, 4, 33),
    (86, 'Ricarica', '2021-11-06 09:42:28', 214982, 2, 10),
    (87, 'Vincita', '2022-01-18 16:23:10', 34628, 10, 8),
    (88, 'Ricarica', '2022-02-07 17:30:57', 166463, 11, 21),
    (89, 'Perdita', '2021-10-08 08:59:35', 157000, 5, 20),
    (90, 'Perdita', '2021-08-22 15:25:25', 174050, 8, 2),
    (91, 'Ricarica', '2022-01-16 09:03:01', 168508, 7, 28),
    (92, 'Vincita', '2021-10-13 03:10:47', 59531, 10, 20),
    (93, 'Vincita', '2021-10-19 04:38:33', 164490, 10, 15),
    (94, 'Vincita', '2021-11-02 17:21:37', 181923, 4, 13),
    (95, 'Vincita', '2021-09-21 16:46:43', 115625, 7, 13),
    (96, 'Ricarica', '2021-09-26 23:28:31', 92008, 2, 44),
    (97, 'Perdita', '2021-11-07 21:42:59', 126569, 1, 45),
    (98, 'Vincita', '2021-08-03 10:57:39', 122754, 1, 37),
    (99, 'Ricarica', '2021-09-13 12:07:33', 189527, 10, 49),
    (100, 'Vincita', '2021-07-02 18:37:43', 198072, 4, 21),
    (101, 'Ricarica', '2022-01-26 14:02:19', 1672, 7, 5),
    (102, 'Perdita', '2022-03-19 20:08:26', 27971, 2, 5),
    (103, 'Vincita', '2021-05-17 16:44:06', 81392, 3, 41),
    (104, 'Perdita', '2022-01-24 06:06:26', 189317, 7, 34),
    (105, 'Ricarica', '2022-03-06 04:35:59', 63351, 1, 23),
    (106, 'Perdita', '2021-07-20 18:51:56', 179205, 4, 2),
    (107, 'Vincita', '2021-09-14 15:05:34', 200452, 5, 30),
    (108, 'Ricarica', '2021-10-09 07:09:24', 154814, 10, 7),
    (109, 'Ricarica', '2022-03-29 07:39:20', 126928, 2, 33),
    (110, 'Ricarica', '2021-11-04 08:03:06', 103321, 9, 30),
    (111, 'Perdita', '2021-10-15 07:55:53', 134956, 5, 37),
    (112, 'Ricarica', '2021-11-20 01:39:55', 143903, 4, 2),
    (113, 'Vincita', '2022-01-21 03:12:55', 230227, 7, 39),
    (114, 'Ricarica', '2021-06-15 03:26:07', 163488, 9, 33),
    (115, 'Ricarica', '2021-09-24 20:15:02', 114021, 1, 25),
    (116, 'Vincita', '2021-07-18 14:45:17', 227539, 5, 42),
    (117, 'Perdita', '2021-05-06 15:01:47', 133448, 10, 15),
    (118, 'Ricarica', '2022-01-02 12:22:41', 97215, 7, 36),
    (119, 'Ricarica', '2021-11-02 11:37:18', 169603, 4, 7),
    (120, 'Ricarica', '2021-09-16 17:42:28', 111567, 3, 45),
    (121, 'Perdita', '2021-11-10 13:25:13', 3788, 4, 50),
    (122, 'Perdita', '2021-07-13 07:23:15', 121633, 7, 34),
    (123, 'Vincita', '2021-12-25 22:31:15', 526, 10, 36),
    (124, 'Vincita', '2021-10-25 20:48:23', 46852, 1, 45),
    (125, 'Ricarica', '2021-11-26 12:33:42', 177002, 10, 50),
    (126, 'Vincita', '2021-09-29 09:04:33', 97453, 9, 40),
    (127, 'Ricarica', '2021-12-24 21:11:09', 145841, 5, 14),
    (128, 'Vincita', '2021-07-02 23:12:12', 149347, 7, 48),
    (129, 'Vincita', '2022-03-20 19:16:55', 150133, 2, 40),
    (130, 'Ricarica', '2021-09-27 10:15:11', 81136, 3, 38),
    (131, 'Perdita', '2021-11-24 14:11:04', 160566, 9, 40),
    (132, 'Perdita', '2021-06-26 08:15:16', 234467, 1, 42),
    (133, 'Ricarica', '2021-08-15 22:13:03', 46202, 2, 6),
    (134, 'Perdita', '2021-12-21 13:46:02', 107505, 2, 39),
    (135, 'Perdita', '2021-09-16 01:28:38', 226745, 11, 2),
    (136, 'Ricarica', '2021-10-01 16:55:55', 242103, 2, 5),
    (137, 'Ricarica', '2021-10-05 06:40:25', 123436, 4, 35),
    (138, 'Perdita', '2022-03-22 17:21:12', 170491, 3, 6),
    (139, 'Perdita', '2021-12-22 01:15:28', 125651, 6, 2),
    (140, 'Vincita', '2022-03-31 21:17:26', 125390, 6, 38),
    (141, 'Perdita', '2021-07-25 02:07:23', 96875, 6, 3),
    (142, 'Vincita', '2021-10-24 01:26:28', 243335, 9, 31),
    (143, 'Ricarica', '2022-03-30 14:07:54', 187394, 4, 13),
    (144, 'Ricarica', '2021-06-20 14:02:25', 22342, 1, 40),
    (145, 'Perdita', '2021-10-20 14:34:41', 18053, 10, 43),
    (146, 'Ricarica', '2022-01-09 13:24:08', 196371, 3, 44),
    (147, 'Vincita', '2021-12-06 20:20:07', 124898, 7, 47),
    (148, 'Vincita', '2021-12-21 02:31:31', 72946, 11, 26),
    (149, 'Ricarica', '2021-12-15 21:00:18', 117642, 7, 25),
    (150, 'Vincita', '2021-05-23 11:33:38', 161847, 8, 26),
    (151, 'Ricarica', '2021-08-21 20:56:33', 23368, 6, 45),
    (152, 'Ricarica', '2021-05-13 11:07:33', 84544, 1, 38),
    (153, 'Vincita', '2021-12-22 06:58:03', 109571, 10, 23),
    (154, 'Ricarica', '2021-08-01 02:41:40', 194088, 7, 50),
    (155, 'Vincita', '2021-05-20 09:32:00', 223094, 9, 37),
    (156, 'Ricarica', '2021-08-14 18:03:38', 157767, 9, 9),
    (157, 'Ricarica', '2022-01-14 21:44:26', 3424, 5, 28),
    (158, 'Ricarica', '2021-11-12 19:06:53', 72680, 11, 19),
    (159, 'Ricarica', '2021-07-28 18:34:23', 30544, 3, 11),
    (160, 'Perdita', '2022-03-01 00:49:53', 157567, 6, 31),
    (161, 'Vincita', '2021-12-04 17:09:51', 76221, 5, 4),
    (162, 'Ricarica', '2021-11-30 21:39:59', 30560, 3, 33),
    (163, 'Vincita', '2021-06-06 06:24:22', 102993, 7, 8),
    (164, 'Ricarica', '2021-11-03 04:35:27', 186859, 3, 22),
    (165, 'Perdita', '2022-02-15 10:32:00', 223492, 10, 2),
    (166, 'Vincita', '2021-09-27 15:02:34', 130793, 8, 44),
    (167, 'Ricarica', '2022-03-23 16:18:42', 135391, 9, 33),
    (168, 'Ricarica', '2022-02-08 00:46:22', 113972, 7, 38),
    (169, 'Ricarica', '2021-08-19 02:43:15', 196559, 5, 45),
    (170, 'Ricarica', '2022-02-09 18:18:44', 7177, 8, 12),
    (171, 'Perdita', '2021-09-17 08:25:33', 133714, 10, 18),
    (172, 'Ricarica', '2022-02-26 06:21:14', 12042, 10, 18),
    (173, 'Perdita', '2021-09-10 22:34:30', 107787, 4, 28),
    (174, 'Perdita', '2021-10-14 05:04:33', 90735, 5, 7),
    (175, 'Perdita', '2021-08-27 02:33:10', 7432, 6, 41),
    (176, 'Perdita', '2021-07-22 23:09:52', 139996, 5, 47),
    (177, 'Vincita', '2021-07-28 05:30:34', 66737, 11, 19),
    (178, 'Perdita', '2022-02-10 21:31:11', 56224, 11, 22),
    (179, 'Perdita', '2021-06-18 23:11:41', 53004, 2, 41),
    (180, 'Perdita', '2021-06-19 10:48:52', 229985, 4, 19),
    (181, 'Ricarica', '2021-09-23 00:20:14', 172204, 4, 22),
    (182, 'Ricarica', '2021-05-26 16:56:45', 80657, 11, 39),
    (183, 'Ricarica', '2022-01-04 11:42:33', 157202, 8, 23),
    (184, 'Ricarica', '2022-01-05 09:51:56', 145336, 8, 19),
    (185, 'Perdita', '2022-01-06 10:23:25', 84009, 9, 48),
    (186, 'Ricarica', '2021-05-18 16:11:22', 54945, 2, 30),
    (187, 'Ricarica', '2021-06-30 08:37:49', 158717, 11, 27),
    (188, 'Vincita', '2021-09-30 02:45:15', 182698, 1, 32),
    (189, 'Vincita', '2021-12-24 13:16:17', 74647, 3, 12),
    (190, 'Vincita', '2021-07-26 06:13:11', 62851, 10, 20),
    (191, 'Ricarica', '2021-07-23 16:16:51', 191344, 6, 23),
    (192, 'Ricarica', '2022-02-23 23:42:59', 243828, 6, 15),
    (193, 'Perdita', '2021-06-27 17:07:07', 140788, 4, 19),
    (194, 'Perdita', '2021-11-05 20:12:47', 156170, 3, 28),
    (195, 'Vincita', '2021-07-24 04:26:39', 247986, 9, 14),
    (196, 'Perdita', '2022-02-28 01:28:41', 11835, 6, 14),
    (197, 'Vincita', '2021-09-09 13:33:02', 120818, 4, 34),
    (198, 'Ricarica', '2022-02-06 10:10:55', 177616, 4, 42),
    (199, 'Perdita', '2022-03-02 04:40:13', 27919, 9, 36),
    (200, 'Perdita', '2021-10-10 22:34:11', 226218, 2, 6),
    (201, 'Vincita', '2022-03-22 01:37:24', 23, 6, 4),
    (202, 'Ricarica', '2021-08-01 22:43:28', 67863, 5, 41),
    (203, 'Vincita', '2021-11-05 10:29:50', 200894, 7, 30),
    (204, 'Ricarica', '2021-12-08 02:58:47', 92611, 8, 43),
    (205, 'Vincita', '2021-07-28 23:27:55', 181056, 9, 29),
    (206, 'Perdita', '2021-08-02 17:53:51', 67559, 5, 16),
    (207, 'Ricarica', '2022-02-06 07:57:59', 205953, 5, 22),
    (208, 'Ricarica', '2022-01-25 03:28:39', 112406, 10, 12),
    (209, 'Vincita', '2022-01-03 11:59:11', 182146, 9, 1),
    (210, 'Perdita', '2021-12-18 15:57:12', 231552, 10, 11),
    (211, 'Perdita', '2021-08-24 13:14:12', 39161, 5, 36),
    (212, 'Vincita', '2022-02-22 23:52:31', 57441, 1, 40),
    (213, 'Vincita', '2021-06-11 19:52:49', 177230, 6, 1),
    (214, 'Perdita', '2021-05-15 03:04:30', 114575, 5, 7),
    (215, 'Ricarica', '2022-03-16 20:41:21', 136404, 11, 8),
    (216, 'Ricarica', '2021-12-25 04:36:33', 188080, 10, 11),
    (217, 'Ricarica', '2021-12-13 20:07:55', 23391, 8, 27),
    (218, 'Vincita', '2022-03-22 00:44:23', 122363, 8, 2),
    (219, 'Perdita', '2021-12-10 19:03:57', 203746, 9, 28),
    (220, 'Vincita', '2022-02-28 20:24:54', 55740, 4, 19),
    (221, 'Ricarica', '2022-03-09 20:25:27', 18016, 5, 45),
    (222, 'Perdita', '2021-08-04 22:38:15', 36299, 10, 24),
    (223, 'Ricarica', '2022-01-16 22:41:25', 62987, 11, 22),
    (224, 'Perdita', '2022-02-04 22:46:21', 72396, 6, 39),
    (225, 'Ricarica', '2021-09-24 07:28:19', 183547, 4, 33),
    (226, 'Vincita', '2021-06-28 21:34:20', 41476, 6, 17),
    (227, 'Ricarica', '2021-06-13 21:35:45', 231025, 4, 10),
    (228, 'Perdita', '2021-12-20 18:06:43', 206663, 8, 23),
    (229, 'Perdita', '2022-02-25 07:18:56', 55535, 6, 41),
    (230, 'Vincita', '2021-07-18 13:01:02', 5329, 4, 9),
    (231, 'Ricarica', '2022-01-18 08:27:27', 136664, 3, 20),
    (232, 'Vincita', '2021-12-11 22:42:25', 131025, 10, 25),
    (233, 'Ricarica', '2021-07-14 01:26:27', 37098, 5, 37),
    (234, 'Vincita', '2021-06-21 20:12:03', 97626, 7, 14),
    (235, 'Perdita', '2021-10-30 17:59:55', 162985, 2, 41),
    (236, 'Perdita', '2022-02-11 07:07:44', 212629, 1, 38),
    (237, 'Perdita', '2021-07-22 17:21:25', 236494, 6, 39),
    (238, 'Ricarica', '2021-12-23 09:33:39', 84940, 7, 45),
    (239, 'Ricarica', '2021-06-05 18:30:36', 56431, 4, 21),
    (240, 'Vincita', '2021-11-11 07:09:17', 74785, 11, 44),
    (241, 'Perdita', '2021-12-01 16:20:04', 32336, 1, 14),
    (242, 'Perdita', '2021-12-26 13:25:52', 239751, 2, 43),
    (243, 'Vincita', '2021-07-24 19:48:50', 32377, 6, 24),
    (244, 'Perdita', '2022-03-13 21:45:50', 10408, 5, 18),
    (245, 'Perdita', '2022-01-23 00:06:25', 91024, 3, 43),
    (246, 'Perdita', '2021-08-23 00:14:04', 62258, 4, 32),
    (247, 'Vincita', '2021-08-12 18:21:33', 227834, 4, 35),
    (248, 'Perdita', '2021-06-17 18:15:53', 51461, 11, 42),
    (249, 'Perdita', '2021-08-28 04:34:21', 73430, 2, 50),
    (250, 'Ricarica', '2021-06-11 15:04:28', 194919, 5, 7),
    (251, 'Perdita', '2022-02-12 23:44:35', 53273, 4, 25),
    (252, 'Ricarica', '2021-10-04 10:10:20', 2801, 4, 4),
    (253, 'Perdita', '2022-03-16 19:45:58', 1983, 4, 3),
    (254, 'Ricarica', '2021-10-02 21:51:42', 178158, 5, 31),
    (255, 'Perdita', '2021-05-12 09:19:46', 111266, 7, 49),
    (256, 'Ricarica', '2022-01-05 09:36:51', 247212, 5, 11),
    (257, 'Vincita', '2022-02-05 20:28:39', 240065, 11, 35),
    (258, 'Perdita', '2021-11-18 01:42:22', 188868, 8, 32),
    (259, 'Vincita', '2021-11-02 13:22:13', 34079, 1, 2),
    (260, 'Vincita', '2021-11-21 16:12:28', 46516, 3, 43),
    (261, 'Perdita', '2021-06-18 09:16:11', 135237, 4, 11),
    (262, 'Vincita', '2021-10-31 11:36:44', 61582, 4, 20),
    (263, 'Vincita', '2021-06-10 03:28:23', 99370, 9, 46),
    (264, 'Vincita', '2021-09-21 06:23:35', 249029, 11, 4),
    (265, 'Ricarica', '2022-02-13 22:50:51', 106372, 11, 26),
    (266, 'Vincita', '2021-09-30 20:49:01', 185843, 5, 36),
    (267, 'Perdita', '2021-08-03 19:08:10', 227832, 10, 12),
    (268, 'Ricarica', '2022-03-26 20:47:56', 169948, 9, 11),
    (269, 'Vincita', '2021-11-05 23:05:03', 65166, 11, 33),
    (270, 'Vincita', '2021-05-18 01:36:28', 129299, 9, 4),
    (271, 'Ricarica', '2021-08-04 20:23:22', 85909, 3, 36),
    (272, 'Perdita', '2021-09-22 03:44:52', 154561, 8, 9),
    (273, 'Perdita', '2022-01-25 02:19:31', 193759, 7, 49),
    (274, 'Perdita', '2021-10-12 03:39:57', 155548, 8, 9),
    (275, 'Ricarica', '2021-08-18 21:57:40', 9187, 8, 5),
    (276, 'Vincita', '2022-03-11 04:35:52', 214432, 1, 20),
    (277, 'Vincita', '2021-08-04 15:27:56', 114085, 11, 16),
    (278, 'Vincita', '2021-07-25 09:43:27', 185343, 4, 35),
    (279, 'Vincita', '2021-07-10 20:01:11', 39168, 10, 9),
    (280, 'Vincita', '2022-01-14 12:55:20', 68745, 9, 50),
    (281, 'Vincita', '2022-01-23 10:11:46', 149755, 8, 35),
    (282, 'Vincita', '2021-09-08 03:42:01', 107143, 1, 8),
    (283, 'Vincita', '2021-12-15 06:53:38', 10798, 1, 4),
    (284, 'Vincita', '2022-03-13 12:16:22', 12339, 10, 42),
    (285, 'Vincita', '2021-12-22 17:56:45', 92830, 7, 20),
    (286, 'Vincita', '2021-06-01 07:31:48', 126447, 11, 5),
    (287, 'Perdita', '2021-11-09 00:17:32', 171866, 7, 48),
    (288, 'Vincita', '2021-08-17 14:55:24', 58343, 6, 34),
    (289, 'Perdita', '2021-07-08 05:40:31', 152899, 3, 48),
    (290, 'Perdita', '2022-03-04 11:24:28', 117623, 11, 39),
    (291, 'Perdita', '2021-08-17 05:48:16', 115485, 11, 10),
    (292, 'Perdita', '2021-11-07 23:45:23', 165794, 4, 32),
    (293, 'Perdita', '2022-02-17 14:21:45', 230647, 6, 29),
    (294, 'Perdita', '2021-08-03 23:54:54', 140303, 6, 32),
    (295, 'Vincita', '2021-07-14 15:16:16', 95245, 1, 5),
    (296, 'Ricarica', '2021-09-11 21:02:32', 185028, 2, 48),
    (297, 'Perdita', '2021-07-27 07:20:37', 191057, 5, 3),
    (298, 'Ricarica', '2021-12-23 16:44:53', 91336, 7, 27),
    (299, 'Vincita', '2022-02-10 14:07:37', 40668, 8, 6),
    (300, 'Perdita', '2021-08-23 08:27:51', 29789, 2, 30),
    (301, 'Vincita', '2021-05-30 21:26:57', 233028, 11, 26),
    (302, 'Perdita', '2021-08-15 01:30:25', 93079, 3, 22),
    (303, 'Ricarica', '2021-06-01 17:31:09', 10090, 9, 11),
    (304, 'Ricarica', '2021-10-13 06:41:07', 208279, 9, 29),
    (305, 'Perdita', '2022-01-15 01:01:04', 102723, 11, 7),
    (306, 'Perdita', '2021-07-02 00:08:27', 51339, 8, 3),
    (307, 'Vincita', '2021-12-17 10:52:41', 44541, 3, 43),
    (308, 'Vincita', '2021-10-05 08:20:31', 37299, 4, 32),
    (309, 'Vincita', '2021-08-22 03:29:22', 122749, 11, 33),
    (310, 'Ricarica', '2022-01-07 19:54:29', 12810, 2, 16),
    (311, 'Vincita', '2022-04-04 07:55:07', 1815, 6, 47),
    (312, 'Ricarica', '2021-09-24 01:18:40', 26067, 7, 48),
    (313, 'Perdita', '2021-12-11 18:24:23', 105003, 11, 18),
    (314, 'Vincita', '2022-01-24 12:50:18', 88706, 10, 11),
    (315, 'Vincita', '2021-06-10 11:45:50', 103131, 5, 31),
    (316, 'Vincita', '2021-07-24 00:43:27', 66389, 1, 35),
    (317, 'Ricarica', '2022-04-01 10:27:23', 62117, 1, 14),
    (318, 'Perdita', '2022-02-17 03:28:49', 242806, 9, 44),
    (319, 'Vincita', '2022-02-22 23:41:22', 9612, 4, 37),
    (320, 'Vincita', '2021-08-06 12:47:21', 58628, 6, 11),
    (321, 'Perdita', '2021-06-22 08:53:03', 3829, 8, 18),
    (322, 'Vincita', '2021-05-08 15:09:43', 162232, 9, 13),
    (323, 'Perdita', '2021-06-18 22:11:57', 174668, 8, 23),
    (324, 'Vincita', '2021-10-15 20:21:49', 243465, 10, 3),
    (325, 'Vincita', '2021-11-27 20:14:51', 129214, 5, 41),
    (326, 'Perdita', '2022-02-11 09:31:30', 138624, 5, 36),
    (327, 'Ricarica', '2021-08-13 05:15:28', 127183, 11, 44),
    (328, 'Perdita', '2021-05-15 09:31:58', 233952, 4, 50),
    (329, 'Ricarica', '2021-07-25 12:57:44', 187883, 5, 12),
    (330, 'Vincita', '2021-07-14 22:19:58', 89200, 3, 47),
    (331, 'Perdita', '2021-07-31 14:04:44', 164103, 4, 50),
    (332, 'Vincita', '2022-03-19 22:21:37', 221341, 2, 45),
    (333, 'Ricarica', '2022-02-01 06:54:56', 219428, 7, 13),
    (334, 'Perdita', '2021-11-14 20:28:14', 94432, 10, 47),
    (335, 'Perdita', '2021-10-04 15:46:43', 117078, 1, 38),
    (336, 'Ricarica', '2022-01-19 19:11:02', 233428, 11, 26),
    (337, 'Vincita', '2021-11-04 14:34:49', 234852, 9, 32),
    (338, 'Ricarica', '2021-07-20 15:30:53', 198224, 4, 15),
    (339, 'Vincita', '2021-06-14 20:18:33', 4864, 7, 17),
    (340, 'Vincita', '2022-03-29 14:15:40', 13000, 10, 35),
    (341, 'Perdita', '2021-06-16 11:26:48', 28928, 8, 24),
    (342, 'Perdita', '2021-07-16 15:24:12', 77700, 10, 23),
    (343, 'Ricarica', '2021-12-10 15:15:16', 162887, 2, 44),
    (344, 'Perdita', '2021-06-03 12:01:49', 64360, 6, 4),
    (345, 'Ricarica', '2021-06-24 09:35:29', 116202, 8, 43),
    (346, 'Perdita', '2021-06-26 04:40:35', 91859, 3, 25),
    (347, 'Ricarica', '2021-09-22 03:36:02', 92245, 11, 7),
    (348, 'Perdita', '2021-05-20 13:09:25', 117528, 10, 16),
    (349, 'Ricarica', '2022-03-28 00:34:34', 127011, 11, 47),
    (350, 'Ricarica', '2021-08-28 02:36:46', 182459, 1, 44),
    (351, 'Perdita', '2021-08-25 07:39:25', 200572, 8, 36),
    (352, 'Perdita', '2021-08-09 15:55:15', 211995, 10, 2),
    (353, 'Ricarica', '2022-02-04 22:16:57', 106810, 9, 19),
    (354, 'Perdita', '2021-09-22 00:44:33', 240758, 9, 48),
    (355, 'Ricarica', '2021-10-17 12:49:46', 187232, 3, 14),
    (356, 'Ricarica', '2021-11-25 20:05:38', 199134, 9, 42),
    (357, 'Vincita', '2021-07-26 15:12:45', 39702, 9, 40),
    (358, 'Perdita', '2022-02-20 13:08:51', 210758, 3, 20),
    (359, 'Vincita', '2021-11-01 12:39:30', 68343, 11, 29),
    (360, 'Vincita', '2022-01-31 15:40:12', 157001, 3, 30),
    (361, 'Perdita', '2021-12-16 14:00:34', 67273, 6, 46),
    (362, 'Vincita', '2022-01-06 23:51:35', 160864, 4, 7),
    (363, 'Perdita', '2021-10-05 15:54:53', 184379, 2, 4),
    (364, 'Ricarica', '2022-02-10 05:09:13', 11334, 9, 40),
    (365, 'Vincita', '2022-01-16 01:10:11', 109577, 7, 17),
    (366, 'Vincita', '2022-04-05 07:03:37', 160023, 4, 30),
    (367, 'Ricarica', '2021-08-28 06:19:00', 17904, 5, 17),
    (368, 'Vincita', '2021-08-09 11:23:45', 162136, 7, 30),
    (369, 'Vincita', '2022-02-15 15:26:34', 165272, 1, 21),
    (370, 'Perdita', '2021-09-04 23:04:52', 3970, 10, 36),
    (371, 'Vincita', '2021-07-24 04:57:32', 160637, 11, 10),
    (372, 'Vincita', '2022-03-04 23:38:02', 194215, 9, 6),
    (373, 'Perdita', '2021-07-02 16:07:01', 174580, 10, 25),
    (374, 'Vincita', '2021-12-03 20:27:18', 145728, 11, 41),
    (375, 'Vincita', '2021-06-08 04:30:20', 245592, 10, 29),
    (376, 'Ricarica', '2022-03-13 13:36:54', 187825, 1, 5),
    (377, 'Vincita', '2021-07-22 01:11:19', 69714, 4, 40),
    (378, 'Vincita', '2021-06-24 07:43:29', 205805, 2, 33),
    (379, 'Perdita', '2021-08-04 17:20:44', 73989, 10, 50),
    (380, 'Ricarica', '2022-03-07 23:20:00', 245845, 11, 45),
    (381, 'Vincita', '2022-01-05 21:25:48', 209993, 3, 30),
    (382, 'Perdita', '2022-03-04 18:25:47', 217122, 7, 4),
    (383, 'Perdita', '2021-12-03 00:08:59', 155289, 4, 11),
    (384, 'Perdita', '2021-06-14 18:43:50', 26853, 9, 43),
    (385, 'Vincita', '2022-03-23 22:10:15', 197672, 1, 9),
    (386, 'Vincita', '2022-02-03 02:10:54', 175838, 11, 2),
    (387, 'Vincita', '2021-06-16 14:00:57', 135073, 6, 28),
    (388, 'Perdita', '2021-08-08 01:58:17', 148682, 8, 26),
    (389, 'Ricarica', '2021-07-15 04:59:04', 136551, 10, 37),
    (390, 'Vincita', '2022-03-15 09:50:19', 15958, 8, 47),
    (391, 'Ricarica', '2021-07-19 00:55:05', 60700, 6, 18),
    (392, 'Perdita', '2021-12-20 16:04:12', 187952, 9, 41),
    (393, 'Vincita', '2021-08-10 05:35:39', 229971, 3, 45),
    (394, 'Ricarica', '2021-11-18 05:11:58', 206605, 1, 3),
    (395, 'Perdita', '2022-03-06 16:23:42', 49252, 6, 33),
    (396, 'Vincita', '2022-01-05 14:19:25', 192959, 7, 17),
    (397, 'Vincita', '2022-01-02 07:38:04', 20506, 5, 29),
    (398, 'Perdita', '2021-09-20 17:28:18', 184821, 10, 19),
    (399, 'Perdita', '2021-05-25 08:59:18', 143314, 2, 19),
    (400, 'Perdita', '2022-01-07 23:03:49', 18834, 5, 10),
    (401, 'Ricarica', '2021-09-19 13:13:31', 109182, 1, 36),
    (402, 'Ricarica', '2021-10-02 23:38:44', 14721, 6, 39),
    (403, 'Ricarica', '2021-10-23 09:06:43', 11765, 3, 20),
    (404, 'Vincita', '2021-05-25 19:56:15', 199755, 3, 22),
    (405, 'Ricarica', '2021-10-31 23:24:12', 1945, 10, 46),
    (406, 'Ricarica', '2021-05-24 02:26:58', 132220, 9, 2),
    (407, 'Vincita', '2022-01-10 13:45:38', 192178, 6, 22),
    (408, 'Ricarica', '2021-10-06 15:25:06', 101583, 5, 23),
    (409, 'Vincita', '2022-02-25 08:34:42', 175270, 1, 33),
    (410, 'Perdita', '2021-08-26 23:16:28', 212124, 5, 50),
    (411, 'Perdita', '2022-01-25 13:40:41', 146317, 6, 48),
    (412, 'Perdita', '2021-08-18 02:46:10', 139359, 7, 50),
    (413, 'Vincita', '2022-03-18 08:40:46', 24841, 7, 35),
    (414, 'Vincita', '2022-01-07 08:04:32', 50797, 4, 44),
    (415, 'Perdita', '2022-02-08 19:39:42', 238115, 8, 32),
    (416, 'Vincita', '2021-05-12 09:38:10', 66706, 5, 40),
    (417, 'Vincita', '2022-02-04 04:57:30', 106922, 3, 33),
    (418, 'Perdita', '2022-01-28 08:26:29', 32865, 10, 39),
    (419, 'Perdita', '2022-02-21 23:50:14', 85838, 8, 6),
    (420, 'Vincita', '2021-05-07 01:34:02', 115175, 2, 39),
    (421, 'Vincita', '2021-09-29 16:28:17', 11684, 11, 46),
    (422, 'Ricarica', '2021-12-24 21:24:26', 60253, 11, 25),
    (423, 'Ricarica', '2021-08-18 16:24:06', 151674, 6, 48),
    (424, 'Perdita', '2022-03-11 06:52:03', 156257, 10, 47),
    (425, 'Ricarica', '2021-11-28 18:45:54', 129360, 8, 6),
    (426, 'Ricarica', '2021-11-08 13:45:29', 213471, 10, 48),
    (427, 'Perdita', '2021-12-15 01:04:00', 91069, 1, 16),
    (428, 'Perdita', '2022-03-21 01:45:04', 175587, 6, 22),
    (429, 'Ricarica', '2021-07-12 23:29:12', 147753, 5, 31),
    (430, 'Vincita', '2022-02-06 03:18:49', 73109, 6, 15),
    (431, 'Ricarica', '2022-01-18 23:05:57', 59346, 10, 22),
    (432, 'Vincita', '2021-08-06 01:20:49', 201953, 5, 28),
    (433, 'Ricarica', '2021-10-04 09:13:45', 65222, 8, 18),
    (434, 'Vincita', '2021-12-27 08:47:22', 135618, 6, 5),
    (435, 'Perdita', '2021-12-05 11:26:28', 193546, 1, 28),
    (436, 'Perdita', '2021-11-02 03:23:58', 36519, 9, 50),
    (437, 'Ricarica', '2021-05-21 17:53:31', 112387, 6, 35),
    (438, 'Ricarica', '2021-08-29 01:16:24', 132176, 5, 44),
    (439, 'Perdita', '2021-06-05 05:03:42', 34936, 1, 43),
    (440, 'Ricarica', '2021-05-20 20:50:51', 232416, 10, 27),
    (441, 'Vincita', '2021-07-05 21:43:59', 47515, 11, 42),
    (442, 'Vincita', '2021-07-25 07:31:01', 180372, 2, 35),
    (443, 'Vincita', '2021-09-20 00:39:07', 161147, 11, 40),
    (444, 'Vincita', '2021-08-02 03:38:22', 193664, 2, 11),
    (445, 'Vincita', '2021-11-15 07:51:05', 182640, 2, 38),
    (446, 'Ricarica', '2021-07-16 21:01:37', 27414, 6, 44),
    (447, 'Ricarica', '2021-11-10 01:38:34', 152360, 10, 49),
    (448, 'Perdita', '2021-05-29 23:44:19', 172736, 4, 16),
    (449, 'Vincita', '2021-10-17 15:46:53', 94658, 3, 38),
    (450, 'Vincita', '2021-08-13 00:52:04', 232381, 10, 49),
    (451, 'Perdita', '2021-07-02 04:26:52', 37191, 6, 45),
    (452, 'Vincita', '2022-02-18 15:28:47', 114724, 10, 39),
    (453, 'Perdita', '2022-02-08 05:17:54', 111587, 2, 27),
    (454, 'Perdita', '2021-06-01 12:54:14', 102175, 6, 20),
    (455, 'Perdita', '2021-10-29 15:49:31', 67905, 5, 37),
    (456, 'Ricarica', '2021-05-26 19:24:29', 249469, 1, 31),
    (457, 'Vincita', '2021-10-10 16:53:16', 94448, 1, 34),
    (458, 'Vincita', '2021-07-01 09:14:50', 53930, 5, 47),
    (459, 'Perdita', '2021-08-05 15:06:03', 21674, 4, 12),
    (460, 'Ricarica', '2021-05-06 11:51:24', 66896, 11, 22),
    (461, 'Perdita', '2022-02-03 07:14:45', 131793, 9, 32),
    (462, 'Ricarica', '2021-07-23 03:35:34', 107507, 6, 6),
    (463, 'Perdita', '2021-10-05 06:34:59', 65457, 1, 26),
    (464, 'Perdita', '2021-09-07 15:29:26', 232634, 6, 24),
    (465, 'Vincita', '2021-11-07 01:11:39', 186176, 2, 11),
    (466, 'Vincita', '2021-10-08 17:12:26', 19229, 6, 40),
    (467, 'Ricarica', '2021-06-11 02:08:12', 219301, 6, 10),
    (468, 'Perdita', '2021-12-23 00:43:36', 147851, 4, 19),
    (469, 'Vincita', '2022-01-06 12:22:49', 193961, 7, 40),
    (470, 'Perdita', '2022-03-01 21:01:42', 92176, 9, 14),
    (471, 'Perdita', '2021-07-08 02:13:00', 220461, 7, 3),
    (472, 'Perdita', '2021-12-26 11:50:18', 243921, 9, 11),
    (473, 'Ricarica', '2022-03-08 01:34:26', 11589, 3, 39),
    (474, 'Perdita', '2021-12-30 13:33:54', 197132, 10, 4),
    (475, 'Vincita', '2021-10-28 22:25:24', 183960, 3, 21),
    (476, 'Vincita', '2021-10-11 08:30:41', 65620, 7, 39),
    (477, 'Vincita', '2021-08-27 13:53:35', 162227, 5, 13),
    (478, 'Perdita', '2022-02-14 19:17:24', 9410, 9, 28),
    (479, 'Ricarica', '2021-08-12 20:17:21', 244016, 11, 3),
    (480, 'Perdita', '2021-09-25 19:37:28', 196388, 4, 39),
    (481, 'Vincita', '2022-01-11 21:56:56', 206641, 4, 20),
    (482, 'Vincita', '2021-06-29 03:30:16', 198783, 5, 14),
    (483, 'Vincita', '2022-01-29 23:09:22', 249041, 6, 14),
    (484, 'Ricarica', '2022-02-26 16:40:10', 191014, 4, 11),
    (485, 'Vincita', '2021-10-16 08:41:32', 39212, 11, 11),
    (486, 'Vincita', '2021-08-26 23:43:32', 176637, 1, 42),
    (487, 'Perdita', '2021-08-07 07:32:47', 183052, 1, 25),
    (488, 'Perdita', '2022-03-02 21:45:27', 208446, 8, 49),
    (489, 'Vincita', '2021-10-04 14:20:17', 137780, 1, 38),
    (490, 'Vincita', '2022-03-14 07:20:51', 211986, 10, 30),
    (491, 'Vincita', '2021-09-18 19:47:04', 73878, 10, 2),
    (492, 'Ricarica', '2021-08-06 12:13:40', 215861, 3, 1),
    (493, 'Ricarica', '2022-01-12 09:01:46', 159101, 7, 27),
    (494, 'Perdita', '2021-09-22 02:02:51', 49711, 4, 43),
    (495, 'Vincita', '2021-12-13 12:53:50', 98550, 4, 16),
    (496, 'Ricarica', '2022-01-21 17:32:16', 225566, 3, 38),
    (497, 'Vincita', '2021-08-24 15:33:53', 194351, 6, 8),
    (498, 'Perdita', '2022-02-03 02:53:52', 133236, 6, 32),
    (499, 'Vincita', '2021-10-14 23:34:08', 104131, 8, 29),
    (500, 'Ricarica', '2021-07-05 14:15:36', 38171, 5, 43),
    (501, 'Ricarica', '2021-12-28 15:34:15', 7654, 9, 21),
    (502, 'Perdita', '2021-07-26 09:42:51', 43260, 10, 36),
    (503, 'Vincita', '2022-02-18 02:46:06', 21874, 1, 43),
    (504, 'Vincita', '2021-10-30 08:29:16', 236648, 2, 46),
    (505, 'Vincita', '2022-01-24 10:23:41', 249171, 7, 44),
    (506, 'Perdita', '2021-06-16 08:16:12', 70959, 7, 31),
    (507, 'Ricarica', '2021-10-20 22:47:47', 70187, 4, 17),
    (508, 'Ricarica', '2021-07-29 12:07:12', 71641, 9, 25),
    (509, 'Ricarica', '2022-03-27 11:20:36', 66210, 11, 25),
    (510, 'Ricarica', '2021-11-16 23:33:31', 202917, 4, 30),
    (511, 'Perdita', '2021-05-23 11:11:47', 45766, 8, 23),
    (512, 'Ricarica', '2021-12-06 08:13:18', 152935, 3, 23),
    (513, 'Perdita', '2022-02-20 17:48:09', 22390, 11, 46),
    (514, 'Ricarica', '2021-05-18 09:50:22', 211155, 2, 9),
    (515, 'Vincita', '2022-02-04 03:00:58', 39850, 1, 42),
    (516, 'Vincita', '2022-01-31 03:06:31', 202631, 11, 48),
    (517, 'Perdita', '2021-12-07 02:01:51', 68269, 11, 30),
    (518, 'Vincita', '2021-08-05 00:02:04', 799, 11, 16),
    (519, 'Ricarica', '2021-06-30 14:32:19', 2898, 5, 14),
    (520, 'Perdita', '2021-11-02 05:11:26', 53126, 6, 32),
    (521, 'Perdita', '2022-03-05 14:40:34', 240969, 11, 14),
    (522, 'Perdita', '2021-11-15 20:03:29', 68406, 2, 32),
    (523, 'Perdita', '2021-11-03 05:31:53', 206408, 4, 38),
    (524, 'Perdita', '2022-03-05 06:30:11', 5865, 3, 6),
    (525, 'Vincita', '2021-07-31 18:07:06', 125255, 2, 19),
    (526, 'Vincita', '2021-11-19 11:08:41', 58583, 1, 29),
    (527, 'Ricarica', '2022-01-07 01:41:30', 62794, 7, 30),
    (528, 'Ricarica', '2022-02-03 07:44:47', 109990, 4, 28),
    (529, 'Ricarica', '2021-12-27 11:52:12', 51980, 1, 23),
    (530, 'Perdita', '2022-02-28 14:03:45', 199390, 11, 46),
    (531, 'Ricarica', '2022-01-31 07:56:02', 222303, 8, 16),
    (532, 'Ricarica', '2022-01-02 17:33:56', 163154, 3, 50),
    (533, 'Vincita', '2022-02-05 21:09:43', 222800, 5, 21),
    (534, 'Perdita', '2021-10-23 03:39:50', 191184, 9, 45),
    (535, 'Perdita', '2021-06-13 02:38:18', 170511, 6, 12),
    (536, 'Perdita', '2021-06-05 17:41:36', 221537, 3, 17),
    (537, 'Vincita', '2021-12-12 17:58:02', 198360, 2, 25),
    (538, 'Ricarica', '2021-05-08 08:23:22', 141399, 6, 25),
    (539, 'Vincita', '2021-07-13 04:27:30', 130725, 10, 24),
    (540, 'Perdita', '2022-03-31 02:39:22', 238966, 3, 5),
    (541, 'Ricarica', '2022-03-04 14:15:08', 17976, 5, 13),
    (542, 'Perdita', '2021-11-14 07:09:22', 114868, 3, 45),
    (543, 'Vincita', '2021-05-25 21:56:50', 27300, 3, 21),
    (544, 'Perdita', '2021-12-07 13:45:31', 225346, 3, 49),
    (545, 'Perdita', '2022-03-30 12:21:36', 53817, 3, 1),
    (546, 'Ricarica', '2021-08-11 03:26:36', 150462, 1, 30),
    (547, 'Ricarica', '2021-06-03 15:20:03', 241014, 9, 25),
    (548, 'Vincita', '2021-12-03 18:58:22', 109315, 3, 16),
    (549, 'Ricarica', '2021-11-24 03:08:52', 244762, 3, 10),
    (550, 'Perdita', '2021-07-14 07:18:03', 200446, 2, 43),
    (551, 'Vincita', '2021-11-18 01:35:22', 60325, 8, 10),
    (552, 'Ricarica', '2021-12-14 02:08:36', 60328, 8, 13),
    (553, 'Perdita', '2021-07-23 03:21:32', 127119, 11, 14),
    (554, 'Perdita', '2021-10-27 15:41:57', 13208, 5, 22),
    (555, 'Perdita', '2021-08-16 08:59:45', 163607, 2, 49),
    (556, 'Vincita', '2021-10-06 17:26:55', 189095, 9, 3),
    (557, 'Perdita', '2022-02-17 14:01:49', 221060, 7, 48),
    (558, 'Ricarica', '2021-11-09 03:20:38', 131920, 7, 32),
    (559, 'Ricarica', '2022-02-15 16:18:27', 6101, 5, 14),
    (560, 'Ricarica', '2022-02-27 21:34:43', 42267, 4, 4),
    (561, 'Ricarica', '2022-01-18 01:06:18', 35441, 4, 7),
    (562, 'Vincita', '2021-11-09 14:41:17', 223622, 2, 11),
    (563, 'Ricarica', '2021-10-10 22:21:49', 144077, 3, 23),
    (564, 'Ricarica', '2022-01-01 08:16:00', 73042, 5, 12),
    (565, 'Vincita', '2022-01-18 18:51:13', 107490, 1, 43),
    (566, 'Vincita', '2021-05-09 16:25:03', 217540, 1, 25),
    (567, 'Perdita', '2022-02-28 02:02:56', 100245, 11, 35),
    (568, 'Ricarica', '2022-02-24 15:06:15', 161551, 1, 9),
    (569, 'Vincita', '2022-01-20 11:47:57', 215844, 3, 36),
    (570, 'Perdita', '2021-11-02 23:44:23', 222687, 1, 15),
    (571, 'Vincita', '2021-12-13 03:17:03', 717, 5, 50),
    (572, 'Vincita', '2021-11-25 17:10:16', 100767, 1, 9),
    (573, 'Vincita', '2021-05-28 13:28:32', 126802, 8, 17),
    (574, 'Vincita', '2021-11-30 06:04:26', 161285, 6, 32),
    (575, 'Ricarica', '2022-03-23 18:37:19', 206314, 3, 22),
    (576, 'Vincita', '2021-06-27 07:05:44', 47909, 3, 36),
    (577, 'Perdita', '2021-07-06 14:57:57', 151062, 8, 39),
    (578, 'Vincita', '2022-03-22 04:21:21', 200633, 3, 19),
    (579, 'Perdita', '2021-11-18 22:50:04', 84024, 10, 20),
    (580, 'Vincita', '2022-04-04 14:31:54', 130283, 2, 29),
    (581, 'Vincita', '2022-02-14 23:03:56', 148285, 4, 17),
    (582, 'Vincita', '2022-02-12 20:44:44', 75541, 5, 31),
    (583, 'Vincita', '2022-01-11 12:52:41', 114059, 11, 21),
    (584, 'Perdita', '2022-01-06 13:20:59', 131036, 10, 15),
    (585, 'Ricarica', '2022-02-04 16:55:40', 143895, 1, 50),
    (586, 'Vincita', '2021-08-30 16:52:56', 135104, 10, 19),
    (587, 'Vincita', '2022-03-02 20:48:07', 186852, 3, 7),
    (588, 'Ricarica', '2021-07-07 00:00:14', 223092, 11, 8),
    (589, 'Ricarica', '2021-12-10 02:46:57', 165829, 5, 41),
    (590, 'Vincita', '2022-02-22 09:29:44', 214156, 5, 8),
    (591, 'Perdita', '2021-05-13 01:28:45', 189446, 6, 34),
    (592, 'Ricarica', '2021-11-07 09:26:14', 134184, 5, 50),
    (593, 'Perdita', '2022-02-07 03:55:15', 96150, 11, 37),
    (594, 'Ricarica', '2021-09-23 22:53:25', 142770, 11, 14),
    (595, 'Vincita', '2021-08-09 22:12:05', 74298, 1, 48),
    (596, 'Vincita', '2021-12-19 11:06:11', 72980, 11, 48),
    (597, 'Perdita', '2021-07-09 21:55:41', 72664, 10, 2),
    (598, 'Vincita', '2021-08-22 19:12:00', 202471, 5, 4),
    (599, 'Vincita', '2021-09-11 02:42:11', 127211, 4, 27),
    (600, 'Vincita', '2022-02-24 07:15:32', 106972, 7, 45),
    (601, 'Vincita', '2021-08-19 17:06:56', 223053, 8, 39),
    (602, 'Ricarica', '2022-02-23 12:10:16', 31046, 3, 38),
    (603, 'Perdita', '2021-12-06 20:36:50', 30523, 3, 19),
    (604, 'Perdita', '2021-06-17 22:46:02', 192210, 2, 34),
    (605, 'Vincita', '2021-06-30 09:31:51', 4878, 2, 38),
    (606, 'Vincita', '2021-05-21 04:25:35', 19122, 7, 21),
    (607, 'Vincita', '2022-03-02 14:26:05', 1023, 8, 18),
    (608, 'Ricarica', '2021-05-14 06:51:38', 79514, 5, 40),
    (609, 'Perdita', '2021-09-07 10:15:40', 235564, 2, 23),
    (610, 'Ricarica', '2021-12-16 02:06:48', 70725, 3, 13),
    (611, 'Perdita', '2021-12-06 01:23:13', 5785, 3, 15),
    (612, 'Vincita', '2021-07-23 17:40:24', 52566, 4, 16),
    (613, 'Vincita', '2021-08-19 10:29:49', 132733, 4, 24),
    (614, 'Perdita', '2021-11-12 18:06:10', 205547, 4, 18),
    (615, 'Perdita', '2021-10-02 19:51:29', 28156, 2, 4),
    (616, 'Perdita', '2021-12-03 00:24:42', 187504, 10, 34),
    (617, 'Perdita', '2021-12-18 13:23:45', 221302, 5, 35),
    (618, 'Ricarica', '2022-01-24 01:46:09', 63101, 10, 17),
    (619, 'Ricarica', '2021-07-09 03:25:52', 193278, 7, 41),
    (620, 'Perdita', '2022-03-03 07:48:12', 74813, 5, 16),
    (621, 'Ricarica', '2022-01-14 08:30:40', 212299, 7, 39),
    (622, 'Vincita', '2022-03-01 06:03:33', 114723, 9, 30),
    (623, 'Perdita', '2022-02-27 05:53:27', 55702, 9, 17),
    (624, 'Vincita', '2021-12-04 02:26:35', 208254, 5, 22),
    (625, 'Vincita', '2021-08-09 11:48:53', 193841, 4, 40),
    (626, 'Vincita', '2021-07-23 22:07:53', 195419, 6, 38),
    (627, 'Ricarica', '2022-03-08 07:27:32', 110528, 3, 6),
    (628, 'Perdita', '2021-12-13 15:12:29', 62168, 2, 16),
    (629, 'Vincita', '2021-09-28 02:44:31', 231221, 2, 12),
    (630, 'Vincita', '2021-08-21 21:32:12', 60451, 1, 8),
    (631, 'Ricarica', '2021-11-11 12:59:41', 78977, 10, 10),
    (632, 'Perdita', '2021-06-16 21:44:44', 243708, 10, 29),
    (633, 'Ricarica', '2021-07-04 22:46:03', 178894, 7, 4),
    (634, 'Ricarica', '2021-09-21 04:47:41', 146041, 1, 47),
    (635, 'Perdita', '2021-10-23 10:22:33', 175899, 10, 31),
    (636, 'Ricarica', '2021-07-31 15:08:07', 203313, 3, 27),
    (637, 'Vincita', '2021-09-15 06:20:35', 199310, 8, 40),
    (638, 'Vincita', '2021-07-29 12:02:26', 65328, 5, 2),
    (639, 'Ricarica', '2021-06-06 10:08:42', 538, 4, 48),
    (640, 'Vincita', '2022-01-08 09:32:15', 195044, 5, 35),
    (641, 'Vincita', '2022-03-27 11:07:33', 241235, 6, 15),
    (642, 'Perdita', '2021-08-30 20:54:17', 35653, 10, 1),
    (643, 'Ricarica', '2021-05-13 15:05:07', 31482, 4, 7),
    (644, 'Vincita', '2021-07-20 21:47:36', 198966, 4, 7),
    (645, 'Ricarica', '2021-05-29 06:14:00', 223573, 8, 41),
    (646, 'Vincita', '2021-05-05 00:20:49', 30351, 8, 13),
    (647, 'Perdita', '2022-01-24 12:08:07', 185656, 9, 3),
    (648, 'Vincita', '2022-02-13 18:24:54', 61814, 8, 6),
    (649, 'Ricarica', '2021-08-19 23:39:29', 10004, 4, 28),
    (650, 'Vincita', '2022-02-01 06:32:01', 103513, 9, 24),
    (651, 'Perdita', '2021-08-02 04:52:47', 248907, 9, 38),
    (652, 'Vincita', '2022-02-03 18:28:28', 34180, 9, 43),
    (653, 'Vincita', '2021-10-10 11:15:03', 43185, 3, 21),
    (654, 'Vincita', '2021-07-12 10:58:33', 216806, 5, 33),
    (655, 'Perdita', '2021-09-11 02:18:34', 39884, 3, 13),
    (656, 'Ricarica', '2021-11-18 18:49:02', 7803, 6, 13),
    (657, 'Vincita', '2021-06-09 15:10:40', 76770, 5, 38),
    (658, 'Vincita', '2022-02-08 12:46:35', 145037, 9, 10),
    (659, 'Perdita', '2022-04-02 10:01:32', 132426, 2, 16),
    (660, 'Vincita', '2021-08-29 03:13:57', 239166, 4, 47),
    (661, 'Ricarica', '2021-10-12 00:15:12', 130895, 10, 29),
    (662, 'Vincita', '2021-05-19 02:55:55', 50277, 8, 26),
    (663, 'Vincita', '2022-02-01 16:47:20', 38826, 5, 26),
    (664, 'Ricarica', '2021-06-01 13:48:09', 56713, 9, 8),
    (665, 'Ricarica', '2021-05-30 13:30:36', 127453, 1, 25),
    (666, 'Perdita', '2021-06-04 05:08:06', 39486, 11, 50),
    (667, 'Perdita', '2021-09-19 18:04:18', 174191, 10, 40),
    (668, 'Ricarica', '2021-08-25 19:13:31', 20371, 1, 13),
    (669, 'Perdita', '2021-07-08 13:11:42', 158488, 7, 47),
    (670, 'Perdita', '2021-09-15 14:19:42', 82364, 2, 27),
    (671, 'Vincita', '2022-03-30 20:49:34', 23179, 2, 14),
    (672, 'Perdita', '2021-12-25 19:50:31', 18168, 8, 50),
    (673, 'Ricarica', '2021-09-29 02:40:16', 120420, 1, 2),
    (674, 'Perdita', '2021-06-06 23:23:58', 143043, 1, 18),
    (675, 'Perdita', '2021-12-05 00:25:41', 50120, 6, 5),
    (676, 'Ricarica', '2021-06-06 06:18:58', 217874, 4, 41),
    (677, 'Perdita', '2022-03-05 19:09:17', 42717, 6, 15),
    (678, 'Perdita', '2021-11-23 17:22:05', 64826, 1, 37),
    (679, 'Ricarica', '2021-09-15 17:53:00', 37702, 10, 16),
    (680, 'Ricarica', '2021-10-22 10:59:40', 230163, 9, 18),
    (681, 'Perdita', '2021-12-29 15:50:53', 28435, 5, 40),
    (682, 'Ricarica', '2021-07-15 00:06:07', 109296, 5, 46),
    (683, 'Perdita', '2021-07-15 16:40:12', 234329, 4, 42),
    (684, 'Ricarica', '2022-02-23 21:24:23', 240919, 7, 16),
    (685, 'Vincita', '2021-08-28 22:38:19', 213339, 9, 11),
    (686, 'Vincita', '2021-12-16 03:59:00', 24279, 7, 6),
    (687, 'Ricarica', '2022-03-31 01:39:21', 171658, 4, 13),
    (688, 'Ricarica', '2022-03-13 00:17:50', 43558, 4, 11),
    (689, 'Perdita', '2021-12-25 12:33:14', 226486, 8, 45),
    (690, 'Perdita', '2021-11-29 06:06:50', 163116, 11, 14),
    (691, 'Perdita', '2021-08-26 09:20:26', 134096, 8, 49),
    (692, 'Ricarica', '2021-05-26 13:45:16', 137102, 2, 40),
    (693, 'Ricarica', '2021-08-05 16:09:51', 48658, 11, 12),
    (694, 'Vincita', '2022-01-24 10:01:17', 150690, 3, 28),
    (695, 'Perdita', '2021-10-19 16:39:06', 76559, 1, 46),
    (696, 'Ricarica', '2021-11-27 00:31:04', 113444, 7, 20),
    (697, 'Vincita', '2022-03-28 01:18:35', 226132, 6, 45),
    (698, 'Ricarica', '2021-12-31 12:32:30', 195199, 2, 30),
    (699, 'Vincita', '2021-07-28 10:00:22', 67281, 2, 20),
    (700, 'Vincita', '2021-09-04 20:09:31', 96783, 11, 19),
    (701, 'Ricarica', '2021-09-12 23:46:19', 238769, 5, 22),
    (702, 'Perdita', '2021-05-13 06:01:42', 215134, 1, 18),
    (703, 'Vincita', '2022-03-19 14:19:44', 129236, 5, 50),
    (704, 'Vincita', '2021-10-01 18:18:37', 95665, 8, 4),
    (705, 'Perdita', '2021-10-10 10:08:34', 231137, 1, 44),
    (706, 'Ricarica', '2021-07-31 23:55:17', 154424, 11, 16),
    (707, 'Vincita', '2022-03-08 11:56:55', 43264, 1, 19),
    (708, 'Vincita', '2022-01-11 11:15:48', 218326, 4, 44),
    (709, 'Vincita', '2021-11-28 10:57:09', 121379, 11, 39),
    (710, 'Perdita', '2021-08-07 07:48:17', 205314, 10, 34),
    (711, 'Vincita', '2021-08-07 15:49:57', 93504, 4, 50),
    (712, 'Perdita', '2021-06-18 22:53:38', 247829, 6, 8),
    (713, 'Perdita', '2021-09-27 19:40:49', 12543, 5, 27),
    (714, 'Ricarica', '2021-05-05 15:12:39', 19714, 7, 40),
    (715, 'Vincita', '2022-02-22 03:25:15', 68136, 3, 25),
    (716, 'Perdita', '2021-12-16 06:23:52', 128393, 7, 1),
    (717, 'Vincita', '2021-07-28 11:46:49', 230301, 9, 25),
    (718, 'Perdita', '2021-10-11 09:29:30', 202404, 10, 5),
    (719, 'Ricarica', '2021-05-18 17:23:21', 104672, 7, 28),
    (720, 'Perdita', '2021-12-30 03:19:10', 74199, 1, 25),
    (721, 'Vincita', '2021-10-23 13:50:50', 78447, 1, 32),
    (722, 'Ricarica', '2021-07-13 18:06:43', 131466, 11, 5),
    (723, 'Perdita', '2021-08-05 06:52:12', 114314, 5, 26),
    (724, 'Perdita', '2022-04-03 13:58:47', 169392, 8, 35),
    (725, 'Vincita', '2022-03-05 20:58:07', 215136, 9, 17),
    (726, 'Perdita', '2021-06-18 17:50:43', 243754, 5, 13),
    (727, 'Perdita', '2021-12-27 23:24:37', 102420, 3, 44),
    (728, 'Ricarica', '2021-10-06 08:25:45', 77202, 3, 38),
    (729, 'Vincita', '2021-09-15 05:30:03', 157445, 7, 46),
    (730, 'Ricarica', '2022-03-03 10:22:07', 13099, 2, 31),
    (731, 'Ricarica', '2021-12-13 20:35:43', 188061, 6, 2),
    (732, 'Perdita', '2021-07-23 15:03:22', 44010, 10, 17),
    (733, 'Perdita', '2021-10-20 12:49:57', 115664, 5, 34),
    (734, 'Ricarica', '2021-12-11 12:42:46', 12563, 10, 33),
    (735, 'Perdita', '2021-10-08 23:20:21', 223084, 11, 7),
    (736, 'Vincita', '2021-05-17 03:07:43', 207258, 11, 32),
    (737, 'Ricarica', '2022-01-09 16:47:54', 34053, 1, 15),
    (738, 'Ricarica', '2022-03-18 13:06:07', 244880, 5, 39),
    (739, 'Perdita', '2021-11-17 14:12:40', 128835, 4, 43),
    (740, 'Perdita', '2021-08-07 19:16:18', 230923, 11, 21),
    (741, 'Ricarica', '2022-03-07 04:42:20', 167985, 4, 24),
    (742, 'Ricarica', '2021-09-16 18:08:21', 142441, 9, 16),
    (743, 'Perdita', '2022-01-22 05:21:53', 82397, 3, 35),
    (744, 'Vincita', '2021-10-17 02:33:28', 153137, 7, 13),
    (745, 'Vincita', '2021-12-29 23:21:12', 180809, 11, 12),
    (746, 'Perdita', '2021-05-23 02:06:13', 47894, 5, 20),
    (747, 'Perdita', '2022-03-22 07:21:24', 76789, 1, 47),
    (748, 'Vincita', '2022-02-16 18:00:41', 23630, 2, 27),
    (749, 'Ricarica', '2021-07-06 10:17:23', 61674, 7, 32),
    (750, 'Perdita', '2021-10-19 21:07:08', 153843, 11, 7),
    (751, 'Perdita', '2021-07-13 04:50:32', 103040, 1, 18),
    (752, 'Vincita', '2021-06-22 12:24:43', 203899, 10, 10),
    (753, 'Ricarica', '2022-03-04 14:49:53', 158992, 1, 50),
    (754, 'Ricarica', '2021-11-01 04:21:15', 14347, 8, 50),
    (755, 'Ricarica', '2021-12-23 19:58:42', 185354, 2, 25),
    (756, 'Ricarica', '2021-10-03 16:29:25', 185401, 6, 40),
    (757, 'Ricarica', '2021-06-08 05:12:38', 150535, 10, 30),
    (758, 'Ricarica', '2021-08-30 04:59:09', 67324, 4, 24),
    (759, 'Perdita', '2021-11-01 05:47:41', 83270, 3, 17),
    (760, 'Ricarica', '2021-09-22 15:28:52', 35797, 3, 17),
    (761, 'Perdita', '2022-02-20 20:05:35', 43267, 6, 14),
    (762, 'Perdita', '2021-11-20 22:15:01', 216617, 4, 9),
    (763, 'Vincita', '2022-04-01 04:07:46', 231971, 10, 2),
    (764, 'Vincita', '2021-11-06 02:37:18', 100896, 8, 28),
    (765, 'Perdita', '2022-04-03 22:03:10', 101087, 8, 43),
    (766, 'Ricarica', '2021-10-25 01:34:55', 88521, 6, 14),
    (767, 'Perdita', '2021-11-26 19:22:57', 88458, 9, 29),
    (768, 'Ricarica', '2021-08-10 22:12:14', 5340, 9, 11),
    (769, 'Ricarica', '2021-09-24 13:11:47', 126402, 5, 1),
    (770, 'Vincita', '2022-01-28 23:41:28', 4354, 3, 13),
    (771, 'Vincita', '2021-11-03 20:30:22', 8058, 11, 27),
    (772, 'Perdita', '2022-04-03 00:36:51', 19874, 5, 27),
    (773, 'Vincita', '2021-12-19 21:18:33', 186142, 2, 40),
    (774, 'Vincita', '2022-02-22 06:47:06', 139437, 9, 15),
    (775, 'Perdita', '2022-01-24 23:29:04', 217230, 6, 34),
    (776, 'Perdita', '2022-02-27 12:11:46', 183858, 1, 46),
    (777, 'Ricarica', '2022-01-03 11:35:26', 244572, 1, 3),
    (778, 'Ricarica', '2022-01-07 04:25:41', 118354, 4, 34),
    (779, 'Perdita', '2022-01-04 19:51:50', 156758, 11, 8),
    (780, 'Vincita', '2021-08-14 21:01:35', 106727, 10, 34),
    (781, 'Ricarica', '2022-03-03 23:10:59', 89454, 1, 40),
    (782, 'Ricarica', '2021-07-11 23:18:47', 120761, 3, 7),
    (783, 'Ricarica', '2021-10-06 20:35:23', 22128, 1, 11),
    (784, 'Ricarica', '2021-09-01 05:07:08', 182125, 9, 46),
    (785, 'Perdita', '2022-02-01 05:33:18', 211263, 3, 46),
    (786, 'Ricarica', '2022-01-13 06:57:07', 59727, 11, 15),
    (787, 'Ricarica', '2022-03-08 15:30:41', 61522, 3, 22),
    (788, 'Vincita', '2021-06-29 05:40:10', 69100, 5, 3),
    (789, 'Perdita', '2022-03-07 02:54:49', 84758, 7, 37),
    (790, 'Ricarica', '2021-08-14 14:55:06', 133905, 1, 14),
    (791, 'Perdita', '2021-09-03 23:53:07', 52853, 7, 35),
    (792, 'Ricarica', '2021-12-10 03:56:40', 98514, 9, 33),
    (793, 'Perdita', '2022-04-03 19:42:49', 240790, 4, 26),
    (794, 'Ricarica', '2022-02-07 19:29:32', 152654, 6, 9),
    (795, 'Vincita', '2021-11-08 21:20:37', 186268, 11, 16),
    (796, 'Vincita', '2022-02-23 09:38:15', 249648, 7, 33),
    (797, 'Vincita', '2021-08-18 18:44:04', 151295, 1, 11),
    (798, 'Ricarica', '2021-06-02 05:34:59', 71708, 7, 46),
    (799, 'Vincita', '2022-01-02 11:06:08', 225471, 6, 21),
    (800, 'Perdita', '2021-06-14 06:08:22', 150152, 5, 17),
    (801, 'Ricarica', '2021-08-10 06:51:08', 215042, 10, 28),
    (802, 'Perdita', '2021-07-18 09:29:25', 203536, 1, 41),
    (803, 'Ricarica', '2022-02-24 06:22:17', 77022, 6, 34),
    (804, 'Ricarica', '2021-08-31 20:33:35', 49720, 9, 6),
    (805, 'Vincita', '2021-08-10 01:55:33', 221425, 4, 15),
    (806, 'Vincita', '2021-10-27 06:45:49', 42718, 4, 24),
    (807, 'Perdita', '2021-05-27 11:09:23', 58761, 3, 37),
    (808, 'Ricarica', '2021-10-15 14:25:20', 220419, 6, 3),
    (809, 'Vincita', '2021-12-11 15:36:54', 181374, 11, 28),
    (810, 'Vincita', '2022-01-09 21:57:45', 74296, 11, 32),
    (811, 'Vincita', '2022-01-25 14:24:36', 147935, 8, 21),
    (812, 'Ricarica', '2022-03-27 18:51:40', 186466, 4, 12),
    (813, 'Ricarica', '2022-01-12 08:18:43', 76382, 9, 3),
    (814, 'Perdita', '2021-10-03 19:24:44', 96439, 10, 14),
    (815, 'Ricarica', '2022-04-04 19:51:18', 202909, 4, 17),
    (816, 'Perdita', '2021-08-12 22:17:58', 231357, 2, 41),
    (817, 'Ricarica', '2022-01-20 01:56:31', 208803, 11, 28),
    (818, 'Vincita', '2021-07-20 03:09:44', 201805, 7, 5),
    (819, 'Perdita', '2022-02-06 00:32:36', 219356, 1, 43),
    (820, 'Ricarica', '2021-09-25 05:46:37', 233106, 1, 46),
    (821, 'Vincita', '2021-10-06 09:19:50', 171680, 5, 48),
    (822, 'Ricarica', '2021-07-21 18:11:20', 9382, 3, 28),
    (823, 'Ricarica', '2021-06-19 16:37:00', 168993, 10, 37),
    (824, 'Ricarica', '2022-03-27 13:48:18', 78608, 11, 12),
    (825, 'Ricarica', '2022-03-19 00:23:33', 140417, 9, 25),
    (826, 'Vincita', '2021-10-09 06:17:02', 238905, 11, 12),
    (827, 'Vincita', '2022-01-12 21:12:26', 141150, 8, 43),
    (828, 'Ricarica', '2021-08-01 03:52:34', 42689, 2, 13),
    (829, 'Perdita', '2021-07-14 03:34:22', 167821, 10, 47),
    (830, 'Vincita', '2022-03-14 16:24:09', 242107, 9, 13),
    (831, 'Perdita', '2021-12-28 00:05:48', 200800, 5, 14),
    (832, 'Ricarica', '2021-12-22 04:40:38', 2130, 4, 49),
    (833, 'Vincita', '2022-02-18 01:50:03', 123166, 6, 29),
    (834, 'Ricarica', '2022-01-14 06:24:50', 236313, 4, 25),
    (835, 'Vincita', '2021-05-07 11:25:50', 109360, 6, 41),
    (836, 'Ricarica', '2022-02-12 02:55:02', 2075, 3, 8),
    (837, 'Perdita', '2021-08-02 15:20:49', 109118, 8, 36),
    (838, 'Vincita', '2021-05-17 00:15:56', 121310, 11, 36),
    (839, 'Perdita', '2021-12-05 16:37:19', 158801, 10, 20),
    (840, 'Ricarica', '2021-11-28 18:14:02', 139480, 7, 19),
    (841, 'Vincita', '2021-11-30 08:05:02', 189821, 10, 32),
    (842, 'Vincita', '2021-09-22 15:45:42', 110680, 11, 37),
    (843, 'Vincita', '2021-11-14 18:17:12', 203775, 11, 22),
    (844, 'Ricarica', '2022-03-02 16:56:23', 224249, 8, 27),
    (845, 'Perdita', '2022-02-24 10:00:08', 69401, 7, 34),
    (846, 'Ricarica', '2021-07-19 11:34:35', 121116, 4, 7),
    (847, 'Perdita', '2021-07-02 10:48:08', 182910, 11, 11),
    (848, 'Perdita', '2021-10-21 03:11:05', 199774, 6, 34),
    (849, 'Perdita', '2021-06-11 05:11:48', 212442, 9, 36),
    (850, 'Perdita', '2022-02-17 12:30:43', 94698, 3, 19),
    (851, 'Ricarica', '2022-02-19 20:34:33', 223915, 8, 4),
    (852, 'Perdita', '2022-03-16 23:04:58', 80782, 11, 28),
    (853, 'Ricarica', '2021-06-17 06:34:05', 246929, 6, 16),
    (854, 'Ricarica', '2021-08-31 23:41:51', 139691, 8, 3),
    (855, 'Perdita', '2021-11-06 01:50:30', 101763, 9, 47),
    (856, 'Perdita', '2021-09-23 09:29:07', 72146, 6, 50),
    (857, 'Ricarica', '2021-09-13 12:27:19', 113354, 4, 5),
    (858, 'Perdita', '2021-06-13 11:47:15', 219860, 8, 45),
    (859, 'Vincita', '2022-01-15 13:44:24', 142011, 4, 42),
    (860, 'Perdita', '2021-06-06 13:44:07', 161638, 4, 31),
    (861, 'Perdita', '2022-01-15 13:19:53', 236491, 8, 37),
    (862, 'Perdita', '2021-07-15 14:32:58', 177692, 9, 6),
    (863, 'Ricarica', '2022-01-11 08:16:10', 13024, 11, 3),
    (864, 'Perdita', '2021-09-23 05:23:19', 3914, 5, 42),
    (865, 'Ricarica', '2021-10-06 14:59:33', 161690, 11, 45),
    (866, 'Perdita', '2022-02-24 01:14:56', 190794, 8, 44),
    (867, 'Perdita', '2021-11-22 01:31:46', 116803, 6, 38),
    (868, 'Vincita', '2021-08-22 03:53:04', 181092, 5, 43),
    (869, 'Vincita', '2021-11-01 09:48:34', 181436, 10, 38),
    (870, 'Ricarica', '2022-03-13 16:57:06', 53363, 7, 35),
    (871, 'Ricarica', '2022-01-06 00:23:41', 202452, 11, 27),
    (872, 'Ricarica', '2022-01-08 01:54:11', 206639, 2, 28),
    (873, 'Vincita', '2021-08-18 18:55:21', 30107, 3, 9),
    (874, 'Vincita', '2021-06-03 23:20:42', 93220, 8, 6),
    (875, 'Perdita', '2021-10-03 05:22:25', 158197, 8, 3),
    (876, 'Vincita', '2021-11-22 19:07:01', 58381, 5, 2),
    (877, 'Perdita', '2021-05-13 04:29:46', 229654, 3, 40),
    (878, 'Perdita', '2021-07-04 09:55:49', 5789, 3, 40),
    (879, 'Perdita', '2021-10-01 05:21:00', 32298, 9, 37),
    (880, 'Vincita', '2021-09-22 20:11:24', 155699, 2, 22),
    (881, 'Perdita', '2021-12-30 01:40:11', 223480, 6, 44),
    (882, 'Vincita', '2021-09-18 00:56:14', 82554, 8, 13),
    (883, 'Vincita', '2022-01-02 05:50:03', 152666, 4, 32),
    (884, 'Perdita', '2022-01-14 08:14:20', 78678, 11, 41),
    (885, 'Ricarica', '2022-03-22 01:09:17', 139845, 11, 41),
    (886, 'Vincita', '2022-03-05 23:31:17', 152894, 7, 48),
    (887, 'Vincita', '2021-11-17 16:37:06', 36476, 10, 9),
    (888, 'Vincita', '2021-12-11 09:25:17', 101063, 5, 26),
    (889, 'Perdita', '2021-11-21 00:52:59', 88216, 7, 7),
    (890, 'Perdita', '2022-04-05 12:07:37', 191446, 5, 31),
    (891, 'Perdita', '2021-06-14 11:07:49', 95533, 9, 29),
    (892, 'Perdita', '2022-01-25 08:29:06', 136300, 10, 36),
    (893, 'Vincita', '2022-01-10 03:01:20', 92641, 9, 17),
    (894, 'Ricarica', '2022-02-21 21:13:09', 230530, 4, 32),
    (895, 'Ricarica', '2021-06-08 17:02:27', 220963, 10, 37),
    (896, 'Ricarica', '2021-11-02 17:45:11', 220609, 7, 41),
    (897, 'Vincita', '2021-10-22 23:57:09', 23736, 10, 10),
    (898, 'Perdita', '2021-05-13 09:18:25', 239919, 9, 30),
    (899, 'Ricarica', '2022-01-15 04:27:06', 62302, 4, 43),
    (900, 'Ricarica', '2021-05-13 10:20:34', 157146, 10, 12),
    (901, 'Vincita', '2022-01-20 05:18:02', 9901, 9, 35),
    (902, 'Vincita', '2021-06-14 06:30:32', 27524, 6, 48),
    (903, 'Perdita', '2021-06-21 22:40:25', 156995, 4, 30),
    (904, 'Vincita', '2021-06-07 19:51:19', 91554, 6, 45),
    (905, 'Perdita', '2021-12-28 06:13:42', 173187, 9, 4),
    (906, 'Vincita', '2021-06-17 00:58:05', 118778, 3, 35),
    (907, 'Vincita', '2021-11-25 18:28:38', 32076, 11, 16),
    (908, 'Vincita', '2022-01-13 02:11:17', 87093, 9, 39),
    (909, 'Ricarica', '2021-07-26 07:09:14', 37403, 6, 14),
    (910, 'Vincita', '2021-05-19 20:28:23', 158768, 10, 26),
    (911, 'Perdita', '2022-03-17 16:54:14', 104490, 2, 7),
    (912, 'Perdita', '2022-03-06 06:45:44', 68643, 3, 11),
    (913, 'Vincita', '2021-06-01 02:18:15', 187156, 7, 2),
    (914, 'Perdita', '2021-10-02 10:37:02', 170121, 9, 23),
    (915, 'Ricarica', '2021-06-14 06:04:30', 28851, 9, 12),
    (916, 'Perdita', '2021-08-21 21:17:34', 12808, 5, 13),
    (917, 'Perdita', '2021-12-25 13:37:17', 153149, 11, 22),
    (918, 'Ricarica', '2021-06-05 04:52:33', 30979, 9, 25),
    (919, 'Vincita', '2022-02-20 00:31:37', 49695, 2, 45),
    (920, 'Perdita', '2021-12-22 15:14:10', 233717, 8, 2),
    (921, 'Ricarica', '2022-02-20 06:25:58', 63367, 11, 1),
    (922, 'Vincita', '2022-01-25 14:49:58', 216251, 8, 5),
    (923, 'Ricarica', '2021-06-27 17:55:12', 51821, 6, 27),
    (924, 'Perdita', '2021-05-29 03:45:41', 119523, 1, 4),
    (925, 'Perdita', '2022-01-21 10:04:27', 191979, 1, 7),
    (926, 'Vincita', '2021-05-28 16:09:06', 105095, 4, 43),
    (927, 'Ricarica', '2022-02-18 22:21:00', 234464, 3, 30),
    (928, 'Ricarica', '2021-08-24 07:48:58', 49539, 2, 40),
    (929, 'Vincita', '2021-10-17 18:31:04', 29782, 5, 45),
    (930, 'Vincita', '2022-03-14 05:54:44', 25668, 8, 1),
    (931, 'Ricarica', '2021-09-12 14:06:40', 215727, 11, 15),
    (932, 'Perdita', '2022-01-15 23:56:39', 156380, 2, 13),
    (933, 'Ricarica', '2022-01-25 07:59:06', 99991, 7, 45),
    (934, 'Ricarica', '2022-03-30 00:03:30', 57881, 9, 15),
    (935, 'Perdita', '2021-08-09 01:17:20', 195666, 2, 48),
    (936, 'Ricarica', '2021-10-25 19:35:40', 204385, 2, 18),
    (937, 'Vincita', '2021-08-05 10:12:02', 1723, 6, 33),
    (938, 'Vincita', '2021-06-28 00:44:28', 17352, 5, 29),
    (939, 'Ricarica', '2022-02-24 02:02:40', 61520, 6, 31),
    (940, 'Ricarica', '2021-09-13 14:10:57', 56429, 4, 10);





