INSERT INTO Casinò(IDCasinò, Nome, Via, CAP, Provincia, Stato)
VALUES
    ('1', 'Casinò di Venezia','Cannaregio, 2040','30121 ','VE','IT'),
    ('2', 'Casinò di Venezia Ca'' Noghera','Via Paliaga, 4/8','30173','VE','IT');
    
INSERT INTO Ruoli(IDRuolo, Nome, Descrizione, Salario)
VALUES
    ('1', 'Direttore','Gestisce la struttura', 5000),
    ('2', 'Controllore di Sala','Gestisce i turni dei croupier e verifica la corretta esecuzione delle attività', 3000),
    ('3', 'Croupier','Si occupa di accettare le scommesse dei giocatori, servire al tavolo da gioco, controllare la liceità delle puntate dei giocatori e pagare le vincite.', 2000),
    ('4', 'Inserviente', 'Si occupa della pulizia della struttura', 1500),
    ('5', 'Barista','Serve i clienti ai punti ristoro della struttura', 2000),
    ('6', 'Sicurezza', 'Si occupa della sicurezza del casinò', 2500);

INSERT INTO Personale(IDPersonale,CF, Nome, Cognome, Contatto, Via, CAP, Provincia, Stato, IDRuolo, IDCasinò)
VALUES
    (1, 'LTHRNN92D16L219S','Erinna','Lauthian','2504739747','7 Maple Road','57124','TV','TC',3,1),
    (2, 'CLRMSS88D04L219R','Malissa','Claire','1888655643','706 Kings Way','10129','PD','PM',6,1),
    (3, 'SCHRNA59R02L219L','Rana','Schoenfisch','8149716940','8880 Merrick Pass','37129','PD','VN',5,1),
    (4, 'LBNWTT93M05L219R','Wyatt','Alibone','4787852432','6 Forest Alley','24129','TV','LM',6,1),
    (5, 'GRNLMA55C08L219F','Alma','Gurner','1327225984','462 Novick Crossing','57124','TV','TC',5,1),
    (6, 'KRTRHB75M31L219T','Archibaldo','Karet','6596725828','3 Lunder Court','20136','PD','LM',4,1),
    (7, 'HFFGRG82A25L219A','George','Hafford','6612112419','02 Warrior Place','89129','VI','CI',5,2),
    (8, 'TMLJNO86R11L219P','Joanie','Tumielli','1041063581','51 Shelley Plaza','37129','PD','VN',5,2),
    (9, 'KLYTRS78P15L219G','Tris','Oakly','5699809112','2561 Lyons Trail','34129','PD','FV',4,1),
    (10, 'SCTTRS95L09L219G','Tris','Scottini','7953786958','0256 Continental Junction','50136','PD','TC',3,1),
    (11, 'CRCZZN78L15L219N','Zuzana','Cruickshanks','3272142598','054 Menomonie Crossing','35141','VI','VN',4,2),
    (12, 'DVGNCL73P16L219T','Nicola','Devigne','5527292670','30742 Linden Center','34129','PD','FV',5,2),
    (13, 'JLLMRT57C12L219O','Myrtia','Jellico','9164192720','64200 Redwing Plaza','35129','PD','VN',4,2),
    (14, 'TXLJSS90S05L219I','Jessa','Toxell','4391153073','703 Shoshone Park','00141','VI','LZ',2,2),
    (15, 'YNSTHR64A30L219I','Thor','Yanshin','6429864210','271 Erie Point','00128','PD','LZ',6,1),
    (16, 'PTRRNL99H25L219W','Reynolds','Petracco','1094375681','12 Bunting Trail','00152','VI','LZ',6,1),
    (17, 'NWCHKL80C05L219M','Haskel','Newick','3121753852','35 Annamark Plaza','30132','PD','VN',3,1),
    (18, 'HRTLYN64D11L219F','Ailyn','Hartnup','4717430989','0897 Sycamore Way','10152','TV','PM',5,1),
    (19, 'STRGNR00C20L219Z','Garner','Storcke','2563608523','5 Shoshone Junction','00128','TV','LZ',5,2),
    (20, 'CHSHRT77B27L219J','Henrieta','Chasmoor','5852423998','26 Washington Terrace','50136','TV','TC',1,1),
    (21, 'HGSRCE96L17L219S','Erica','Hagston','7356512702','17 Surrey Lane','57124','TV','TC',3,2),
    (22, 'LSSCNL67A25L219N','Cornelia','Alessandone','5871491561','63506 Morningstar Circle','20125','VI','LM',6,1),
    (23, 'BRFFLO95H10L219G','Ofelia','Bruford','1606032674','86593 Dixon Court','50124','TV','TC',3,1),
    (24, 'RTHBTN83A11L219E','Bertina','Rutherford','4517620752','806 Iowa Alley','24129','TV','LM',4,2),
    (25, 'KLMCTS78E12L219N','Cletis','Klimuk','2565693696','60 Logan Park','34141','TV','FV',6,1),
    (26, 'BLYPYC89L30L219U','Pryce','Blyden','5785113947','17820 Lakewood Gardens Terrace','40128','PD','ER',5,2),
    (27, 'KBSCRT01P09L219E','Chrotoem','Kobes','8844461973','2623 Burrows Park','34141','VI','FV',4,2),
    (28, 'CLRNLS86E17L219T','Niels','Clarke-Williams','4559277294','9 Grayhawk Pass','30175','VI','VN',4,2),
    (29, 'VSOVRG79C11L219O','Verge','Ovise','9658747975','3 Arapahoe Place','10129','VI','PM',3,2),
    (30, 'LVOMSS87L09L219L','Melessa','Love','6677049110','70524 Texas Hill','57124','PD','TC',3,1),
    (31, 'PGRRQL63C09L219D','Raquel','Pigrome','9697187727','98170 Scott Park','29010','TV','ER',3,1),
    (32, 'SMNBSY87L29L219Q','Bessy','Simoncelli','3778730712','4 Eggendart Place','30175','PD','VN',4,2),
    (33, 'FRYWRD96S13L219Q','Eward','Farey','1025964416','443 Oxford Center','20125','PD','LM',4,2),
    (34, 'NBRLNA54M07L219U','Aileen','Nobriga','6844062141','271 Cottonwood Trail','10141','PD','PM',3,2),
    (35, 'FRDDFF78B22L219Y','Duff','Fardy','8138742033','2 Almo Place','10141','TV','PM',4,1),
    (36, 'GUISNL68M14L219K','Stanleigh','Guiu','6701214942','65 Bowman Alley','40128','PD','ER',4,1),
    (37, 'MCHRVN90H26L219O','Rouvin','Mechell','6858934501','8004 Park Meadow Street','00152','PD','LZ',4,2),
    (38, 'PTRRHR67S03L219E','Aurthur','Petrov','1478451832','3 Moland Hill','24129','VI','LM',2,1),
    (39, 'BBTLYN63D20L219Z','Elayne','Ibbitson','1743671943','12742 Jenifer Hill','34129','TV','FV',6,2),
    (40, 'DBSNTL78R27L219S','Nettle','Dibsdale','5991453536','2 Dakota Crossing','37129','PD','VN',6,2),
    (41, 'HSLDYL59M18L219T','Danyelle','Haslegrave','6923059705','5800 Schiller Place','37129','VI','VN',5,2),
    (42, 'GSKBSL50M11L219Z','Basil','Gasker','1536103132','739 Twin Pines Street','24129','TV','LM',4,2),
    (43, 'WRRGNT69H14L219Z','Giacinta','Warricker','5313044445','21092 Sachs Point','57124','PD','TC',4,1),
    (44, 'TRWNTH84H25L219Y','North','Trewhela','9742093832','7 Schlimgen Avenue','50136','TV','TC',3,2),
    (45, 'MCLGBA90L29L219M','Gabie','McAlarney','7407275574','84 Dorton Lane','37129','PD','VN',4,2),
    (46, 'RCHWDN51R25L219O','Worden','Richardon','2709985981','35584 Bartelt Park','40128','TV','ER',4,2),
    (47, 'KBLSLN00S01L219P','Ashlin','Kebell','5681201391','32961 Sauthoff Way','37129','PD','VN',4,1),
    (48, 'BTCRWN94T31L219A','Erwin','Butchard','4074756489','2443 Vahlen Court','00196','PD','LZ',5,1),
    (49, 'PLIDRO77C04L219E','Dorie','Piola','2137083951','3206 Veith Trail','10141','VI','PM',5,1),
    (50, 'CRGMRG88A27L219S','Amerigo','Craigheid','6062717567','73 Arrowood Court','40141','TV','ER',4,2),
    (51, 'LFIRNE69D07L219Z','Rena','Life','3158896827','05769 Prairie Rose Street','00163','VI','LZ',3,1),
    (52, 'HRMTRH81B18L219I','Tarrah','Harman','4927728462','68556 Green Road','20136','VI','LM',3,1),
    (53, 'WHLLCK72A05L219A','Lock','Wahlberg','1056696544','68702 Eagle Crest Street','37142','PD','VN',3,1),
    (54, 'WRNCRL00A11L219R','Coralie','Wrangle','3308868188','80 Knutson Terrace','30175','PD','VN',4,2),
    (55, 'NRMRGR98S04L219K','Rudiger','Normavill','4295588316','5 Prairie Rose Place','10129','VI','PM',5,1),
    (56, 'LHRJFR85E06L219O','Jeffry','Lehrian','6193480698','3 Meadow Valley Trail','29010','PD','ER',5,2),
    (57, 'CPNNNO80R14L219G','Nona','Capener','6592118230','5433 Autumn Leaf Junction','40128','TV','ER',6,1),
    (58, 'KMBBWO63B18L219X','Bowie','Kimbley','7812837064','83 Mandrake Trail','37142','PD','VN',5,1),
    (59, 'CLCMGN73S09L219W','Morgen','Caulcutt','6561198144','12041 Drewry Drive','00163','TV','LZ',3,2),
    (60, 'CHTWHN93H05L219O','Washington','Ochterlony','7171174402','9 Everett Hill','24129','PD','LM',3,1),
    (61, 'CMPGAU70D22L219M','Augie','Campsall','2736519227','764 Northport Center','35129','VI','VN',3,1),
    (62, 'TNNLRT90L19L219O','Lorita','Tunnicliff','5408023955','8 Golf Course Plaza','25129','PD','LM',5,2),
    (63, 'MCGLSW72M06L219O','Ellswerth','McGuff','7751132689','4 Duke Street','50136','PD','TC',3,1),
    (64, 'RHLJMA55A04L219I','Jami','Rohloff','2087054699','455 La Follette Trail','00152','TV','LZ',3,1),
    (65, 'LTTGRN75R06L219R','Goran','Litton','2583419584','4 Meadow Valley Place','40128','PD','ER',5,1),
    (66, 'FRNJNC82E06L219I','Jeniece','Franklyn','3921743625','23035 East Junction','89129','TV','CI',2,1),
    (67, 'PLTCLN82E02L219Q','Carolann','Polet','6121905621','59381 Rowland Court','50124','PD','TC',3,2),
    (68, 'MSEMBL52P07L219L','Maybelle','Emes','1007325418','64124 Mcguire Park','10141','PD','PM',5,1),
    (69, 'BRVCSR70T08L219Q','Cesar','Braven','6845492587','321 Mandrake Parkway','00174','TV','LZ',4,1),
    (70, 'BNTSDL98M26L219J','Sydelle','Bentjens','7438312779','0 Hansons Way','89129','VI','CI',2,2),
    (71, 'DDDCVS94D15L219B','Octavius','Dodding','6233542934','53724 Fisk Drive','20125','PD','LM',5,2),
    (72, 'CRNRYA99M25L219C','Ray','Caren','3796254664','07 East Center','10152','TV','PM',4,1),
    (73, 'BYCDTT74L18L219S','De witt','Bycraft','8326648440','7830 Hazelcrest Trail','50136','PD','TC',4,2),
    (74, 'HYCBRG62E04L219E','Burg','Haycox','4487948249','32 School Circle','20147','VI','LM',4,2),
    (75, 'BLSJMM93H14L219V','Jammie','Ableson','3762692808','0 Washington Pass','20147','TV','LM',6,2),
    (76, 'DVDJMS63A02L219M','Jeremias','Davidovits','3864791049','1 Spohn Junction','00185','PD','LZ',3,2),
    (77, 'DNLCRS88S20L219C','Christine','Daniele','9471820866','4 2nd Park','10152','TV','PM',3,2),
    (78, 'STLRBK89B25L219N','Rebeka','Stailey','2312426368','69 Carpenter Drive','50136','TV','TC',4,2),
    (79, 'CCKPSC91C06L219O','Priscilla','Cockland','5115528345','81474 Lindbergh Terrace','10129','TV','PM',2,2),
    (80, 'LNGGBR77C21L219U','Gilberto','Lingard','9126615805','0058 Erie Circle','40141','PD','ER',3,1),
    (81, 'KHMRLT67C13L219K','Rafaelita','Khomin','8519016602','10778 Schurz Avenue','89129','VI','CI',2,2),
    (82, 'STNDGA50D01L219X','Dag','Stainton','3794348739','44 Hoard Crossing','00163','TV','LZ',4,2),
    (83, 'BYKMLN57S17L219N','Madelene','Boykett','4517010583','6 Northfield Hill','00185','VI','LZ',3,1),
    (84, 'BGGSNN71S30L219O','Shannan','Biggin','6138884080','5101 Russell Street','37129','VI','VN',2,1),
    (85, 'GLLLNR63R29L219J','Elianore','Gullivan','2756746443','746 Stuart Way','20158','TV','LM',6,1),
    (86, 'VRLSTF83H06L219E','Stefa','Overlow','7492724341','78539 Farragut Place','37142','TV','VN',3,1),
    (87, 'LYMRBN64H11L219V','Robbin','Lymbourne','6913464990','77571 Oakridge Drive','25129','PD','LM',5,1),
    (88, 'CBNFLL81H18L219L','Ofella','Cobon','5083152537','02379 Fulton Road','35141','VI','VN',5,1),
    (89, 'SFFMRK60M28L219W','Mark','Seiffert','5369855936','4427 Doe Crossing Hill','00185','TV','LZ',4,2),
    (90, 'BCHLJA61R31L219M','Alejoa','Buche','1505186789','53903 Kropf Junction','30175','VI','VN',4,2),
    (91, 'SLLMTT88R01L219P','Mariette','Sallis','7239516952','7086 Fieldstone Avenue','34129','PD','FV',3,1),
    (92, 'MTJGDY91D14L219Q','Goldy','Mateja','8171595835','21054 Coleman Street','20158','VI','LM',3,2),
    (93, 'WYNCYB50H14L219P','Clayborne','Wynrehame','4129118782','1218 Briar Crest Street','30175','TV','VN',5,2),
    (94, 'JNSGYL68M07L219B','Gayle','Jonas','2799586725','40 Blaine Road','00174','VI','LZ',1,1),
    (95, 'SHRNTA90C28L219J','Nat','Shrigley','2475214298','0524 Hauk Terrace','20136','PD','LM',4,2),
    (96, 'VRRRVN59D13L219U','Ervin','Varran','4248747599','77 Pierstorff Road','00152','PD','LZ',3,1),
    (97, 'BRRGRC62H26L219A','Gracie','Burridge','1041940847','38 Del Mar Court','25129','TV','LM',6,2),
    (98, 'SNNTLY51T27L219V','Tulley','Sinnatt','4636325842','630 Buell Street','00174','VI','LZ',3,1),
    (99, 'CSTRRN61B18L219T','Orrin','Castanyer','4492421087','35039 Bashford Road','00141','TV','LZ',6,2),
    (100, 'KMYBCC90M22L219A','Becca','Kamiyama','1576378108','55576 Becker Alley','40141','PD','ER',4,1),
    (101, 'DLLKTA88T18L219P','Kat','Dall','3537664255','0949 Rockefeller Drive','20136','VI','LM',3,1),
    (102, 'DTCSRT70M12L219Z','Osbert','Deetch','4281400500','337 Carberry Plaza','20147','PD','LM',3,1),
    (103, 'RSTCST63P06L219R','Constantine','Aristide','3323626571','895 Donald Lane','37129','VI','VN',2,1),
    (104, 'BRNKDL66T24L219T','Kordula','Brennan','7104643072','0692 Barby Junction','25129','TV','LM',3,2),
    (105, 'WHTRDD55H03L219U','Roddie','Whitchurch','5771286440','9 Graedel Crossing','10141','TV','PM',5,2),
    (106, 'LRKKNN53T31L219H','Kennan','Lorkings','1316545734','384 Maryland Center','00128','VI','LZ',5,2),
    (107, 'GGLRHY56M05L219P','Ruthy','Iggulden','5433028911','4270 Esker Pass','50124','TV','TC',6,1),
    (108, 'BLSTHR90C11L219L','Thor','Bilsborrow','1521852930','087 Bonner Way','57124','PD','TC',5,1),
    (109, 'HWNMWL67L03L219T','Maxwell','Hewins','3242414988','5371 Novick Street','57124','PD','TC',4,1),
    (110, 'WGRFPP00H23L219U','Filippo','Wager','9507931475','13994 6th Pass','00128','PD','LZ',4,2),
    (111, 'HLLPNE85L17L219Z','Pen','Haill','1124190143','87 Thackeray Lane','50124','TV','TC',5,1),
    (112, 'SCYLSU98P11L219W','Luis','Scyone','6952540265','97721 American Ash Parkway','25129','PD','LM',2,1),
    (113, 'HLGRRD63E22L219N','Ricardo','Halgarth','5755524188','0 Moulton Way','40141','TV','ER',3,1),
    (114, 'LMNPSC89D08L219B','Prescott','Elman','6943629921','02477 Express Pass','24129','VI','LM',6,1),
    (115, 'DVRWLW82D22L219B','Walliw','Davoren','2158590173','34 Bayside Lane','34141','TV','FV',3,1),
    (116, 'KRRCSL53H13L219B','Consolata','Kerrod','5377163547','19880 Kenwood Hill','30132','PD','VN',6,2),
    (117, 'NTTBGH82A17L219Y','Brigham','Nott','7198874503','224 Pine View Drive','00128','VI','LZ',4,1),
    (118, 'GDCFEE57M31L219Q','Fee','Goodacre','7992670893','231 Havey Parkway','40141','VI','ER',4,2),
    (119, 'WLSGNT95L22L219J','Granthem','Waliszek','3052632362','336 Spaight Place','10129','VI','PM',4,2),
    (120, 'LDWKSS89M24L219I','Krissy','Ledwich','8267705178','7 Melrose Pass','40128','VI','ER',6,1),
    (121, 'LCUGHR79C28L219W','Gerhardt','Luc','8697920080','3 Myrtle Plaza','20147','TV','LM',6,1),
    (122, 'CNCBCL70C12L219C','Barclay','Concannon','1937061201','5666 Upham Parkway','34141','VI','FV',3,2),
    (123, 'DLHCND57T22L219J','Corenda','De la Harpe','6547309534','2892 Stoughton Junction','10141','TV','PM',4,2),
    (124, 'CLNLLL50S11L219W','Lionello','Clandillon','9694409096','70754 Farragut Parkway','00128','TV','LZ',1,2),
    (125, 'SCHCLV67D21L219X','Cleve','Schaben','2001462219','241 Susan Crossing','35129','PD','VN',2,1),
    (126, 'FLTVLN65E02L219S','Valene','Fulton','2959533231','78867 Cottonwood Terrace','00163','VI','LZ',2,2),
    (127, 'MCSKDL55B05L219Z','Kendall','MacAskie','8069251791','1 Reindahl Junction','00185','VI','LZ',4,1),
    (128, 'WLHHFR72T27L219V','Hunfredo','Walhedd','7483521475','81 Aberg Lane','40141','TV','ER',3,1),
    (129, 'LGRMMY77B25L219T','Mommy','Le Grove','7215871194','775 Meadow Ridge Place','34141','PD','FV',4,2),
    (130, 'CLYFCY66D07L219B','Fancy','Clayden','1101075397','34 1st Crossing','50124','PD','TC',3,1),
    (131, 'CRNPLN69C12L219R','Appolonia','Cornick','3329362558','3971 Larry Center','40141','TV','ER',4,2),
    (132, 'HLDPTN69L18L219H','Peyton','Holdren','5966383711','331 La Follette Park','57124','TV','TC',4,1),
    (133, 'GMMGRY75B23L219W','Garey','Gumm','5549680727','58060 Pine View Avenue','20125','VI','LM',3,1),
    (134, 'CLSGCB66C20L219D','Giacobo','Coulsen','7406967347','9 Hoard Pass','00152','VI','LZ',3,1),
    (135, 'LBNSRL66P13L219C','Stirling','Albone','5376312436','978 Farragut Court','20136','VI','LM',6,1),
    (136, 'GTSBVR84E31L219R','Beverie','Gaitskill','6039934951','48157 Bunker Hill Alley','00174','PD','LZ',3,1),
    (137, 'DNNSTN82H14L219P','Ashton','Dinnis','4503244829','47091 Schiller Street','25129','PD','LM',4,2),
    (138, 'HRSDCN50A21L219R','Duncan','Harsum','5039912318','59 Grover Trail','35141','PD','VN',5,2),
    (139, 'BRYDRD79D17L219O','Edouard','Bruyns','9324691663','91714 East Place','34141','VI','FV',4,1),
    (140, 'PDLFNC71B23L219Y','Francois','Pedley','3931114798','781 Comanche Circle','37142','PD','VN',4,2),
    (141, 'PRRKRY97D30L219R','Korry','Purrington','8509069907','0876 Katie Street','00141','TV','LZ',4,2),
    (142, 'LPRNGA01C22L219D','Ange','Le Pruvost','3376322542','50985 Merchant Park','10141','PD','PM',4,1),
    (143, 'FZZNTT82E21L219V','Netta','Fuzzey','5841875987','3 Kim Road','20147','PD','LM',3,2),
    (144, 'RDDFRA74T04L219J','Fara','Reddyhoff','9295985771','03963 Rockefeller Drive','35141','TV','VN',4,2),
    (145, 'BLTBRI96E23L219V','Bria','Blitzer','1888008758','363 Westridge Court','30175','TV','VN',5,2),
    (146, 'TFFMFN68D11L219J','Muffin','Tuffley','1766056103','80 Manley Street','00174','VI','LZ',6,2),
    (147, 'MRSDYO82B01L219R','Odey','Marshland','2784239717','493 Del Mar Drive','20125','VI','LM',1,2),
    (148, 'LVNMST83P23L219E','Modestia','Elvin','2734803456','8971 Hanson Road','00128','VI','LZ',4,1),
    (149, 'JXNRST95L25L219N','Ernestus','Jaxon','1735942804','65 8th Avenue','10141','PD','PM',2,1),
    (150, 'KNGWDY66A23L219W','Wendye','Konig','3908263911','14265 Crownhardt Point','25129','TV','LM',5,1),
    (151, 'SSLLND72C27L219T','Alexandre','Sisley','6813915042','47 Brentwood Point','00128','PD','LZ',4,2),
    (152, 'LMBGGR81A08L219C','Gregorio','Lamburn','2407905191','2684 Stone Corner Street','30175','TV','VN',3,1),
    (153, 'CHSMLA80P21L219Y','Mala','Chasmoor','1261743731','501 Montana Avenue','00174','TV','LZ',6,2),
    (154, 'BRTVLA68D20L219X','Val','Bartles','3227895746','2681 Ridgeview Drive','35141','PD','VN',4,2),
    (155, 'CHRKRN74R27L219H','Karena','Chritchlow','1671149388','19492 Arrowood Avenue','20147','VI','LM',4,1),
    (156, 'MCTCSL58B13L219W','Consuela','McTerlagh','2088304706','0 Westerfield Circle','00163','PD','LZ',6,2),
    (157, 'CNTTMM63R12L219V','Timmie','Cantua','8081352740','86 Cordelia Drive','35129','VI','VN',4,2),
    (158, 'SKRVTT52L27L219E','Violetta','Skirling','5505467415','8 Mesta Hill','00196','PD','LZ',6,1),
    (159, 'RRLRHR56T06L219K','Arthur','Arrell','9663932835','06 Havey Drive','29010','TV','ER',3,1),
    (160, 'ZCKDLN96C07L219E','Idaline','Zack','5928524781','89398 Colorado Circle','29010','VI','ER',3,2),
    (161, 'BSLDLA70A03L219O','Adlai','Absolon','6358171461','062 Sunnyside Lane','50124','VI','TC',3,1),
    (162, 'DRNLNL81M10L219I','Linoel','Adrienne','5381888888','89580 Pierstorff Hill','40141','TV','ER',4,1),
    (163, 'SWFJRM62L06L219U','Jeremie','Swoffer','4471094414','4 Rieder Court','00185','VI','LZ',4,2),
    (164, 'CLLKRA64S09L219Y','Kara','Callway','2875697686','596 Green Lane','20125','VI','LM',3,2),
    (165, 'DWRWSH80P10L219K','Walsh','Dowrey','4277283269','076 Service Crossing','50136','PD','TC',4,1),
    (166, 'MCCDLL97R30L219R','Donielle','McCluskey','8471762365','76 Anderson Plaza','30132','TV','VN',5,1),
    (167, 'FLLLVR87A20L219E','Alvira','Fullick','2196634918','23187 Debra Junction','29010','PD','ER',3,2),
    (168, 'TRGLNS84H18L219L','Linus','Trigg','1784076490','2992 Shoshone Center','20147','VI','LM',4,2),
    (169, 'MYCZRH61B15L219Z','Zorah','Mycroft','4993439880','1269 Kennedy Plaza','34129','PD','FV',4,1),
    (170, 'BLBBRR59T11L219I','Barrie','Blabber','8358010387','391 Oneill Hill','00174','TV','LZ',6,1),
    (171, 'WYBBRK01E21L219M','Brooke','Wybern','5556363256','735 Chive Lane','37129','VI','VN',3,2),
    (172, 'SLDRHR81H01L219A','Arthur','Slide','6776374576','02 Bluejay Plaza','00163','TV','LZ',4,1),
    (173, 'DNSJTH73C16L219L','Jeth','Deniskevich','9653097245','248 Walton Circle','20125','TV','LM',3,1),
    (174, 'DYHRNA97R01L219D','Arnie','Dyhouse','8194474230','2340 Russell Hill','00163','VI','LZ',2,2),
    (175, 'HLFNHN70S16L219L','Nathanael','Halfacre','8002434598','935 Loeprich Center','00163','PD','LZ',4,2),
    (176, 'DGNNLS81B26L219N','Nels','Dignan','6432726128','58 Utah Junction','20136','PD','LM',5,2),
    (177, 'RBTCSS81E28L219N','Celisse','Robatham','8361241373','6457 Jackson Drive','00185','PD','LZ',2,2),
    (178, 'DSHBDT80D04L219M','Benedetto','Deshorts','9516508372','207 Lien Pass','20147','PD','LM',3,2),
    (179, 'PNYFNY66A27L219M','Fanny','Epinay','9616603547','72 Ridgeview Hill','24129','PD','LM',3,2),
    (180, 'RMBMRY77R24L219P','Malory','Rumbelow','5503237128','0 Ohio Street','89129','VI','CI',2,1),
    (181, 'CROBRT86D15L219P','Bartie','Coare','5316354138','5723 Cordelia Plaza','35141','PD','VN',5,1),
    (182, 'MLNGHR92S28L219B','Gothart','Milington','2994782194','04811 Main Park','20158','VI','LM',3,2),
    (183, 'CPSJTN53R10L219C','Justinn','Cops','4381838411','20568 Warbler Park','20136','TV','LM',4,1),
    (184, 'DXCHLN89R26L219U','Harlin','Dixcey','3485727769','143 Fuller Alley','29010','TV','ER',5,1),
    (185, 'DRNGNN88C25L219M','Ginnie','Drennan','2497900370','792 Washington Terrace','10141','VI','PM',3,1),
    (186, 'VRLMRS01A27L219Z','Maurise','Overel','9112080388','6 South Plaza','40128','TV','ER',3,2),
    (187, 'MBRFLP63S27L219I','Filip','Amberson','2578037960','4 Pine View Place','50124','TV','TC',3,1),
    (188, 'CHYSDA50M10L219C','Saidee','Cheyenne','1808279985','75108 Maryland Hill','37129','TV','VN',4,2),
    (189, 'MCTNNO80H18L219T','Nona','McTrusty','5856619451','37 Little Fleur Drive','57124','PD','TC',3,1),
    (190, 'MCRCLL86C10L219L','Cecilla','McRannell','1226050488','950 Truax Court','10129','TV','PM',4,2),
    (191, 'RMNRDL01B26L219C','Ardelia','Remnant','4298993620','6 Lunder Alley','20147','VI','LM',5,2),
    (192, 'KRYBGR88D25L219H','Beauregard','Krystek','5152619868','418 Luster Junction','34129','TV','FV',2,1),
    (193, 'MCGDEA80R25L219X','Eada','McGarvey','6503191486','2 Kings Place','10152','TV','PM',2,1),
    (194, 'KHLDNY91R26L219P','Donny','Kohlerman','2116675967','79 Armistice Plaza','34141','PD','FV',5,2),
    (195, 'SHVKPR02D06L219S','Kasper','Shaves','9677853105','7296 Main Place','34141','VI','FV',4,1),
    (196, 'DFFTMN61M29L219O','Tedmund','Duffet','9283393752','9 Arrowood Circle','00174','TV','LZ',5,1),
    (197, 'FDDGTR62T27L219S','Guntar','Fedder','7158250482','26 Summer Ridge Lane','00185','VI','LZ',6,2),
    (198, 'SCMLDS66C23L219L','Aldous','Scimoni','1076598808','9084 Havey Place','00185','TV','LZ',6,1),
    (199, 'BLNLGO67A10L219E','Olag','Blunsum','8542780544','4 Schmedeman Road','20136','TV','LM',6,1),
    (200, 'SDEDLL89D11L219M','Darelle','Seed','2538982541','91 Norway Maple Point','35141','PD','VN',6,1),
    (201, 'MRRLNE01T17L219U','Eleni','Murrthum','3436721661','053 Debs Court','20136','PD','LM',5,2),
    (202, 'THRJLN82S07L219N','Jelene','Thornborrow','4796152582','2987 Judy Road','35129','TV','VN',2,2),
    (203, 'WDMRDN87E05L219K','Ardene','Widmore','6697810337','07 Warrior Parkway','20136','TV','LM',4,2),
    (204, 'CHNDMR98S27L219M','Delmer','Chuney','4527846777','463 Everett Crossing','10129','VI','PM',4,2),
    (205, 'WNCDRS52T02L219L','Delores','Iwanicki','4535862080','15898 Del Mar Road','20136','PD','LM',6,2),
    (206, 'YGGHNN84E22L219G','Hernando','Yggo','1662815420','19 Burning Wood Park','00185','PD','LZ',4,1),
    (207, 'PLMSHN65S04L219D','Shane','Plumbe','7226889020','6410 Portage Avenue','20147','TV','LM',3,1),
    (208, 'BRYRND96L22L219B','Orland','Braybrookes','8652590988','2672 Knutson Road','20158','TV','LM',3,1),
    (209, 'WRGHBU93M13L219N','Hubie','Worg','6946738686','535 Forest Parkway','40141','VI','ER',4,2),
    (210, 'BGGTMS52A21L219C','Tomaso','Baggelley','7004861607','9549 Mariners Cove Court','10129','TV','PM',4,2),
    (211, 'WLLHLA78L08L219E','Hale','Willoway','5928468680','73 Clemons Crossing','40141','VI','ER',4,2),
    (212, 'MSMGLD93A08L219T','Golda','Measom','2651868270','27 Blaine Way','10129','TV','PM',6,1),
    (213, 'MYCSNI55L23L219G','Siana','Moyce','5589360311','52 Erie Alley','10152','PD','PM',6,1),
    (214, 'GSSFRN85R27L219E','Ferne','Gass','1108181434','8 Pawling Park','57124','VI','TC',6,2),
    (215, 'WYNLLH75C18L219R','Lilah','Wynrahame','2671018362','3108 Loftsgordon Junction','20147','TV','LM',4,2),
    (216, 'BRKFLL68S05L219V','Ofella','Barkshire','1267655218','79 Upham Hill','34129','PD','FV',4,2),
    (217, 'GGHRNE96L05L219F','Reina','Gough','3179692146','9216 Schmedeman Pass','20136','PD','LM',2,1),
    (218, 'CNGCRS65B01L219P','Chrisse','Congram','5311973146','7 Lindbergh Road','00141','VI','LZ',4,1),
    (219, 'GNEMRL93T16L219E','Merla','Egan','7253513775','10993 Upham Terrace','37129','TV','VN',2,2),
    (220, 'LYBJHN02B08L219X','Johan','Leyban','1806647543','93 Scofield Trail','57124','PD','TC',2,1),
    (221, 'GTHRKR80T14L219M','Rickert','Gouthier','8991422354','19889 Loeprich Center','34141','VI','FV',3,2),
    (222, 'BSCZLO96A23L219L','Zola','Biscomb','8062976775','46701 Debs Lane','89129','TV','CI',5,2),
    (223, 'GRSKRL83C05L219V','Karola','Grisley','9263590223','3 Roth Avenue','24129','PD','LM',1,2),
    (224, 'TLNLSL80C10L219N','Leslie','Atling','5139098086','85 Mayfield Trail','00141','TV','LZ',2,2),
    (225, 'WRYLNT85S12L219L','Linet','Wray','9166034914','78765 Melrose Junction','34141','TV','FV',4,2),
    (226, 'BRNGRM87B21L219Z','Graeme','Borne','9844921146','6 Fulton Trail','00128','PD','LZ',6,2),
    (227, 'CNCGNN72L22L219A','Gianni','Cuncarr','4612554199','6777 Chive Plaza','00141','PD','LZ',4,2),
    (228, 'WNOMNM98R30L219N','Magnum','Woan','8692907965','09 Moland Hill','57124','PD','TC',5,1),
    (229, 'BRSLTH78E12L219J','Iolanthe','Brislawn','8628339362','40 Gale Plaza','10129','PD','PM',3,1),
    (230, 'FCHBTL54L15L219B','Bartel','Faich','7417021154','6286 Orin Avenue','20158','VI','LM',4,2),
    (231, 'WTHMBL62L14L219U','Mirabella','Weatherall','4247691416','4 Dakota Lane','20158','PD','LM',4,1),
    (232, 'SNSDNN68L22L219P','Deanne','Sinson','7801870715','1 Sheridan Place','00185','PD','LZ',3,2),
    (233, 'WLKGDN56M04L219P','Goldina','Walklot','1834627452','2954 Eastlawn Crossing','35129','TV','VN',5,2),
    (234, 'LMBMLY90M12L219J','Marlyn','Lambden','2563493542','558 Corscot Place','57124','PD','TC',3,2),
    (235, 'BRKNLL88L28L219H','Noll','Barkshire','6759351812','33603 Pearson Pass','20136','PD','LM',5,2),
    (236, 'SVSFRH62M18L219C','Farrah','Sivess','1777460937','07 Rutledge Lane','10129','PD','PM',4,1),
    (237, 'BDEMRC76L20L219Y','Mauricio','Beade','4241191214','72704 Lawn Terrace','00196','VI','LZ',3,2),
    (238, 'MNCGLL78S27L219V','Guglielmo','Minchenton','1954972570','15 Cambridge Trail','00141','VI','LZ',3,2),
    (239, 'KNNSVT94S04L219K','Salvatore','Kennan','1682306133','194 Lukken Drive','00174','TV','LZ',4,1),
    (240, 'TRMLLX59R14L219J','Allx','Tremmil','4984403938','06 Di Loreto Court','35129','PD','VN',5,1),
    (241, 'FSTKST96L29L219W','Kristal','Faustian','2945591150','84 Golden Leaf Point','00185','TV','LZ',4,1),
    (242, 'MCGKLK80S06L219N','Karlik','McGilroy','6093028699','0149 Steensland Hill','40141','PD','ER',4,1),
    (243, 'DMNGLA70L16L219U','Gale','Doumenc','7035586469','3683 Shasta Parkway','37142','PD','VN',5,1),
    (244, 'PLLMBL88H16L219J','Maible','Pollett','3853715304','17 Park Meadow Pass','57124','TV','TC',6,1),
    (245, 'LLTWRN69A29L219C','Warren','Alliott','4134743314','77699 Stuart Park','35141','TV','VN',4,1),
    (246, 'DJRDDE69E28L219A','Dedie','Djorvic','4341354973','8 Kedzie Hill','35141','TV','VN',5,1),
    (247, 'RBRKRE00A05L219O','Keir','Robroe','4243970914','76 Clarendon Avenue','30132','VI','VN',5,1),
    (248, 'KLGJMY95S03L219G','Jamey','Kilgallon','4983486750','11 Donald Crossing','35129','VI','VN',6,2),
    (249, 'SRSPNM80A01L219Q','Putnem','Soares','8893786063','8019 Holmberg Crossing','30175','VI','VN',4,1),
    (250, 'RCHPLP88C11L219C','Philipa','Richin','3521127650','18528 Jenna Junction','00128','VI','LZ',4,2),
    (251, 'PRTCRK95B20L219R','Clark','Preator','6931552055','560 Lotheville Way','20158','VI','LM',5,1),
    (252, 'CYOLSN01E31L219Y','Alessandro','Coy','6252364312','86 Clarendon Lane','89129','PD','CI',6,1),
    (253, 'BDMMLV97D11L219C','Malva','Bodemeaid','1438163232','0796 Bowman Road','50124','TV','TC',4,2),
    (254, 'KLLMNA77S28L219O','Mano','Kollaschek','8891155797','9 Elka Alley','10152','PD','PM',3,1),
    (255, 'CCCBNR68E16L219G','Bernardine','Cicchinelli','2854256450','669 School Drive','50136','VI','TC',4,2),
    (256, 'TPLBND62P29L219I','Belinda','Topliss','9427213838','673 Mockingbird Crossing','40128','PD','ER',2,1),
    (257, 'MCGVCN76P19L219E','Vincenz','MacAughtrie','8699562352','2 Barby Point','30175','PD','VN',3,2),
    (258, 'NGLSBN83E15L219O','Esteban','Angel','4671382050','429 Florence Court','00185','VI','LZ',4,2),
    (259, 'JRDMLS53H29L219R','Melisa','Jorden','2813062229','7 Cascade Circle','30175','VI','VN',4,2),
    (260, 'FNITRN93D02L219D','Thorndike','Fine','9212601226','195 Rieder Center','34129','VI','FV',6,2),
    (261, 'BRYMHN51M16L219N','Meghan','Bryson','4932816839','033 Hanson Park','34141','VI','FV',3,2),
    (262, 'TPPSSM97E09L219O','Sigismond','Topping','3441936329','47331 Northport Alley','00152','VI','LZ',3,2),
    (263, 'DMPHRY59H27L219B','Hilary','Dempster','6269756852','4 Nevada Circle','35141','TV','VN',4,1),
    (264, 'SMKMLW63E20L219C','Marlow','Simko','7011059812','7 Dottie Circle','00174','VI','LZ',3,1),
    (265, 'STTCTS88R05L219J','Cletis','Stitwell','3705419170','2 Johnson Lane','50136','TV','TC',2,1),
    (266, 'CSCDKY99R18L219X','Dukey','Cuschieri','5897700218','402 Blaine Point','00196','TV','LZ',3,2),
    (267, 'MRTGNT77C27L219Y','Grantham','Martina','6885969533','25 Kipling Way','00128','VI','LZ',6,2),
    (268, 'RYSLNR78R13L219P','Leonore','Royse','5323774723','103 Everett Court','00128','VI','LZ',4,1),
    (269, 'DRCPRT61A07L219N','Port','Dracksford','1106480321','4 Welch Drive','30175','TV','VN',3,1),
    (270, 'JHNSGN56R23L219M','Sergeant','Jouhning','4435964984','2 Kennedy Lane','00185','VI','LZ',4,1),
    (271, 'XTLQNT99L19L219P','Quinta','Extal','7185447853','0 Brickson Park Trail','35141','VI','VN',6,1),
    (272, 'DLINLY59H08L219S','Natalya','Idle','9361415465','5859 Hanover Place','20147','VI','LM',6,1),
    (273, 'CSLNLE77H30L219B','Neal','Casel','9872298483','328 Clyde Gallagher Trail','37142','PD','VN',2,1),
    (274, 'DBDMRA55L22L219Y','Mar','Di Baudi','1132119819','6063 Thackeray Avenue','40141','TV','ER',5,1),
    (275, 'CKMLJA97S27L219G','Alejoa','Cookman','4037000983','2 Westridge Avenue','00185','TV','LZ',3,1),
    (276, 'MCWDNN91L28L219H','Danni','McWhirter','5403863923','19670 Larry Crossing','00163','VI','LZ',3,1),
    (277, 'KMMTNI81B05L219U','Tina','Kimmitt','9437355089','12 Meadow Ridge Point','40128','VI','ER',2,2),
    (278, 'HDNDBR77P12L219B','Adelbert','Hedan','4807092639','7 Delaware Junction','00185','VI','LZ',3,1),
    (279, 'GRNDTR67E06L219O','Dimitry','Greenslade','8252054578','1 Wayridge Circle','35129','VI','VN',3,2),
    (280, 'DYKBRT72A06L219E','Berta','Dykas','9491323884','8072 Ryan Junction','20136','TV','LM',4,2),
    (281, 'WTHRYA65M04L219C','Ray','Witheford','1357893765','5258 Eagle Crest Avenue','00141','VI','LZ',4,2),
    (282, 'DLPRDO84R24L219J','Roda','Delaprelle','6404778936','95990 Village Green Center','00128','VI','LZ',6,2),
    (283, 'DSAMLN62P12L219P','Merline','Daouse','8782820242','3 Stoughton Hill','89129','VI','CI',6,1),
    (284, 'MFFDRE76H19L219V','Eudora','Maffulli','1829596602','29 Homewood Plaza','29010','VI','ER',5,2),
    (285, 'CLMNKY61B06L219M','Nicky','Clampton','6574980087','5959 Monterey Plaza','10129','VI','PM',4,1),
    (286, 'CRMRND61A24L219Q','Rolando','Crampsey','4862842362','9798 Dunning Center','24129','VI','LM',3,2),
    (287, 'RKLRLP78L12L219B','Rodolph','Arkill','1847631401','878 Mendota Crossing','20147','PD','LM',6,1),
    (288, 'PRRDNY89S12L219D','Delaney','Perrelli','1648184662','9 Grasskamp Court','00174','VI','LZ',5,1),
    (289, 'BNTVEE73E25L219N','Eve','Bainton','6085261139','59411 Ludington Drive','30132','TV','VN',3,1),
    (290, 'MCKMRD81S19L219H','Mord','McKernan','8307496527','68 Cottonwood Point','00196','PD','LZ',4,1),
    (291, 'TWALNR90T24L219N','Lennard','Taw','3288217458','57435 Thompson Plaza','37142','TV','VN',6,1),
    (292, 'RNNWFL96S21L219K','Winifield','Rannigan','8827326913','413 Iowa Place','30132','PD','VN',5,1),
    (293, 'PNKKSH56B21L219C','Katusha','Pinke','2118107325','3235 Merrick Place','29010','PD','ER',4,1),
    (294, 'LCUDTR86R20L219A','Dexter','Lucia','1592571733','0 Armistice Street','29010','TV','ER',3,2),
    (295, 'RGGTHN62H07L219L','Thain','Rigge','3189300061','1 Northview Drive','24129','TV','LM',3,2),
    (296, 'LDLHRN94D29L219C','Hadrian','Laidel','7734436908','4862 John Wall Junction','20136','PD','LM',6,1),
    (297, 'BLCRRS82C19L219P','Robers','Balcers','3165537011','2071 Haas Drive','34141','PD','FV',6,2),
    (298, 'FSKDNN82P15L219P','Donn','Fiske','3048180865','448 Saint Paul Pass','20136','VI','LM',5,1),
    (299, 'CKRLYN71T12L219R','Allayne','Ickeringill','8881510870','9731 Toban Terrace','00196','TV','LZ',3,2),
    (300, 'MMNPRY91D25L219X','Perry','Immins','4489899007','38017 Donald Junction','24129','PD','LM',4,1);

INSERT INTO Sale(Numero, Nome, Posizione, Tipo, IDCasinò)
VALUES
    (1, 'Sala Verde','Piano Terra', 'Gambling', 1),
    (2, 'Sala Rossa','Piano Terra', 'Gambling', 1),
    (3, 'Sala Gialla','Piano Terra', 'Gambling', 1),
    (4, 'Ristoro 1','Piano Terra', 'Ristoro', 1),
    (5, 'Ristoro 2','Primo Piano', 'Ristoro', 1),
    (6, 'Sala Elite','Primo Piano', 'Congressi', 1),
    (7, 'Sala Master','Primo Piano', 'Congressi', 1),

    (8, 'Sala Blu','Piano Terra', 'Gambling', 2),
    (9, 'Sala Nero','Piano Terra', 'Gambling', 2),
    (10, 'Sala Arancione','Piano Terra', 'Gambling', 2),
    (11, 'Ristoro Top','Piano Terra', 'Ristoro', 2),
    (12, 'Ristoro Premium','Primo Piano', 'Ristoro', 2),
    (13, 'Sala EliteOne','Primo Piano', 'Congressi', 2),
    (14, 'Sala MasterOne','Primo Piano', 'Congressi', 2);

INSERT INTO Lavora_sala(IDSala, IDPersonale)
VALUES
    (1, 38),
    (2, 66),
    (3, 84),
    (4, 103),
    (5, 112),
    (6, 125),
    (7, 149),

    (8,  14),
    (9,  70),
    (10, 79),
    (11, 81),
    (12, 126),
    (13, 174),
    (14, 177);


INSERT INTO Giochi(IDGioco, Tipo, Nome, Descrizione)
VALUES
    (1, 'Poker','Texas hold ''em', 'Il gioco di poker più famoso del mondo sia dei casinò'),
    (2, 'Blackjack','Normale', 'Il blackjack è un gioco d''azzardo di carte che si svolge tra il banco, e i giocatori. Vincono i giocatori che realizzano un punteggio più alto del banco e non superiore a 21.'),
    (3, 'Roulette','Fair Roulette', 'Gioco d''azzardo in cui i giocatori scommettono su quale scomparto numerato rosso o nero di una ruota girevole cadrà la pallina'),
    (4, 'Roulette','Roulette Francese', 'Gioco d''azzardo in cui i giocatori scommettono su quale scomparto numerato rosso o nero di una ruota girevole cadrà la pallina'),
    (5, 'Slot Machine','SL CrazyOne', 'Dispositivo elettronico che permette di vincere'),
    (6, 'Punto Banco','Normale', 'Il giocatore sfida il banco in un gioco di carte'),
    (7, 'Punto Banco','Carte in mano', 'Il giocatore sfida il banco in un gioco di carte');

INSERT INTO Postazioni(Numero, Nome, NomeSala, NumeroSala, IDGioco)
VALUES
    (1, 'FR1','Sala Verde', 1, 3),
    (2, 'FR2','Sala Rossa', 2, 3),
    (3, 'AR1','Sala Gialla', 3, 4),
    (4, 'AR2','Sala Verde', 1, 4),
    (5, 'PK1','Sala Rossa', 2, 1),
    (6, 'PK2','Sala Rossa', 2, 1),
    (7, 'SLOT1','Sala Gialla', 2, 5),
    (8, 'SLOT2','Sala Gialla', 2, 5),
    (9, 'SLOT3','Sala Gialla', 2, 5),
    (10, 'SLOT4','Sala Gialla', 2, 5),
    (11, 'SLOT5','Sala Gialla', 2, 5),

    (12, 'FR1','Sala Verde', 8, 3),
    (13, 'FR2','Sala Rossa', 9, 3),
    (14, 'AR1','Sala Gialla', 10, 4),
    (15, 'AR2','Sala Verde', 8, 4),
    (16, 'PK1','Sala Rossa', 9, 1),
    (17, 'PK2','Sala Rossa', 9, 1),
    (18, 'SLOT1','Sala Gialla', 9, 5),
    (19, 'SLOT2','Sala Gialla', 9, 5),
    (20, 'SLOT3','Sala Gialla', 9, 5),
    (21, 'SLOT4','Sala Gialla', 9, 5),
    (22, 'SLOT5','Sala Gialla', 9, 5);

INSERT INTO Lavora(NumeroPS, IDPersonale, Ora_Inizio, Ora_Fine)
VALUES
-- Prima postazione
    (1, 1,'2020-05-1 10:00:00', '2022-05-1 14:00:00'),
    (1, 1,'2020-06-1 18:00:00', '2022-06-1 22:00:00'),
    (1, 1,'2020-07-1 14:00:00', '2022-07-1 18:00:00'),

    (1, 10,'2020-05-1 14:00:00', '2022-05-1 18:00:00'),
    (1, 10,'2020-06-1 10:00:00', '2022-06-1 14:00:00'),
    (1, 10,'2020-07-1 18:00:00', '2022-07-1 22:00:00'),

    (1, 17,'2020-05-1 18:00:00', '2022-05-1 22:00:00'),
    (1, 17,'2020-06-1 14:00:00', '2022-06-1 18:00:00'),
    (1, 17,'2020-07-1 10:00:00', '2022-07-1 14:00:00'),

-- Seconda Postazione
    (2, 23,'2020-05-1 10:00:00', '2022-05-1 14:00:00'),
    (2, 23,'2020-06-1 18:00:00', '2022-06-1 22:00:00'),
    (2, 23,'2020-07-1 14:00:00', '2022-07-1 18:00:00'),

    (2, 30,'2020-05-1 14:00:00', '2022-05-1 18:00:00'),
    (2, 30,'2020-06-1 10:00:00', '2022-06-1 14:00:00'),
    (2, 30,'2020-07-1 18:00:00', '2022-07-1 22:00:00'),

    (2, 31,'2020-05-1 18:00:00', '2022-05-1 22:00:00'),
    (2, 31,'2020-06-1 14:00:00', '2022-06-1 18:00:00'),
    (2, 31,'2020-07-1 10:00:00', '2022-07-1 14:00:00'),

-- Terza Postazione
    (3, 51,'2020-05-1 10:00:00', '2022-05-1 14:00:00'),
    (3, 51,'2020-06-1 18:00:00', '2022-06-1 22:00:00'),
    (3, 51,'2020-07-1 14:00:00', '2022-07-1 18:00:00'),

    (3, 52,'2020-05-1 14:00:00', '2022-05-1 18:00:00'),
    (3, 52,'2020-06-1 10:00:00', '2022-06-1 14:00:00'),
    (3, 52,'2020-07-1 18:00:00', '2022-07-1 22:00:00'),

    (3, 53,'2020-05-1 18:00:00', '2022-05-1 22:00:00'),
    (3, 53,'2020-06-1 14:00:00', '2022-06-1 18:00:00'),
    (3, 53,'2020-07-1 10:00:00', '2022-07-1 14:00:00'),

-- Quarta Postazione
    (4, 60,'2020-05-1 10:00:00', '2022-05-1 14:00:00'),
    (4, 60,'2020-06-1 18:00:00', '2022-06-1 22:00:00'),
    (4, 60,'2020-07-1 14:00:00', '2022-07-1 18:00:00'),

    (4, 61,'2020-05-1 14:00:00', '2022-05-1 18:00:00'),
    (4, 61,'2020-06-1 10:00:00', '2022-06-1 14:00:00'),
    (4, 61,'2020-07-1 18:00:00', '2022-07-1 22:00:00'),

    (4, 63,'2020-05-1 18:00:00', '2022-05-1 22:00:00'),
    (4, 63,'2020-06-1 14:00:00', '2022-06-1 18:00:00'),
    (4, 63,'2020-07-1 10:00:00', '2022-07-1 14:00:00'),

-- Quinta Postazione
    (5, 64,'2020-05-1 10:00:00', '2022-05-1 14:00:00'),
    (5, 64,'2020-06-1 18:00:00', '2022-06-1 22:00:00'),
    (5, 64,'2020-07-1 14:00:00', '2022-07-1 18:00:00'),

    (5, 80,'2020-05-1 14:00:00', '2022-05-1 18:00:00'),
    (5, 80,'2020-06-1 10:00:00', '2022-06-1 14:00:00'),
    (5, 80,'2020-07-1 18:00:00', '2022-07-1 22:00:00'),

    (5, 83,'2020-05-1 18:00:00', '2022-05-1 22:00:00'),
    (5, 83,'2020-06-1 14:00:00', '2022-06-1 18:00:00'),
    (5, 83,'2020-07-1 10:00:00', '2022-07-1 14:00:00'),

-- Sesta Postazione
    (6, 86,'2020-05-1 10:00:00', '2022-05-1 14:00:00'),
    (6, 86,'2020-06-1 18:00:00', '2022-06-1 22:00:00'),
    (6, 86,'2020-07-1 14:00:00', '2022-07-1 18:00:00'),

    (6, 91,'2020-05-1 14:00:00', '2022-05-1 18:00:00'),
    (6, 91,'2020-06-1 10:00:00', '2022-06-1 14:00:00'),
    (6, 91,'2020-07-1 18:00:00', '2022-07-1 22:00:00'),

    (6, 96,'2020-05-1 18:00:00', '2022-05-1 22:00:00'),
    (6, 96,'2020-06-1 14:00:00', '2022-06-1 18:00:00'),
    (6, 96,'2020-07-1 10:00:00', '2022-07-1 14:00:00'),

-------------------
-- SECONDO CASINO
-------------------

-- Prima postazione
    (12, 21,'2020-05-1 10:00:00', '2022-05-1 14:00:00'),
    (12, 21,'2020-06-1 18:00:00', '2022-06-1 22:00:00'),
    (12, 21,'2020-07-1 14:00:00', '2022-07-1 18:00:00'),

    (12, 29,'2020-05-1 14:00:00', '2022-05-1 18:00:00'),
    (12, 29,'2020-06-1 10:00:00', '2022-06-1 14:00:00'),
    (12, 29,'2020-07-1 18:00:00', '2022-07-1 22:00:00'),

    (12, 34,'2020-05-1 18:00:00', '2022-05-1 22:00:00'),
    (12, 34,'2020-06-1 14:00:00', '2022-06-1 18:00:00'),
    (12, 34,'2020-07-1 10:00:00', '2022-07-1 14:00:00'),

-- Seconda Postazione
    (13, 44,'2020-05-1 10:00:00', '2022-05-1 14:00:00'),
    (13, 44,'2020-06-1 18:00:00', '2022-06-1 22:00:00'),
    (13, 44,'2020-07-1 14:00:00', '2022-07-1 18:00:00'),

    (13, 59,'2020-05-1 14:00:00', '2022-05-1 18:00:00'),
    (13, 59,'2020-06-1 10:00:00', '2022-06-1 14:00:00'),
    (13, 59,'2020-07-1 18:00:00', '2022-07-1 22:00:00'),

    (13, 67,'2020-05-1 18:00:00', '2022-05-1 22:00:00'),
    (13, 67,'2020-06-1 14:00:00', '2022-06-1 18:00:00'),
    (13, 67,'2020-07-1 10:00:00', '2022-07-1 14:00:00'),

-- Terza Postazione
    (14, 76,'2020-05-1 10:00:00', '2022-05-1 14:00:00'),
    (14, 76,'2020-06-1 18:00:00', '2022-06-1 22:00:00'),
    (14, 76,'2020-07-1 14:00:00', '2022-07-1 18:00:00'),

    (14, 77,'2020-05-1 14:00:00', '2022-05-1 18:00:00'),
    (14, 77,'2020-06-1 10:00:00', '2022-06-1 14:00:00'),
    (14, 77,'2020-07-1 18:00:00', '2022-07-1 22:00:00'),

    (14, 92,'2020-05-1 18:00:00', '2022-05-1 22:00:00'),
    (14, 92,'2020-06-1 14:00:00', '2022-06-1 18:00:00'),
    (14, 92,'2020-07-1 10:00:00', '2022-07-1 14:00:00'),

-- Quarta Postazione
    (15, 104,'2020-05-1 10:00:00', '2022-05-1 14:00:00'),
    (15, 104,'2020-06-1 18:00:00', '2022-06-1 22:00:00'),
    (15, 104,'2020-07-1 14:00:00', '2022-07-1 18:00:00'),

    (15, 122,'2020-05-1 14:00:00', '2022-05-1 18:00:00'),
    (15, 122,'2020-06-1 10:00:00', '2022-06-1 14:00:00'),
    (15, 122,'2020-07-1 18:00:00', '2022-07-1 22:00:00'),

    (15, 143,'2020-05-1 18:00:00', '2022-05-1 22:00:00'),
    (15, 143,'2020-06-1 14:00:00', '2022-06-1 18:00:00'),
    (15, 143,'2020-07-1 10:00:00', '2022-07-1 14:00:00'),

-- Quinta Postazione
    (16, 160,'2020-05-1 10:00:00', '2022-05-1 14:00:00'),
    (16, 160,'2020-06-1 18:00:00', '2022-06-1 22:00:00'),
    (16, 160,'2020-07-1 14:00:00', '2022-07-1 18:00:00'),

    (16, 164,'2020-05-1 14:00:00', '2022-05-1 18:00:00'),
    (16, 164,'2020-06-1 10:00:00', '2022-06-1 14:00:00'),
    (16, 164,'2020-07-1 18:00:00', '2022-07-1 22:00:00'),

    (16, 167,'2020-05-1 18:00:00', '2022-05-1 22:00:00'),
    (16, 167,'2020-06-1 14:00:00', '2022-06-1 18:00:00'),
    (16, 167,'2020-07-1 10:00:00', '2022-07-1 14:00:00'),

-- Sesta Postazione
    (17, 171,'2020-05-1 10:00:00', '2022-05-1 14:00:00'),
    (17, 171,'2020-06-1 18:00:00', '2022-06-1 22:00:00'),
    (17, 171,'2020-07-1 14:00:00', '2022-07-1 18:00:00'),

    (17, 178,'2020-05-1 14:00:00', '2022-05-1 18:00:00'),
    (17, 178,'2020-06-1 10:00:00', '2022-06-1 14:00:00'),
    (17, 178,'2020-07-1 18:00:00', '2022-07-1 22:00:00'),

    (17, 179,'2020-05-1 18:00:00', '2022-05-1 22:00:00'),
    (17, 179,'2020-06-1 14:00:00', '2022-06-1 18:00:00'),
    (17, 179,'2020-07-1 10:00:00', '2022-07-1 14:00:00');

INSERT INTO Clienti(IDCliente,CF, Nome, Cognome, Contatto, Via, CAP, Provincia, Stato, Saldo)
VALUES

    (1, 'STDGTN68P16L219V','Aguistin','Studdard','4664838349','5 Hoffman Place','37129','VI','VN',112658.15),
    (2, 'FTTBNT88T16L219Z','Brent','Footitt','4008308513','1 Morrow Junction','40128','VI','ER',139907.99),
    (3, 'PTRPTY61L25L219A','Porty','Pietruschka','9134305692','1409 Mockingbird Park','00152','VI','LZ',55654.4),
    (4, 'DRTLNR63P13L219X','Elinor','Driutti','2997267321','04 Hazelcrest Point','35129','TV','VN',132646.7),
    (5, 'HMLMFU53T09L219L','Mufi','Hamilton','5365180565','286 Toban Place','00196','VI','LZ',81232.46),
    (6, 'BRSMRA90A30L219J','Mara','Breslau','3542193019','10147 4th Avenue','10152','PD','PM',123493.67),
    (7, 'TTYBRN95R08L219O','Abran','Attyeo','1085466054','02583 Luster Avenue','50124','VI','TC',114504.86),
    (8, 'WHRNBR59A23L219H','Ingaberg','Whorton','2449083618','9 Di Loreto Hill','00196','PD','LZ',19242.71),
    (9, 'VSQSLN70R29L219Z','Seline','Vesque','6513883516','7 Texas Circle','30132','PD','VN',78925.6),
    (10, 'SRLRTH81M18L219L','Ruth','Sarle','8483194639','5 Fremont Avenue','00185','VI','LZ',144079.22),
    (11, 'CCEPRL87B16L219A','Pearla','Ceci','2634429314','3907 Shopko Court','35129','VI','VN',46079.86),
    (12, 'SMOPLV55R04L219S','Pavlov','Soame','9003193326','77072 Arrowood Trail','40141','TV','ER',6065.92),
    (13, 'WFFRRY60P13L219X','Rory','Wiffill','5365732106','13147 Kenwood Pass','20147','TV','LM',25961.46),
    (14, 'SCNBXY55C18L219J','Baxy','Scones','3373113511','931 Victoria Hill','20125','VI','LM',70178.3),
    (15, 'FSSDRA01M05L219V','Dara','Fessier','6936544770','917 Amoth Parkway','29010','VI','ER',120583.71),
    (16, 'GLVREE89L10L219I','Ree','Gleaves','4201545403','22601 Lien Circle','30175','PD','VN',138265.23),
    (17, 'MCCJMY80D08L219D','Jeremy','McCaffery','5655155543','45 Parkside Circle','29010','TV','ER',86026.91),
    (18, 'DGLHRT95C14L219A','Hebert','Edgley','8146447598','25831 Blue Bill Park Place','10141','PD','PM',134339.72),
    (19, 'YUXLRD97L27L219Y','Leonard','Yu','1164183202','91760 Onsgard Park','50136','PD','TC',22841.4),
    (20, 'TDLBDH78C09L219V','Obidiah','Tadlow','2998150541','3 Debra Park','89129','VI','CI',42685.22),
    (21, 'LCHNGL62H13L219M','Angelo','Lochran','6123784952','30 Jana Hill','40141','TV','ER',120758.24),
    (22, 'BCKRLN65D17L219R','Roseline','Bockin','8608655005','842 Vernon Road','35129','VI','VN',75247.25),
    (23, 'MLCMTT56E03L219W','Emmott','Malacrida','1311035476','7 Westend Drive','50124','TV','TC',137513.32),
    (24, 'CRWNRN82A07L219Z','Norean','Crowth','7124566201','1429 Twin Pines Junction','89129','TV','CI',83678.94),
    (25, 'MCVMRH76A11L219Q','Myrah','McAvinchey','8081518456','71047 Pankratz Junction','50136','TV','TC',63655.95),
    (26, 'DDSCDR62T28L219I','Candra','Deedes','5803725306','37 Lakeland Park','20125','TV','LM',38393.46),
    (27, 'CHLBRK76A30L219X','Brooke','Challes','3455362512','762 Killdeer Court','24129','PD','LM',79511.57),
    (28, 'WSTFLR92C09L219L','Fleur','Waistall','2181404772','741 Melby Pass','37129','VI','VN',17771.19),
    (29, 'CHTRKA51E17L219U','Aarika','Chetter','4416777489','6542 Hermina Alley','30132','TV','VN',65206.7),
    (30, 'STRJNT56T04L219L','Jaquenetta','Storr','8442294432','6 Green Center','35129','VI','VN',141507.45),
    (31, 'RWDMTE57H25L219B','Meta','Rawood','9214515153','99 Hintze Court','29010','TV','ER',84768.54),
    (32, 'CRSDNN82H28L219L','Donn','Carslaw','3709169683','1 Division Street','20125','TV','LM',45357.91),
    (33, 'SMTBRS54H20L219K','Beatrisa','Smieton','6177420934','068 Tony Street','29010','PD','ER',37310.27),
    (34, 'CNWLRN70E23L219P','Algernon','Conew','9934574254','58107 Carioca Circle','40128','VI','ER',56424.43),
    (35, 'CHRMRA86H29L219N','Marie','Cheer','5431770704','9 Oriole Crossing','50136','TV','TC',95649.56),
    (36, 'FRSLNK64P11L219O','Lenka','Fursse','5717394998','9 Cascade Pass','25129','TV','LM',71319.48),
    (37, 'KNGMRO96M19L219N','Omero','Kingstne','3294489694','41103 Katie Point','00141','VI','LZ',136414.57),
    (38, 'GSKWLL51T29L219F','Wallie','Gaskamp','9899112328','76 Sutteridge Crossing','40128','TV','ER',14244.47),
    (39, 'GRRHRS71C31L219H','Harris','Garret','9362245607','5263 Banding Park','10129','VI','PM',41548.05),
    (40, 'FNTRRC52R27L219R','Rodrick','Fanthom','5031225422','84599 Bartillon Pass','29010','VI','ER',73956.73),
    (41, 'FBBMLE95M06L219B','Emilio','Fibbitts','8838015351','627 Wayridge Alley','10141','VI','PM',126919.38),
    (42, 'JRRKHR52P03L219X','Katherine','Jerrems','5973450101','31 2nd Trail','20158','PD','LM',37.26),
    (43, 'GNWMSM85A13L219B','Massimo','Agnew','9747755481','41 Bobwhite Drive','00174','VI','LZ',73856.24),
    (44, 'HMSNLI67D17L219V','Nial','Haimes','2072556813','42 Granby Plaza','37142','VI','VN',14963.29),
    (45, 'DMNNNT53H08L219Z','Antoinette','Domanski','7746814009','655 Redwing Park','37142','PD','VN',58833.56),
    (46, 'WHLRDN77E30L219P','Riordan','Wholesworth','8306366664','0095 Stephen Pass','50124','TV','TC',25643.41),
    (47, 'WHRCBY60M03L219L','Cobby','Wherrett','4782294102','21 Packers Junction','00152','VI','LZ',86847.25),
    (48, 'RNCNDR02R10L219K','Aindrea','Ronchi','3702698648','0013 Caliangt Alley','89129','TV','CI',48327.1),
    (49, 'CLLJPH84H21L219P','Josepha','Callway','9802546068','8 Packers Court','29010','PD','ER',120012.4),
    (50, 'STMHDG80T30L219O','Hildegaard','Stembridge','9409155602','869 Del Sol Center','29010','PD','ER',86164.61),
    (51, 'HPKFTN83P13L219H','Faustine','Hapke','7504160164','0 Mccormick Center','50136','TV','TC',116852.16),
    (52, 'TFFRVI77S05L219Y','Irv','Tuffin','7481950885','0496 West Court','35129','VI','VN',39303.82),
    (53, 'CRRSRW98C10L219W','Sherwin','Curry','2676402686','7577 Forster Terrace','50136','PD','TC',126522.15),
    (54, 'CTHJFF57A07L219O','Jeniffer','Catherine','8658477400','952 Pepper Wood Park','35141','PD','VN',102732.06),
    (55, 'HBRWTN95D23L219Z','Whitney','Hubery','8606035975','09 Reinke Junction','00163','TV','LZ',78011.96),
    (56, 'CNNPTT79D18L219V','Patti','Conner','5336670767','0923 Sage Point','50136','VI','TC',51163.58),
    (57, 'DRRBNR86P23L219P','Bernardo','Durrett','1623732103','1595 Independence Avenue','30132','PD','VN',19535.99),
    (58, 'GRNKLB02B11L219F','Kellby','Grandham','9379068744','69686 Corben Park','57124','VI','TC',83900.84),
    (59, 'HMPMTT70D22L219Q','Mattie','Humphries','7949012207','463 Jana Court','30132','TV','VN',9336.92),
    (60, 'HNGMLL95T30L219Y','Mirella','Hing','8887697670','416 Waywood Road','00163','VI','LZ',110587.72),
    (61, 'DLLCSS74M22L219I','Corissa','Dailly','2753968650','60 Lunder Place','20147','TV','LM',36040.48),
    (62, 'LYRDEX86S02L219V','Ed','Leyre','7609860787','9 Carioca Court','24129','PD','LM',64027.01),
    (63, 'CNNLCL00P23L219M','Lucila','Conneely','5488623311','97960 Eggendart Parkway','50136','TV','TC',73295.38),
    (64, 'TBBLVN55R10L219L','Alvinia','Tabb','3971408724','582 Lotheville Trail','00152','PD','LZ',105048.43),
    (65, 'MSENKK73H27L219I','Nikki','Meeus','2386810228','3 Texas Center','37142','PD','VN',112906.76),
    (66, 'DCRGGR69M11L219G','Gregorius','De Cristofalo','9853595498','3 Southridge Parkway','34141','TV','FV',83052.35),
    (67, 'CRNKSY51B13L219S','Kelsey','Cornthwaite','1985165415','3 Atwood Crossing','20147','PD','LM',105979.02),
    (68, 'GRWNMR61A28L219W','Annmaria','Garwell','2626174250','77062 Lunder Plaza','89129','VI','CI',4568.18),
    (69, 'STBRLA64T12L219Z','Ariela','Stebbings','6698126235','2354 Spenser Terrace','20147','TV','LM',122241.75),
    (70, 'KRMKLL83S26L219V','Kamillah','Kramer','6408418285','3075 Carioca Center','10141','TV','PM',14519.19),
    (71, 'TRDMRA98A22L219D','Mair','Tredwell','1163862623','55 Division Point','50124','VI','TC',121085.41),
    (72, 'MCRGRT69L25L219M','Gert','Macari','2166999610','3 Fieldstone Street','30175','VI','VN',58933.3),
    (73, 'STBCRL61C30L219L','Caril','Stubs','3635844030','42907 Merrick Center','00185','PD','LZ',123230.2),
    (74, 'LLSRHB85B27L219N','Rheba','Ellse','3371483339','4677 Spaight Drive','10141','PD','PM',126904.21),
    (75, 'BLBMRT83B05L219T','Marti','Bulbeck','1995487550','444 Swallow Center','00185','TV','LZ',24441.21),
    (76, 'MZRNSS77C30L219J','Nessi','Moizer','7711111973','35 Springview Crossing','20147','PD','LM',18076.8),
    (77, 'TRRBTH55C12L219Y','Barth','Torrans','6719898556','16 Brown Lane','34141','PD','FV',43748.45),
    (78, 'RDBNTH64D04L219O','Anthea','Radbourne','9099224468','5749 Hudson Center','20147','PD','LM',5065.94),
    (79, 'STRLLL90H04L219U','Lionello','Stearnes','9283276737','9406 Claremont Lane','35129','VI','VN',136470.83),
    (80, 'DCTKST96A26L219R','Kirstin','Doctor','7219515519','4776 Surrey Junction','40141','PD','ER',69577.56),
    (81, 'TTLBTH77D24L219J','Beth','Tootal','8775507917','77 Lakewood Gardens Hill','20125','PD','LM',7411.07),
    (82, 'VGRMYN84T26L219J','Emlyn','Vigars','1416820915','34 Corben Street','00163','PD','LZ',36498.59),
    (83, 'CRSMYX99M15L219L','My','Crasford','9566607936','0894 Leroy Alley','35129','VI','VN',29133.53),
    (84, 'CSSDNQ01H10L219D','Dominique','Cassar','2198340522','261 Manitowish Plaza','40141','PD','ER',5341.71),
    (85, 'SMMVRE58M01L219W','Veriee','Simms','6334066034','7296 Cardinal Avenue','00163','TV','LZ',114600.17),
    (86, 'LMMCRR74A31L219U','Corrie','Lamminam','1159095132','6771 Beilfuss Way','10129','TV','PM',121125.36),
    (87, 'HFFRSO70A27L219X','Rose','Hefferon','7074147206','25049 Straubel Road','25129','PD','LM',107253.02),
    (88, 'TSSBTL50S16L219T','Bartlet','Tassel','4591163863','29 Columbus Road','00185','TV','LZ',137012.23),
    (89, 'MLSDDI62E06L219I','Dido','Males','3042759600','1511 Burning Wood Hill','29010','VI','ER',100991.85),
    (90, 'HVSCLN69M09L219O','Colan','Havesides','1789095141','33874 Helena Terrace','20136','TV','LM',44840.99),
    (91, 'GFKCTN95B13L219T','Courtnay','Gifkins','1898776389','3 Vahlen Center','34129','VI','FV',24404.84),
    (92, 'RBRPTR85H13L219U','Pietro','Ruberry','8381443480','806 Cordelia Street','57124','TV','TC',139653.9),
    (93, 'MLDBRD89T29L219V','Bord','Meldon','7708235535','88 Lillian Crossing','30175','PD','VN',126229.67),
    (94, 'LDGPLA87A24L219N','Paulo','Lidgard','8474080114','263 Mayer Lane','29010','VI','ER',23719.18),
    (95, 'CHPBAI75D17L219G','Abie','Chapleo','8586865232','046 Merry Court','30175','TV','VN',132904.09),
    (96, 'SLYRHL66B28L219Q','Roshelle','Slyde','5571338992','8 Washington Avenue','10141','TV','PM',116280.45),
    (97, 'HNKRVY69P23L219B','Arvy','Hinks','6722480612','880 Homewood Circle','30175','PD','VN',102773.89),
    (98, 'VRTLGO98S12L219K','Olga','Verity','4447352681','8 Mockingbird Pass','20147','PD','LM',68134.46),
    (99, 'CLSKTH79P13L219E','Keith','Close','5951989739','92 Aberg Point','00141','VI','LZ',124817.61),
    (100, 'DPRSLN88B29L219X','Shalna','Diaper','4663473503','2050 Main Street','00196','PD','LZ',142309.97),
    (101, 'FCHWLK88S23L219Y','Wilek','Fochs','6153063338','1872 5th Hill','00152','PD','LZ',102466.6),
    (102, 'MCDZKE77H29L219E','Zeke','MacDiarmid','8616679063','38213 Hooker Drive','00174','PD','LZ',34660.25),
    (103, 'FRSDNA62A07L219I','Dana','Forstall','1775446402','03 Corry Center','10141','TV','PM',77542.42),
    (104, 'BRNCNY64C04L219Y','Corny','Brendish','8755661777','5743 Harper Junction','30132','PD','VN',26194.35),
    (105, 'GRYBRR84S15L219N','Barri','Garey','9679208366','486 Service Circle','37129','VI','VN',140731.77),
    (106, 'LHRLTE74R12L219R','Elita','Leahair','9268895440','67377 Orin Trail','37129','VI','VN',113003.76),
    (107, 'TYNGBA71C26L219M','Gabi','Tyne','2579648479','767 Loeprich Circle','10141','TV','PM',17652.99),
    (108, 'MNSMHL83P08L219J','Michael','Moens','5191930760','6 Sage Terrace','57124','PD','TC',16120.44),
    (109, 'LLNTNY55E19L219D','Tony','Ollin','2401260947','71972 Fieldstone Place','35141','PD','VN',46874.49),
    (110, 'YDUSLU70C14L219Z','Sula','Yude','1469151915','07 Loftsgordon Plaza','00185','PD','LZ',93405.46),
    (111, 'DLYWLY57C14L219J','Willy','Daley','4907308777','2 Golden Leaf Way','25129','PD','LM',125875.04),
    (112, 'MCGRBU70R01L219F','Rubie','McGraith','2592080893','8 Butterfield Way','57124','PD','TC',4077.54),
    (113, 'YNSFRE93M25L219F','Free','Youens','6483849807','54 Gerald Alley','57124','VI','TC',116322.72),
    (114, 'LNDCGG70P05L219O','Craggy','Lindwasser','3784529671','010 Harper Center','37142','VI','VN',58848.02),
    (115, 'BRCBTH67E28L219E','Bartholomeo','Bricknell','9424283292','259 Portage Place','00174','PD','LZ',74978.77),
    (116, 'FFNBYN02D04L219D','Bryana','Offen','7712029775','85 Dennis Terrace','40141','VI','ER',18181.73),
    (117, 'DGDSWR51M23L219A','Stewart','Dugdale','4131508977','6 Green Ridge Way','20136','PD','LM',32426.17),
    (118, 'PHLKTY51C15L219D','Katy','Phelan','4708171737','99621 Boyd Lane','24129','TV','LM',78308.97),
    (119, 'DWSSNL90C23L219H','Stanley','Dawson','8124529328','29442 Sunnyside Center','20125','TV','LM',88643.25),
    (120, 'FWLMHL61R06L219A','Michal','Fowlston','7849519897','81 Magdeline Alley','30175','PD','VN',65307.64),
    (121, 'SPDLLT51L18L219O','Elliot','Espadas','7217385532','5539 Bobwhite Road','20125','VI','LM',80247.19),
    (122, 'VYICLR91B14L219Q','Clare','Ivy','2652677994','87 Butternut Drive','37142','VI','VN',134047.9),
    (123, 'PHLXNS57L21L219J','Ximenes','Philson','8435664099','0 Hallows Point','40141','PD','ER',104168.79),
    (124, 'PCTTRH57R05L219C','Tarrah','Pacitti','6967719863','7569 Birchwood Pass','00185','PD','LZ',63015.01),
    (125, 'FRYCDL58C29L219F','Cindelyn','Fray','8665993021','05 Waubesa Circle','10152','TV','PM',56270.1),
    (126, 'RRLSLL76A03L219B','Estella','Arrell','9452957133','4124 Huxley Pass','00174','PD','LZ',61150.0),
    (127, 'KNGKPY69R08L219A','Kippy','Kingsford','2025038283','657 Warbler Avenue','20158','VI','LM',122860.48),
    (128, 'FRBKNY77R11L219Z','Kearney','Firebrace','5656658988','3 Hagan Terrace','00196','TV','LZ',6872.2),
    (129, 'MDGTMY85C23L219R','Tammy','Midgley','3103110286','26879 Fisk Center','37142','TV','VN',35216.13),
    (130, 'GRNRLO96C30L219F','Orelee','Gurner','7754005183','4620 Fuller Hill','00152','VI','LZ',113765.78),
    (131, 'THLWTT60B01L219D','Whittaker','Thulborn','8118979953','5386 Fairfield Terrace','40128','VI','ER',107817.66),
    (132, 'BSSKTA56T30L219Z','Katee','Bassingden','1924136264','191 Washington Place','35129','VI','VN',116630.59),
    (133, 'KLMXMN87R27L219U','Xymenes','Klemz','5931239716','78 Wayridge Avenue','35129','VI','VN',48633.91),
    (134, 'SPRCHN72H09L219G','Chen','Spoerl','4889496285','226 Mariners Cove Alley','30175','TV','VN',128175.56),
    (135, 'VMYNLE75C18L219W','Nelie','Ivimy','8432626286','3 Fair Oaks Pass','34141','VI','FV',58239.19),
    (136, 'BLCJLU88H15L219P','Julie','Bleackley','5748968757','39288 Lighthouse Bay Parkway','34141','VI','FV',28318.94),
    (137, 'SLLDRD59S15L219X','Darda','Solley','1502672460','23594 Gerald Pass','50136','TV','TC',54884.6),
    (138, 'MRALNT76B10L219T','Lamont','Maro','4881232961','7372 1st Hill','40128','VI','ER',91955.83),
    (139, 'HLMFST73D13L219Z','Forester','Halm','9822888140','4488 Scoville Trail','24129','VI','LM',96026.1),
    (140, 'RNTSDR55E24L219X','Saunders','Arnot','2704432523','25 Knutson Street','40128','VI','ER',24703.4),
    (141, 'CRNHBU52L11L219X','Hubie','Cranmor','6903618325','18916 Thierer Street','30132','PD','VN',35810.74),
    (142, 'MRRMLL89S22L219Z','Mabelle','Murrthum','8892732192','49 Nancy Way','20147','TV','LM',120258.15),
    (143, 'NTKMRG85C10L219G','Marge','Nutkins','1765771008','6544 Birchwood Park','00185','TV','LZ',106346.3),
    (144, 'DWCJNY98A30L219D','Johny','Edwick','7512547366','2 Lukken Parkway','00163','PD','LZ',121753.4),
    (145, 'GRTMND98A19L219P','Melinda','Girt','4705293404','5 Brown Drive','50136','TV','TC',52795.79),
    (146, 'TZKCRS86R16L219A','Charisse','Itzkovici','5009110138','5 Golf Course Way','37129','PD','VN',31640.35),
    (147, 'FRDMHW58T10L219H','Mathew','Fried','2433259787','689 7th Trail','35129','VI','VN',66829.06),
    (148, 'BRNRLD68M25L219Z','Rutledge','Bernade','3315051563','057 Dexter Court','89129','PD','CI',121431.45),
    (149, 'CLKCLO90H01L219K','Cole','Caulkett','5182722496','73 Crownhardt Parkway','89129','PD','CI',56574.52),
    (150, 'SLCVHL56H13L219D','Vilhelmina','Slucock','5726425653','183 Nobel Road','40141','VI','ER',37495.18),
    (151, 'RSNJNS54D28L219U','Jens','Rosenboim','5007892693','27 Sycamore Plaza','25129','TV','LM',28385.48),
    (152, 'SLLLRC55D19L219D','Ulric','Sallows','4597789824','534 Oak Valley Parkway','10152','VI','PM',4256.96),
    (153, 'GRNTNN51A05L219O','Tannie','Guarin','1944665069','66178 Melvin Hill','37129','PD','VN',98061.55),
    (154, 'PLKKLN58E25L219W','Kellen','Polak','3744539815','8 Forest Terrace','37142','PD','VN',49399.5),
    (155, 'BCKNLL84M23L219Q','Nollie','Buck','4617961759','67718 Towne Junction','10129','VI','PM',89376.18),
    (156, 'BLSGTL76S11L219Y','Gretal','Balsdon','2706899680','9 Pawling Plaza','00185','TV','LZ',5271.62),
    (157, 'TWSRLL72L08L219E','Rollo','Towson','7449997368','9 Upham Plaza','40141','VI','ER',134046.44),
    (158, 'MCLSLN86H14L219T','Shalna','McIlwraith','6353372791','314 Miller Road','00152','PD','LZ',109412.76),
    (159, 'BSSDWN62D01L219A','Dawn','Bessent','1964614416','025 Tennyson Terrace','00152','VI','LZ',26273.14),
    (160, 'KSTDLO67M20L219G','Odelia','Akaster','9139778621','6 Fieldstone Point','20136','VI','LM',16279.03),
    (161, 'GLGCST83L26L219Z','Cristie','Gligorijevic','9032068166','0 Rigney Circle','00196','VI','LZ',119674.0),
    (162, 'WLLDOE67E17L219M','Ode','Wallington','4199441015','42862 North Court','30132','VI','VN',125787.44),
    (163, 'PTRKTI67B11L219T','Kit','Patridge','3359075743','404 Porter Road','00128','VI','LZ',72961.33),
    (164, 'BNCSRL80H15L219N','Sharlene','Boncoeur','4826273124','81 Mccormick Pass','37142','VI','VN',55321.99),
    (165, 'NNSNLL84L22L219P','Neville','Innes','6209352274','82425 Ridgeview Avenue','34141','TV','FV',114127.17),
    (166, 'SCHTRR70P08L219W','Terra','Scholer','2507259245','38 Bellgrove Pass','00128','VI','LZ',116716.28),
    (167, 'LDRNRB02M04L219B','Norbie','Alderson','3272014913','42134 Annamark Street','34141','VI','FV',126526.16),
    (168, 'MCCRGN60L03L219E','Regan','MacCafferky','3974185846','0 Ramsey Way','00141','PD','LZ',134598.51),
    (169, 'NWRTSN67P19L219X','Tersina','Inworth','4264245698','528 Jay Alley','35141','PD','VN',19695.97),
    (170, 'TLBJRR76C27L219O','Jorrie','Tailby','6065079101','60 Pawling Plaza','25129','VI','LM',123195.45),
    (171, 'PRTRYE74C17L219F','Rey','Port','7888277843','90087 Express Trail','24129','TV','LM',116459.18),
    (172, 'SHRLSE96L21L219V','Elise','Shrieves','8885243697','61 Muir Park','34129','TV','FV',55977.96),
    (173, 'FVLLLL79L01L219C','Lionello','Favell','1273843517','6 Milwaukee Plaza','20158','TV','LM',25405.85),
    (174, 'DTMFDD94E11L219C','Freddy','Dietmar','2685347862','55126 Merchant Place','10129','PD','PM',126074.66),
    (175, 'RROTNA71H02L219X','Tania','Orr','6215233050','4 Corscot Street','00141','VI','LZ',53687.6),
    (176, 'HNNHGU70D04L219H','Hugo','Hunnisett','6405946429','95072 Harper Center','25129','VI','LM',122811.67),
    (177, 'LLGNDR88B16L219S','Andre','Olligan','3164651452','11 Wayridge Place','25129','TV','LM',120672.1),
    (178, 'MRGMSY73C28L219A','Missy','Morgan','3658469638','1 Express Lane','34129','VI','FV',36862.15),
    (179, 'WLCLLY65H12L219C','Lily','Wilce','8901648667','457 Lunder Road','34129','PD','FV',131536.52),
    (180, 'CSTGTN62L03L219G','Augustin','Castilljo','3089010194','2211 Helena Plaza','00196','TV','LZ',90455.99),
    (181, 'STVDLL52S12L219A','Delila','Stive','8772548183','3359 Chive Point','40128','VI','ER',93671.41),
    (182, 'MCGNRN62C31L219C','Noreen','McGaffey','3582340256','74933 Lindbergh Parkway','25129','TV','LM',79039.14),
    (183, 'CHRCLY73D15L219Z','Carly','Chirm','1181359695','70968 Forest Drive','20125','PD','LM',140002.47),
    (184, 'BHRPRT57A21L219O','Pierrette','Bhar','3278564139','867 Bartillon Alley','00152','VI','LZ',22874.96),
    (185, 'TTRHMA69E04L219Q','Ham','Attree','9413897158','96969 Troy Lane','20147','VI','LM',115167.18),
    (186, 'MCFJLO82D26L219N','Joli','McFarland','1738195764','34 Hollow Ridge Lane','34141','VI','FV',103043.31),
    (187, 'SLVCTA64S12L219U','Cate','Silvers','9965593295','729 Forest Dale Point','00128','VI','LZ',38141.32),
    (188, 'DNNMRN70E15L219V','Maureene','ODennehy','6471745175','0 Summerview Crossing','37129','VI','VN',59273.52),
    (189, 'STNKNA77T26L219S','Kaine','Stancliffe','7587279269','8771 Pleasure Drive','50124','VI','TC',16856.97),
    (190, 'SLDRWN74C15L219E','Rowan','Saladin','5828613435','0 Prentice Park','37129','VI','VN',40496.04),
    (191, 'TLOGCP75B18L219M','Giacopo','Tole','9023507625','12 Center Point','20147','TV','LM',93776.55),
    (192, 'FRRMLA76S01L219X','Amelie','Farrall','1937392762','39 Londonderry Road','00185','PD','LZ',58313.87),
    (193, 'WSLNVS90S16L219Q','Nevsa','Wasielewski','6081839219','295 Russell Trail','00141','PD','LZ',103148.21),
    (194, 'VRNMNL75B02L219Z','Manolo','Varian','9354937264','7 Moulton Alley','40141','PD','ER',36902.98),
    (195, 'SCHNCL54B16L219B','Niccolo','Sichardt','2902639041','961 Derek Pass','20136','VI','LM',70975.0),
    (196, 'JGGRYN61A07L219M','Aryn','Jaeggi','7183399316','676 Tennessee Pass','30175','TV','VN',34596.68),
    (197, 'JMTSRN78S19L219B','Sarina','Jaumet','6153700103','1893 Fordem Trail','50136','VI','TC',115808.09),
    (198, 'CRDFTN55B11L219O','Fulton','Cardello','9402242469','4 Melvin Street','00152','VI','LZ',18157.35),
    (199, 'DRNLRC83B06L219K','Ulric','Dreng','7821759126','1102 Clyde Gallagher Street','30132','PD','VN',86469.99),
    (200, 'RDMLRE02P25L219H','Elora','Redmond','8893368815','61 Oak Point','50124','TV','TC',13902.71),
    (201, 'DGNLNE93P09L219Y','Elaina','Duigenan','4009271756','3696 Carioca Pass','89129','VI','CI',23851.25),
    (202, 'SDDMTH01S27L219W','Matthieu','Siddens','2888305214','016 Linden Point','10129','VI','PM',21795.88),
    (203, 'GLAJKL50M14L219Y','Jacklyn','Gail','2728997045','725 Michigan Parkway','89129','TV','CI',80662.56),
    (204, 'PHLSHN58P25L219J','Shauna','Philson','6849471094','971 Corscot Way','50136','VI','TC',81234.14),
    (205, 'PNYLGU70T27L219S','Luigi','Pinyon','6785512642','785 Havey Lane','35141','TV','VN',68852.21),
    (206, 'DGNJBY01A08L219W','Jobye','Deegan','6524177152','7 Bellgrove Point','40128','PD','ER',113631.51),
    (207, 'GLYCNC72T12L219V','Chance','Glyne','8212298274','5 Kings Alley','37142','TV','VN',39816.83),
    (208, 'VRDCRS64L23L219C','Christoph','Verdy','4751684209','5 Ridge Oak Center','10129','VI','PM',5487.46),
    (209, 'HRTFLT96A05L219Z','Falito','Hartzenberg','8254945895','3 Thompson Drive','00163','PD','LZ',57892.25),
    (210, 'HNNDGH68B13L219O','Donaugh','Heining','1763006272','05878 Magdeline Street','30132','PD','VN',69637.57),
    (211, 'PHLWNA88C05L219J','Wain','Phillott','4052366651','00 Johnson Point','00185','PD','LZ',21452.76),
    (212, 'WNLGNI84B09L219Z','Gino','Winley','8797561851','66 Glacier Hill Trail','20125','VI','LM',41552.17),
    (213, 'BSHRDY88H01L219J','Randy','Baish','8715876267','9605 Moulton Alley','35129','TV','VN',117747.42),
    (214, 'SVLLME92S09L219I','Lem','Savell','6512224397','356 Prairieview Drive','50136','PD','TC',9879.97),
    (215, 'YLDRRT01H25L219C','Erhart','Yalden','5456634880','181 Little Fleur Junction','40128','VI','ER',45262.75),
    (216, 'TTFSLL89P02L219X','Sibelle','Tetford','7617298157','702 Donald Trail','10129','TV','PM',16800.98),
    (217, 'ZMFLMN86M24L219A','Lammond','Zum Felde','8958010381','002 Grover Drive','34141','TV','FV',135858.2),
    (218, 'MRCCRM95E28L219A','Carma','Marchent','8957850376','609 Hooker Alley','40141','TV','ER',85938.26),
    (219, 'DBRMLE86D29L219Z','Mel','Dobrovolski','8533762037','06567 4th Place','20147','VI','LM',68521.53),
    (220, 'NGIBND78P11L219G','Brandyn','Inge','9702237534','2 Daystar Avenue','89129','TV','CI',96766.65),
    (221, 'HNSSHN81T18L219A','Shena','Hansard','3217070520','24248 Holmberg Plaza','00128','TV','LZ',35816.21),
    (222, 'CLSCLA79L20L219B','Cal','Coles','2396752038','4876 Raven Parkway','00141','VI','LZ',52646.49),
    (223, 'LNDLDY60H30L219K','Lindy','Lindner','1191054120','24 Mitchell Hill','57124','VI','TC',28218.0),
    (224, 'HTHDAA71E06L219H','Ada','Heathcott','1849313260','41774 Holmberg Court','00152','TV','LZ',84775.4),
    (225, 'MCGLCS91A26L219R','Lucas','MacGuiness','6326609330','796 Ilene Terrace','20147','PD','LM',117376.37),
    (226, 'PKAJNA67H02L219V','Jaine','Paike','8544460990','8966 Browning Point','00141','VI','LZ',42012.19),
    (227, 'MLSMLE98S18L219E','Mela','Milsom','8256058428','24454 Gale Street','50136','VI','TC',32842.98),
    (228, 'RNKDNH55L23L219S','Dinah','Rankine','7505610721','5 Monica Center','30175','VI','VN',57507.08),
    (229, 'TPEBBR00T19L219B','Barbara','Teape','8587394224','79851 Pond Lane','10152','VI','PM',97356.36),
    (230, 'GRNSPP77A04L219E','Skippy','Guerin','7397947141','517 Arapahoe Place','10141','PD','PM',143459.19),
    (231, 'BSGLSY75B12L219Q','Lissy','Baseggio','6491831422','185 Washington Court','29010','PD','ER',89819.1),
    (232, 'KRDRLD76P02L219P','Rinaldo','Kordas','1939183715','77962 Portage Trail','20136','TV','LM',20540.97),
    (233, 'HSHTRL71H19L219D','Trula','Huish','6742201400','667 Sommers Junction','40141','TV','ER',125901.76),
    (234, 'WNTMDG97T16L219O','Madge','Winterton','3715266161','8 Bartillon Way','37142','TV','VN',71434.12),
    (235, 'DRZZRH61H17L219U','Zorah','Driuzzi','3007197974','2 Dorton Point','20136','PD','LM',25435.04),
    (236, 'WHTCLL57T02L219H','Cecilla','Whitehurst','1292448462','0878 Lotheville Point','20136','TV','LM',142180.13),
    (237, 'WNPBTL66H09L219F','Bentley','Winpenny','1304773316','89 Acker Terrace','00174','VI','LZ',122570.11),
    (238, 'KRWLRN53S10L219L','Lauren','Kirwin','8898084853','74198 Spohn Way','00128','VI','LZ',6954.47),
    (239, 'LMRMBL69S09L219M','Mirabella','Ailmer','8726048916','5943 Artisan Trail','40128','PD','ER',33038.97),
    (240, 'SPNKPY82L31L219U','Kippy','Spong','4372299094','2011 Morningstar Terrace','00141','TV','LZ',129334.58),
    (241, 'CLTCRL88H13L219L','Carlie','Cloute','1644797368','84864 Clyde Gallagher Avenue','00152','VI','LZ',88715.04),
    (242, 'CLQBRY83R23L219C','Aubry','Colquhoun','8143492214','7 Pearson Crossing','00185','PD','LZ',44185.96),
    (243, 'CTMCLY72H18L219K','Carlynne','Cutmare','1025274743','89358 Loftsgordon Junction','20147','TV','LM',74158.56),
    (244, 'LPSLBY69H24L219A','Libby','Alpes','8368060337','9449 Forest Trail','37129','PD','VN',32187.62),
    (245, 'RFFLHT91L21L219J','Leighton','Ruffli','1886822051','2908 Buhler Trail','30132','VI','VN',33081.14),
    (246, 'BRTSZY75P21L219F','Suzy','Bartrum','7519265584','2 Bellgrove Pass','10152','VI','PM',52292.34),
    (247, 'PDLFRD77S09L219R','Ferd','Apdell','6241192783','5 Scofield Crossing','50136','TV','TC',63348.22),
    (248, 'CMLVNN01E08L219N','Evanne','Camelli','2197627562','521 Charing Cross Plaza','50136','VI','TC',6392.77),
    (249, 'DNVMTY51S26L219F','Marty','Donovin','5436232718','4027 Jana Plaza','10129','VI','PM',27784.59),
    (250, 'MLSHLY99P23L219A','Holly-anne','Milsted','9282385551','39 Heffernan Junction','37142','VI','VN',53573.26),
    (251, 'TNDKST57S13L219X','Kiersten','Tindle','4363270256','34 Warbler Plaza','00152','PD','LZ',85547.35),
    (252, 'HRRVLR78A08L219L','Valeria','Harradence','6311793943','33 Loomis Pass','57124','TV','TC',48416.67),
    (253, 'SCRBNN91H18L219X','Bonnie','Scarlett','6782718850','6304 Bunting Hill','29010','TV','ER',83185.69),
    (254, 'CHNPRD80P02L219T','Penrod','Chandlar','1475439153','65813 Cascade Junction','89129','VI','CI',18782.36),
    (255, 'MNCMRM80S25L219W','Myriam','Minchenton','4384202599','967 Lakewood Avenue','00152','PD','LZ',94848.58),
    (256, 'FLKTXY85D22L219O','Trixy','Flooks','5237399931','7383 Glendale Court','37129','VI','VN',82825.96),
    (257, 'HCRHDD80R03L219M','Heddi','Hacard','5324957674','1 Gerald Hill','00196','TV','LZ',123915.37),
    (258, 'LTRBKY58D03L219B','Berky','Latour','2304705741','12 Monica Way','50124','TV','TC',17783.67),
    (259, 'LDWJYN85T07L219M','Joelynn','Aldwick','5209018775','132 Harper Parkway','30175','PD','VN',77013.95),
    (260, 'LLNGTL88S10L219P','Gretel','Lelande','6085422731','9 Lotheville Circle','30175','VI','VN',123486.25),
    (261, 'JNKKRK67S13L219O','Klarika','Jinkin','7705536780','42 Surrey Park','35141','TV','VN',50139.44),
    (262, 'THNCRS85B08L219U','Christy','Thaine','4389035448','64 Buhler Hill','34129','PD','FV',92153.14),
    (263, 'KMRGLR78S10L219W','Gayelord','Kemer','8256841794','33516 Lotheville Pass','20136','TV','LM',16541.22),
    (264, 'RNLBLY57L06L219B','Baily','Arnaldy','4236785029','449 Gateway Lane','50124','PD','TC',113010.32),
    (265, 'QNCRMN84L18L219B','Arman','Quincey','8112403746','3894 Brown Avenue','40128','PD','ER',143100.48),
    (266, 'SLVBNB99P07L219N','Brnaby','Silverwood','7259687898','62 Arrowood Parkway','00163','TV','LZ',4671.14),
    (267, 'HCKMGA84D10L219O','Mag','Hickisson','1344262885','787 Quincy Alley','24129','PD','LM',19027.64),
    (268, 'RSSMVY00S21L219H','Murvyn','Russon','9739380577','5 Graceland Park','25129','TV','LM',4611.55),
    (269, 'SMPWLD58R13L219B','Waldo','Simpkiss','5246896904','573 Derek Way','20125','VI','LM',36642.1),
    (270, 'RNLDNE74M16L219P','Edan','Arnaldy','3475560157','37024 Canary Crossing','35129','VI','VN',92667.21),
    (271, 'DFRLRY51R14L219D','Larry','Dufour','8311607824','88 Sutherland Plaza','00163','TV','LZ',134953.41),
    (272, 'NTBBCH75C04L219W','Butch','Nutbeem','6241510873','5121 Elgar Pass','00174','PD','LZ',98459.03),
    (273, 'WTCSMN69M14L219D','Simona','Weetch','1346641142','075 Blue Bill Park Terrace','50124','VI','TC',115055.28),
    (274, 'DRYCRY85D11L219W','Cory','Drysdell','2882198801','48 Hovde Place','34141','PD','FV',42319.59),
    (275, 'TLLTTH70B04L219D','Tabatha','Tilliard','9317594338','29 Nevada Terrace','00174','TV','LZ',104372.74),
    (276, 'RPPRND74A27L219P','Randi','Repp','7682606735','134 Cody Avenue','89129','PD','CI',52085.76),
    (277, 'BCKKSH70R19L219O','Krisha','Bockh','9341511206','590 Shasta Pass','40141','VI','ER',109163.37),
    (278, 'HRNRNN72S25L219G','Reamonn','Hearnah','2606093620','87 Warner Hill','37129','TV','VN',51955.83),
    (279, 'GRLFRN72M30L219L','Florence','Gerlack','1267020762','8 Kennedy Crossing','89129','VI','CI',2349.26),
    (280, 'GYACDD58D11L219P','Candide','Gay','8404424418','97 Memorial Place','29010','TV','ER',144240.94),
    (281, 'TCHTNY74E02L219N','Tanny','Atcheson','2262465216','1087 Basil Pass','50124','VI','TC',10146.96),
    (282, 'FCKPTN51P23L219T','Peyton','Focke','1272706051','50 Hanson Pass','00152','PD','LZ',140280.9),
    (283, 'CZPJNO86T24L219I','Joana','Czaple','8158333674','626 Dovetail Park','35129','PD','VN',80141.06),
    (284, 'DLOLND81R01L219Z','Linda','Doel','7555576313','46004 John Wall Crossing','57124','VI','TC',2331.72),
    (285, 'PNHCTT68C11L219F','Colette','Penhearow','1904616547','81938 Red Cloud Road','10152','PD','PM',72814.82),
    (286, 'CLLCRT90E25L219C','Charity','Cullivan','7085338528','61492 Carey Pass','34141','TV','FV',133159.55),
    (287, 'LGHSNT63D08L219K','Samantha','Loughney','8842548840','6 Monument Point','40141','TV','ER',11069.52),
    (288, 'RDGFNC68S25L219L','Francisco','Rodgier','9846482731','953 Pine View Street','50124','PD','TC',109997.06),
    (289, 'GDSKYS55T21L219Y','Krystalle','Goodsell','1438953204','579 Susan Parkway','30175','VI','VN',82754.35),
    (290, 'TNMHVY59S07L219T','Harvey','Tunmore','9728218300','1 Jackson Center','10152','TV','PM',90590.3),
    (291, 'CHVLRS63B03L219S','Lars','Chevolleau','7322494171','055 Shasta Pass','00174','VI','LZ',4393.1),
    (292, 'CRNTRS01B11L219Y','Theressa','Curnnokk','8087799279','918 Melody Plaza','10141','TV','PM',649.42),
    (293, 'RYDFRN54H29L219E','Efren','Royden','6896792608','694 Walton Parkway','00185','VI','LZ',117589.42),
    (294, 'CVALRN53D02L219V','Lawrence','Cave','1542308035','7959 Lerdahl Park','89129','TV','CI',48138.81),
    (295, 'RSLGRR54E01L219V','Grier','Ruslin','9546836637','600 Kings Hill','30132','PD','VN',97707.72),
    (296, 'RMNGNI81R06L219Z','Gina','Romanini','3197591979','2 Swallow Road','00152','PD','LZ',143333.15),
    (297, 'PTYJMY88M29L219V','Jeromy','Petyanin','9204034107','832 Lakewood Place','25129','PD','LM',130483.75),
    (298, 'PMFGNI02S09L219G','Gian','Pumfrey','5182215207','3 Pierstorff Junction','57124','TV','TC',13052.32),
    (299, 'BRCYNN96C04L219C','Yovonnda','Brocklehurst','2975086732','6815 Bartillon Street','20136','VI','LM',96255.41),
    (300, 'CYPDWN72C04L219L','Darwin','Cyples','1896154984','23 Donald Road','35129','VI','VN',130982.71),
    (301, 'CLTNLB95P01L219L','Englebert','Coult','2488243735','8 Katie Way','20136','TV','LM',3419.35),
    (302, 'SLMCML57T30L219S','Carmel','Solomonides','3871800313','8 Summer Ridge Hill','24129','VI','LM',41352.31),
    (303, 'CNDDDR50C05L219R','Diandra','Candish','7755603012','3375 Meadow Valley Alley','20136','PD','LM',55241.55),
    (304, 'WTKRBB55E12L219C','Rabbi','Watkiss','5659946408','27 Petterle Lane','50136','TV','TC',145416.6),
    (305, 'WTTBYM94B26L219Q','Benyamin','Wittke','9855867215','76 American Crossing','00174','TV','LZ',123446.88),
    (306, 'WPRWRD87C27L219K','Ward','Weepers','3922337189','882 Summer Ridge Drive','34129','VI','FV',45459.39),
    (307, 'TRLMDT66R08L219D','Meredith','Turl','5459679975','28 Northwestern Parkway','30175','VI','VN',59730.7),
    (308, 'TMWHRT51A06L219U','Horatia','Tomowicz','6658508307','0 Bobwhite Drive','00174','TV','LZ',95196.79),
    (309, 'RBRWRL69D09L219S','Waverley','Robart','9508238069','8 Merry Pass','25129','TV','LM',6040.48),
    (310, 'MRAMSO00T23L219G','Mose','Maeer','1759257095','62897 David Place','40128','VI','ER',88765.29),
    (311, 'SBBTSH57T24L219E','Tisha','Sabbins','9515968349','0 Sauthoff Pass','40141','PD','ER',125209.76),
    (312, 'FRSCLN52A07L219C','Carlen','Fairest','5097732708','14 Magdeline Circle','34141','VI','FV',12828.57),
    (313, 'RBRCMN57E03L219U','Clementius','Ruberry','9977952526','63 Gina Street','00185','PD','LZ',4883.54),
    (314, 'BYNNKL94S22L219W','Nickola','Boynton','6603793336','260 Manitowish Road','20158','TV','LM',42171.14),
    (315, 'DMNGDY61L13L219M','Gladys','Dominichelli','3082241889','9504 Fuller Trail','57124','TV','TC',79268.18),
    (316, 'MNTBRY51M25L219H','Berry','Mantle','5945267567','83351 Fremont Plaza','00196','TV','LZ',118905.29),
    (317, 'DLBRHL96T23L219V','Rochella','Dolby','7997193585','48405 Clyde Gallagher Point','00174','TV','LZ',127380.93),
    (318, 'RDDTNI00L18L219Y','Tina','Ruddy','2053794535','008 Commercial Drive','29010','PD','ER',72108.87),
    (319, 'MGHKPP75T25L219C','Kipp','Megahey','3301978701','0947 Dorton Drive','57124','PD','TC',47462.25),
    (320, 'SRNBRN60E20L219G','Bern','Sarney','8239195960','41 Lakewood Trail','57124','VI','TC',133398.32),
    (321, 'GSCSHN67H05L219U','Sashenka','Gascoigne','6709240115','79 Karstens Street','30132','TV','VN',149478.28),
    (322, 'HRSJLN72H23L219Z','Jillana','Hourstan','5064470206','19288 Butternut Center','50124','PD','TC',84817.97),
    (323, 'MCACYS95E16L219Y','Crysta','Mac','1888947108','6379 Sunfield Lane','34141','PD','FV',115666.07),
    (324, 'RVLSML99P05L219I','Samuele','Reaveley','7138911368','73 Acker Drive','00141','PD','LZ',15286.79),
    (325, 'MRSLMR00E24L219W','Almeria','Emerson','9105778511','50 Shoshone Park','50136','TV','TC',34382.38),
    (326, 'CLTGTH67B08L219G','Agretha','Cluet','9511927444','09 Vahlen Drive','20158','TV','LM',6389.36),
    (327, 'MWHLSH88L24L219L','Elisha','Mawhinney','8316668422','270 Bluejay Place','35129','PD','VN',104925.24),
    (328, 'BRNKTT83T25L219N','Kattie','Brian','2844385462','442 Mallory Pass','29010','PD','ER',105561.21),
    (329, 'GBLRLP91M31L219H','Rodolphe','Gabler','7733119974','23306 Atwood Avenue','24129','TV','LM',121947.85),
    (330, 'WHRRHR75M02L219P','Archer','Wherrit','3885782478','75853 Corry Circle','50136','VI','TC',88281.3),
    (331, 'PRBNRM75E28L219N','Ingram','Probert','9373190656','78 Utah Center','00185','VI','LZ',102502.17),
    (332, 'MTYSNS87E13L219Q','Spenser','Mityashin','7566342276','272 Dwight Trail','30132','VI','VN',113289.68),
    (333, 'VRRJTT67E30L219U','Janette','Virr','7513408355','04081 Hanover Avenue','57124','VI','TC',7650.52),
    (334, 'MCDKRY56R27L219X','Korey','McDuffy','3145358468','9 3rd Court','00185','TV','LZ',106517.53),
    (335, 'PTNWLL62M30L219A','Willa','Patience','9725596324','3 School Plaza','20136','VI','LM',5450.03),
    (336, 'SNTTST62A18L219J','Trista','Saintpierre','4212835576','23 Porter Junction','00196','PD','LZ',44798.12),
    (337, 'BSTMNQ70D01L219M','Monique','Boast','2213429142','129 Ohio Crossing','29010','PD','ER',96124.25),
    (338, 'SHRRGR96L23L219Y','Rodger','Sharpless','4044024716','8282 Lien Pass','40128','TV','ER',92112.73),
    (339, 'HMBLSL89B22L219G','Lisle','Hambleton','8578690760','59816 Mccormick Drive','50136','VI','TC',116003.87),
    (340, 'LRTWNR58R19L219B','Warner','Lartice','3665624593','47171 Harbort Parkway','30132','TV','VN',137503.72),
    (341, 'JNKLSH95H23L219A','Elisha','Jenkyn','5727693477','0 Colorado Alley','00185','TV','LZ',77649.29),
    (342, 'SPRVKK99L06L219Z','Vikki','Spurr','3892742875','7015 Eggendart Park','34141','TV','FV',77341.08),
    (343, 'TPPDLL84P20L219N','Dill','Tapp','4116229632','4 Roxbury Circle','20125','VI','LM',91181.86),
    (344, 'MLLNKY94C26L219B','Nicky','Mellmer','7916777297','49092 Holy Cross Circle','35141','TV','VN',11620.29),
    (345, 'GDRCST69M20L219M','Constancy','Guidera','3293402389','2 Ridgeview Court','20158','VI','LM',25471.72),
    (346, 'SHLCDN51P23L219F','Claudian','Shillum','3542026865','090 Westend Terrace','20147','TV','LM',61191.06),
    (347, 'WRBCGH68E19L219Z','Creighton','Warbrick','4868286314','4 Butterfield Circle','20158','PD','LM',123328.51),
    (348, 'HLWBTH73P28L219Y','Barthel','Helwig','6603948275','1294 Pine View Drive','34129','PD','FV',4041.73),
    (349, 'SPRGGN89L26L219A','Georgeanna','Spering','1702812024','35 Nobel Road','35129','VI','VN',143478.53),
    (350, 'LNCBBY92M15L219K','Abby','Lenchenko','6888720638','65 Muir Parkway','10141','TV','PM',59449.02),
    (351, 'GLSDNG97S21L219R','Domingo','Iglesia','3773902577','7 Gateway Junction','30132','PD','VN',5482.61),
    (352, 'BRCHCL60A04L219E','Hercule','Bruckental','8733644023','2776 Fairview Lane','20136','VI','LM',66996.45),
    (353, 'TCKPTN77T11L219H','Peyton','Etock','1755419851','8 Artisan Terrace','40128','VI','ER',9292.05),
    (354, 'PVRFNC75L05L219G','Frances','Pover','5174218759','38770 Michigan Alley','89129','TV','CI',140334.34),
    (355, 'WRNLRD90L01L219O','Leonardo','Werndly','6002019965','72 Rigney Place','10152','VI','PM',9969.5),
    (356, 'HDLLNS78H13L219F','Linus','Hadland','4346544133','04061 Vera Drive','29010','PD','ER',144527.8),
    (357, 'TRVNNA50B22L219C','Nan','Trevino','5418306160','84 Nova Lane','20158','TV','LM',142679.63),
    (358, 'PMISNN54C18L219J','Shanna','Pim','7921379740','3950 North Drive','10129','TV','PM',10386.27),
    (359, 'CSCBRN85P07L219C','Bran','Casaccia','1428799392','8511 Everett Hill','00141','PD','LZ',46482.68),
    (360, 'GDRRCC75T31L219X','Rebecca','Goodright','8307573965','73 Spaight Place','34141','PD','FV',30289.27),
    (361, 'NSIGSU58T29L219J','Gus','Nise','1269054685','52 Wayridge Way','25129','VI','LM',60688.52),
    (362, 'MRRTTE00E30L219C','Etti','Merrgan','2798140339','6 Sloan Hill','25129','TV','LM',88763.66),
    (363, 'VNNBRK54R21L219X','Brooke','Vennard','4387612363','0 Sheridan Road','00141','PD','LZ',145084.09),
    (364, 'BDHHTT83L04L219D','Hettie','Bodham','4297622885','038 Comanche Hill','34141','PD','FV',145332.31),
    (365, 'FLPCRS82E15L219H','Clarisse','Filippello','5939867089','42027 Dorton Pass','29010','VI','ER',80261.4),
    (366, 'CWNYMN55S20L219R','Yasmeen','Cowan','5151325994','1654 Walton Trail','20136','VI','LM',41062.41),
    (367, 'MCRNDY95M17L219Q','Nadiya','McReidy','9526535797','04 Division Circle','30132','TV','VN',56823.23),
    (368, 'MBRDNI63B05L219X','Dion','Embra','1871531151','88 Buell Circle','10141','TV','PM',126748.25),
    (369, 'DMPKLY61T23L219H','Kayley','Dumphrey','4154120769','67 Steensland Lane','89129','VI','CI',85953.31),
    (370, 'GRRVLN82B06L219W','Eveline','Gerrett','5968129584','2 Dovetail Parkway','30132','VI','VN',29658.7),
    (371, 'PHLJDA90A10L219O','Jada','Philler','1972657842','2 Kedzie Junction','34129','PD','FV',30163.73),
    (372, 'BLDCLN87R19L219B','Cullan','Baldocci','7414864872','42 Montana Trail','00185','PD','LZ',87192.17),
    (373, 'SKFCRN01C19L219V','Corena','Skaif','2216015094','68 Waxwing Way','00163','VI','LZ',82449.85),
    (374, 'BTTCHL79B17L219P','Chloe','Bottomore','5417922261','2687 Golden Leaf Crossing','20158','PD','LM',65656.94),
    (375, 'LYZKRR79T09L219D','Kerri','Layzell','8478639293','73 Quincy Pass','00163','TV','LZ',149343.28),
    (376, 'LDDSHN50B19L219F','Shani','Liddell','7459536018','26668 Linden Place','29010','TV','ER',143650.99),
    (377, 'MRTTLL53C14L219W','Tull','Morten','3822896820','85656 Spenser Parkway','00174','PD','LZ',92382.26),
    (378, 'MLLMGD67D11L219B','Magda','Mallett','2558168939','03 Rigney Court','00185','TV','LZ',28863.7),
    (379, 'CZNBND68C09L219F','Brand','Cozins','8001396024','49 Gateway Place','20125','VI','LM',138308.2),
    (380, 'LCCNSN88L08L219H','Nelson','Licciardiello','5578048626','270 Dennis Lane','20147','PD','LM',38148.86),
    (381, 'KNFFDR02L12L219E','Friedrick','Keneford','7085251905','793 Sullivan Center','10152','TV','PM',46813.09),
    (382, 'TRSLME66S13L219Z','Lem','Teresia','5505839602','8438 Dryden Trail','10129','VI','PM',133482.75),
    (383, 'SMNDRD01L16L219O','Edgardo','Osman','9651721719','1824 Basil Drive','00128','TV','LZ',17601.56),
    (384, 'KNNRGS96A16L219L','Iorgos','Kenion','7007278290','14249 Menomonie Place','40128','PD','ER',23789.11),
    (385, 'BSTNLB50T25L219A','Englebert','Bestar','5604514194','083 Springs Parkway','00152','VI','LZ',11732.8),
    (386, 'CLBPLN89E24L219E','Pamelina','Coleborn','4088520888','4 Cordelia Street','50136','TV','TC',30452.31),
    (387, 'RDGKRR55M22L219M','Klarrisa','Riediger','3015020481','4 Lillian Terrace','24129','PD','LM',29138.52),
    (388, 'GRLFRD50M17L219J','Fredia','Grellis','5757806442','824 Dexter Junction','00196','VI','LZ',25252.03),
    (389, 'BRTPHP71S28L219L','Phip','Breitling','2999899710','352 Saint Paul Pass','10141','VI','PM',61640.44),
    (390, 'TKSSYN77C12L219I','Shayna','Takos','7313302161','114 Charing Cross Lane','35141','TV','VN',27254.49),
    (391, 'STFGPR92P26L219V','Gasparo','Sitford','1382087543','17514 Memorial Street','00163','PD','LZ',22413.7),
    (392, 'CKHMVN91E21L219I','Mervin','Ackhurst','5892332973','573 Kingsford Way','00128','VI','LZ',33590.88),
    (393, 'MGNBNT51L19L219G','Benito','Meegin','4155005694','3 Carberry Alley','20136','VI','LM',82274.69),
    (394, 'BRBRBU65H15L219N','Rubie','Barbey','2676687505','624 Mayfield Street','30132','TV','VN',65623.4),
    (395, 'GNNSNN65D06L219X','Simonne','Gueinn','6404931596','7 Nancy Way','35141','TV','VN',139224.34),
    (396, 'CYOCSR93B07L219U','Cesare','Coey','8186080458','43 Menomonie Hill','20136','TV','LM',119381.82),
    (397, 'KNNMVN94E11L219N','Malvin','Kennea','6328727282','15198 Helena Circle','00196','TV','LZ',142844.11),
    (398, 'BDNTVS81L29L219Z','Travus','Abden','7613041936','4772 Maywood Lane','00196','VI','LZ',142239.81),
    (399, 'DRRMSS72D17L219A','Maressa','Derrington','6224254818','70 Bluejay Hill','37142','TV','VN',93166.26),
    (400, 'GMAJSN81H10L219J','Jayson','Game','5349879941','22 Bellgrove Junction','37129','TV','VN',260.11),
    (401, 'PLGGRM70L08L219D','Graeme','Poulgreen','5247959275','7958 Crescent Oaks Court','37142','TV','VN',77948.59),
    (402, 'SLPGTS52C14L219C','Augustus','Islep','9463780869','541 Gina Plaza','20125','PD','LM',137036.61),
    (403, 'CWPHZL80D13L219N','Hazel','Cowup','6494842335','39558 Hanover Drive','00163','VI','LZ',20851.33),
    (404, 'DNKMRN82C03L219W','Maren','Dunkerley','2429963138','17503 Manufacturers Place','34129','PD','FV',12695.01),
    (405, 'TDCMRN80B24L219T','Mirna','Tidcombe','9893664926','5 Commercial Place','40128','PD','ER',98241.66),
    (406, 'CLBGDY99L30L219Z','Gladys','Colbron','5947781645','78539 Manitowish Way','20136','PD','LM',84312.21),
    (407, 'PRMRMY80M02L219V','Romy','Premble','9027224758','6 Northview Trail','20147','TV','LM',144865.61),
    (408, 'WDDPTA01H03L219V','Pat','Widdowes','5595092919','112 Mandrake Road','37129','VI','VN',108296.34),
    (409, 'KGGCHR89T20L219M','Cathryn','Kiggel','1891658923','0913 Division Hill','30132','VI','VN',125163.25),
    (410, 'TRLDBR59L25L219E','Debor','Turland','2758782195','25650 Muir Pass','37129','TV','VN',64209.27),
    (411, 'NTELSI84L04L219X','Ilsa','Neate','5963530691','0931 Columbus Trail','20147','TV','LM',104465.11),
    (412, 'SWTKLN89R06L219I','Karlene','Sweeten','6283397355','6 Packers Street','00152','VI','LZ',60315.03),
    (413, 'MCNJRT74M23L219G','Jarrett','MacInherney','1637299687','583 Hansons Way','00174','PD','LZ',128545.21),
    (414, 'WHTJVS72E14L219A','Jervis','Whittaker','3723195837','49847 Straubel Avenue','10129','PD','PM',49256.56),
    (415, 'KNWNMN66T04L219H','Norman','Kenwell','1329747101','736 Nobel Plaza','00128','TV','LZ',21881.01),
    (416, 'PLLMLA56D12L219A','Amalie','Poll','7264431879','2622 Tomscot Circle','00152','VI','LZ',59854.44),
    (417, 'TTTCZM52S10L219V','Cozmo','Totterdill','8666209321','53273 Summit Drive','30175','TV','VN',138615.33),
    (418, 'GYMKLY53B09L219O','Karalynn','Gaymar','2693695237','846 Spohn Alley','00185','PD','LZ',36844.33),
    (419, 'JPPMRN54L23L219K','Morena','Jepps','7645987849','1424 New Castle Way','89129','VI','CI',116423.39),
    (420, 'BLARLA88H23L219U','Aurelia','Bail','7035965128','902 Mesta Crossing','24129','TV','LM',68642.43),
    (421, 'GTNNTH50P29L219J','Northrop','Gutans','8355825839','1 Raven Place','37129','PD','VN',113332.83),
    (422, 'WWLYLA52P21L219E','Yale','Wewell','2313821055','08 Jackson Center','35129','PD','VN',15502.8),
    (423, 'MSADLN62C27L219G','Edlin','Maso','5056561805','8789 Crownhardt Circle','00185','VI','LZ',120903.78),
    (424, 'WNCTCY96B17L219P','Tracey','Winckles','8294375450','77805 Nevada Avenue','57124','TV','TC',70114.98),
    (425, 'CSGDNY97D04L219L','Donny','Cosgrove','6629475841','05415 Washington Place','35141','VI','VN',147420.84),
    (426, 'FRYSST86S25L219L','Selestina','Frayling','1939129473','12 Vermont Street','10152','TV','PM',38266.06),
    (427, 'CRSLVN96L10L219J','Levon','Crisell','3611757057','02085 Surrey Court','37142','TV','VN',70230.03),
    (428, 'STHCLL70C09L219Q','Camella','Southouse','4888314896','93 Randy Hill','10129','TV','PM',22766.64),
    (429, 'SHWNLS62T13L219X','Inglis','Showt','6705744759','4064 Miller Pass','40128','TV','ER',15559.42),
    (430, 'JGRBYN84L25L219X','Bryanty','Jeger','1546492791','1 Graceland Crossing','89129','TV','CI',57549.05),
    (431, 'KNPLDS81E16L219H','Lindsay','Kneaphsey','7321964119','704 Memorial Crossing','89129','PD','CI',63160.96),
    (432, 'DYCNBO52M03L219L','Nobe','Dayce','6584820652','72 Laurel Street','50136','PD','TC',47890.91),
    (433, 'TRPTNI97E10L219C','Tiena','Trippack','1914473212','58980 Kipling Plaza','20125','VI','LM',99835.85),
    (434, 'STHBRN87H27L219O','Brena','Southon','7171880386','3 Blue Bill Park Drive','00141','PD','LZ',69511.4),
    (435, 'PDGJRE69P02L219I','Jere','Pedgrift','7684864449','40449 Village Green Way','00174','PD','LZ',138154.24),
    (436, 'DXSMRN88A09L219G','Myranda','Dixson','7262722392','3199 Ryan Drive','20125','VI','LM',124765.15),
    (437, 'TNNKYS87E20L219T','Krysta','Tennant','7556683303','5 Manufacturers Trail','10152','PD','PM',136642.0),
    (438, 'BZKCLN54M05L219C','Carolan','Bazek','1133379067','69058 John Wall Trail','00196','TV','LZ',27714.44),
    (439, 'RDMKRH65H29L219W','Karrah','Readmire','8445610436','59407 Grim Park','20125','PD','LM',72203.44),
    (440, 'LRNLTY59R18L219W','Lefty','Lornsen','8486365206','8 Goodland Junction','10152','PD','PM',135388.04),
    (441, 'WLLMXY73T16L219E','Maxy','Wallworth','1438165545','641 Pankratz Park','35141','PD','VN',148640.37),
    (442, 'BYUBTT63E31L219M','Brett','Buye','1078767180','22 Sycamore Lane','24129','PD','LM',44413.36),
    (443, 'CHLFRN50L09L219O','Florenza','Chalfant','6153702470','487 Brown Junction','00152','VI','LZ',148181.88),
    (444, 'STACRN78M04L219P','Corene','Aust','4365936743','16 Pawling Trail','30175','VI','VN',136630.18),
    (445, 'FRMNLE54M12L219S','Neil','Forman','8155246621','7665 Doe Crossing Pass','89129','TV','CI',137408.16),
    (446, 'DNSCDS99R29L219C','Claudius','Danslow','6199281070','83982 Chive Center','35141','VI','VN',78077.06),
    (447, 'PPLCLL61P16L219I','Eachelle','Peplay','2627544186','4424 Sunnyside Parkway','20125','VI','LM',31762.49),
    (448, 'HNTDCN66E31L219G','Delcine','Hunte','8123504369','02504 Ronald Regan Street','00185','VI','LZ',58131.53),
    (449, 'SBBFNS77P01L219R','Fonsie','Sibbe','7045821621','71369 Oakridge Hill','40141','VI','ER',16493.04),
    (450, 'BLVHDN80M05L219G','Hayden','Abelov','3284889532','0 Twin Pines Lane','00196','PD','LZ',92411.77),
    (451, 'SNGNRC00P06L219Q','Enrico','Sangwine','6444486313','3 Cody Way','00152','TV','LZ',104560.67),
    (452, 'GRTHRT99S22L219L','Hubert','Gratrix','9802504100','69148 Eastwood Place','30132','TV','VN',98336.16),
    (453, 'BRRJNA52R28L219G','Janie','Burriss','5088927737','04973 Springview Court','30175','TV','VN',114251.92),
    (454, 'CRWLBT56D19L219E','Elisabeth','Crowth','6953388116','2 Burning Wood Hill','20147','PD','LM',101595.69),
    (455, 'CBTFFE51H01L219H','Effie','Ciobotaru','7721731300','614 Florence Road','29010','TV','ER',99019.18),
    (456, 'VRLLHT60P07L219V','Leighton','Everall','3447638150','9 American Ash Drive','40141','TV','ER',23508.81),
    (457, 'PLMMRO01H06L219I','Omero','Plimmer','5113131245','8 Meadow Ridge Lane','20158','TV','LM',33074.02),
    (458, 'JNWBLN79C26L219E','Bellanca','Janew','5674943086','96 Nancy Court','10141','PD','PM',61809.94),
    (459, 'CDAPBR90E07L219W','Pembroke','Cade','9651985258','31 Pearson Alley','30132','PD','VN',20981.36),
    (460, 'BCRCSS54B22L219A','Celisse','Becaris','6537187477','983 Jana Trail','50136','PD','TC',20176.4),
    (461, 'CHRLVN89H23L219Q','Elvina','Christauffour','7197620897','95243 Ludington Center','00174','TV','LZ',57655.52),
    (462, 'RMSRST96E16L219O','Armstrong','Armstrong','7849836538','62 2nd Drive','00185','TV','LZ',66539.32),
    (463, 'RDDCLN99P26L219V','Callean','Riddler','9011062259','13545 Buhler Circle','00141','PD','LZ',75274.28),
    (464, 'MNDWLT74S22L219F','Wilt','Manuaud','2976172858','779 Ruskin Crossing','20147','PD','LM',107275.83),
    (465, 'NLNRST54H18L219J','Rustie','Nealon','9905326606','95 Pawling Drive','35141','TV','VN',133256.98),
    (466, 'RNYCTN67H18L219P','Catina','Rainy','1119478985','7 Emmet Avenue','00163','PD','LZ',127327.82),
    (467, 'GDHMYN98H16L219C','Maryanne','Goodhay','3468445852','2901 Ridge Oak Drive','37142','VI','VN',96725.15),
    (468, 'SPVSSH57R02L219P','Issiah','Spavon','7918418055','23685 Crownhardt Plaza','50124','PD','TC',132972.97),
    (469, 'MNGMRL86L03L219V','Merralee','Mangenot','5336427843','232 Summerview Terrace','10141','VI','PM',68665.56),
    (470, 'DKLTRD64B12L219K','Trudi','Dikles','2256835545','51932 Logan Street','00152','TV','LZ',60952.13),
    (471, 'LRYRFL86M31L219O','Rafaela','Lorey','7126063312','18568 Arrowood Point','00196','TV','LZ',106116.13),
    (472, 'GRTGLR82E27L219E','Gayler','Garthland','6932950808','07451 Fieldstone Avenue','10129','PD','PM',831.3),
    (473, 'LMPCLN94L10L219D','Carlen','Lempenny','1084610282','18437 Kennedy Road','57124','VI','TC',21359.28),
    (474, 'GHRSGI54T13L219S','Sig','Ghirardi','7978003172','20226 Coleman Park','30175','TV','VN',26719.72),
    (475, 'BSENRN01S06L219Y','Norina','Beese','5722132282','2736 Grim Crossing','20136','VI','LM',73320.76),
    (476, 'CNDKVN52R10L219R','Kevan','Candie','2058206234','0198 Clemons Way','10141','PD','PM',8517.31),
    (477, 'FRDDVN01H17L219I','Devon','Freda','7074940410','6943 Forest Run Street','50136','PD','TC',93131.99),
    (478, 'GRSRNE60R08L219J','Rene','Grist','6849399227','62058 Spohn Hill','40141','VI','ER',97837.88),
    (479, 'MCNKAI89A19L219S','Kai','McInnery','5489191691','6 Kim Terrace','00196','VI','LZ',39812.33),
    (480, 'STLKIX82D02L219C','Ki','Stollwerk','1584253743','45 Pearson Way','50124','TV','TC',103559.34),
    (481, 'LFTBDC63C25L219F','Bendicty','Loft','1773671896','52 Larry Point','00141','VI','LZ',130236.75),
    (482, 'SKLBRD50L05L219C','Bridie','Skells','3352419238','50217 Armistice Parkway','10152','TV','PM',138291.74),
    (483, 'RLETRN93D11L219I','Trina','Earle','1721064761','26879 Rusk Plaza','30132','TV','VN',30445.33),
    (484, 'YKVBBB95T24L219F','Bibbie','Yaakov','1769252352','0 Utah Alley','34141','TV','FV',112740.12),
    (485, 'RHDBYT74D24L219N','Blythe','Rhodes','2809762647','2404 Bobwhite Parkway','00174','VI','LZ',113110.86),
    (486, 'SLKDLL52H22L219Q','Donelle','Silkston','8016823974','16648 Oxford Junction','89129','VI','CI',144384.0),
    (487, 'VNDHWT92P24L219X','Hewet','Vondruska','5731638070','3459 Spaight Avenue','24129','VI','LM',59022.96),
    (488, 'PNNLLN87C02L219I','Allin','Pennetta','6041542369','7 Rusk Lane','00185','PD','LZ',86493.34),
    (489, 'SLLKLI96M31L219F','Kile','Solloway','9058151414','72345 Sunbrook Alley','35141','TV','VN',101434.05),
    (490, 'SCDNLO79A28L219I','Nola','Escudier','6877702363','10 Rigney Point','20147','VI','LM',100289.28),
    (491, 'DWTVVT97A30L219I','Velvet','Dowthwaite','9409698797','71533 Hauk Crossing','24129','PD','LM',30151.56),
    (492, 'LCMZLO97B20L219G','Zola','Elcomb','3326768468','8096 Atwood Road','00174','TV','LZ',22088.11),
    (493, 'LPNSNT00S01L219R','Shanta','Alpin','1214423328','0527 Gale Drive','35141','PD','VN',114771.99),
    (494, 'GLYTMM91E08L219F','Tommi','Gooly','6417373245','201 Lillian Plaza','20125','TV','LM',74036.37),
    (495, 'CLLLVC83D17L219Y','Lodovico','Collingdon','7069656405','1989 Moulton Way','00141','TV','LZ',29702.29),
    (496, 'RDGMLR51L30L219P','Millard','Riediger','4012272921','31 Warrior Alley','00152','VI','LZ',79339.06),
    (497, 'LNNSRN69L03L219T','Stearne','Linne','8028355245','967 Buhler Avenue','00163','PD','LZ',60341.49),
    (498, 'RVNCLD76B10L219R','Calida','Ravenhill','1688607542','34848 Manitowish Hill','34129','VI','FV',14652.48),
    (499, 'BZEKRL67L09L219S','Karlee','Beaze','1618657736','63037 Banding Terrace','20147','TV','LM',45876.24),
    (500, 'RMLDLN98D21L219Q','Adaline','Ramelet','9908280965','0491 Menomonie Crossing','35141','VI','VN',110411.55),
    (501, 'WRMCLY87M27L219G','Carlyle','Worms','9474973916','02 Cardinal Way','00152','PD','LZ',106972.21),
    (502, 'DQNDLL64E24L219I','Darell','de Quincey','8522537435','5 Rusk Junction','20136','VI','LM',60347.02),
    (503, 'FRNFCL63H06L219D','Felicle','Frantz','9959147639','19414 Harbort Lane','57124','TV','TC',149775.48),
    (504, 'LRKGRT60C10L219M','Garrot','Larkby','7426440181','7871 Bultman Pass','20136','TV','LM',115094.01),
    (505, 'YLDKVN02A22L219U','Kevan','Yalden','2461470822','7 Myrtle Street','10152','VI','PM',105511.34),
    (506, 'SRGJNN60D05L219D','Janina','Surgey','2616809149','14 Old Shore Park','34141','TV','FV',71780.43),
    (507, 'GLLHRL69P27L219K','Hurlee','Gillford','7604958581','0 Anzinger Lane','00141','VI','LZ',43849.65),
    (508, 'BLDRLL60D25L219V','Rozelle','Bladon','6151609653','505 Boyd Trail','34129','TV','FV',140893.87),
    (509, 'FRRRVN80E07L219F','Earvin','Farragher','5244381506','731 Russell Street','34141','VI','FV',137725.88),
    (510, 'HSLLNY59R25L219V','Laney','Haseley','9947255438','80084 Old Shore Junction','00128','VI','LZ',39122.28),
    (511, 'WMMMRA89H01L219Z','Mari','Wemm','3183470684','4 Warner Trail','10152','VI','PM',60998.92),
    (512, 'MCCSLY92E08L219E','Sly','McCormack','6069606158','21 Veith Alley','89129','VI','CI',128156.56),
    (513, 'PTNTBL88E22L219X','Tybalt','Paten','7086672720','22 Prairie Rose Lane','57124','TV','TC',141331.44),
    (514, 'CRCCRO64S05L219D','Cora','Crockley','6114412037','72950 East Terrace','00141','TV','LZ',91907.0),
    (515, 'LLWMLA81B28L219C','Amalie','Ellaway','4101830530','167 Sycamore Pass','50136','TV','TC',70975.08),
    (516, 'MCKJNL99S04L219V','Jennilee','McKay','8003390354','6742 Grover Avenue','50136','VI','TC',142561.52),
    (517, 'GRGWDY55S25L219B','Windy','Gorgl','9133986161','4792 Sunnyside Park','20125','VI','LM',49382.55),
    (518, 'SNTRST55C10L219U','Armstrong','Sainte Paul','3594533035','3 Grover Park','30132','PD','VN',110823.81),
    (519, 'KLDTTA92H20L219E','Tate','Kolodziej','2421843956','82 Crownhardt Lane','00152','PD','LZ',134679.16),
    (520, 'GNNCHL93C19L219L','Cathleen','Guinan','3523890732','0984 Hintze Hill','20147','PD','LM',23782.83),
    (521, 'CHRHLS59P08L219B','Helsa','Charle','2401561292','7 Glacier Hill Trail','35141','VI','VN',56033.03),
    (522, 'MLRLRD51B25L219W','Alfred','Mulroy','9217294723','75338 Mariners Cove Trail','00141','PD','LZ',76837.32),
    (523, 'VNDJNN90L06L219U','Janna','Vonderdell','8799301463','4 Bluejay Court','20158','VI','LM',22747.2),
    (524, 'BRGTRS95R12L219Z','Tresa','Brightman','2179226897','74979 Kennedy Trail','40141','PD','ER',116296.32),
    (525, 'CHNSLY74M16L219P','Sallyann','Chennells','6441847671','5740 Walton Avenue','10129','VI','PM',51430.49),
    (526, 'DBSDTE78H29L219O','Edita','Dubose','6122221340','0 Brentwood Crossing','24129','PD','LM',35794.1),
    (527, 'MVLLCY61D04L219X','Lacey','Mival','6349790153','88544 Westend Road','50124','VI','TC',143639.95),
    (528, 'DRVDRC68T21L219U','Darice','Drover','2206872296','44487 Hermina Terrace','35141','PD','VN',78199.03),
    (529, 'PRRRST60L24L219O','Armstrong','Prier','7366591887','4 Kennedy Junction','20147','PD','LM',21127.13),
    (530, 'HGGRNI65A11L219N','Rina','Huggill','8699460040','65 Lighthouse Bay Lane','30132','VI','VN',33574.91),
    (531, 'HLLTDA92P22L219Z','Tadeo','Halloran','9596080461','05182 Lawn Lane','37129','TV','VN',111601.39),
    (532, 'MRKPLT02A23L219W','Paulita','Marklund','9489756823','2 Butternut Alley','50136','VI','TC',88267.04),
    (533, 'MCNNTH71B15L219O','Northrop','MacNeish','1225759016','11 Bowman Circle','10152','TV','PM',128714.97),
    (534, 'MCGBOX96L06L219Y','Bo','McGaugie','5481250440','733 Stephen Lane','25129','TV','LM',66388.54),
    (535, 'CWPSSM83E11L219M','Sigismondo','Cowap','5536348175','792 Blackbird Terrace','25129','VI','LM',137387.77),
    (536, 'JNSDLN66T18L219D','Idalina','Jansema','6548963878','88379 Raven Plaza','00141','TV','LZ',96639.1),
    (537, 'RNDFGS92H08L219H','Ferguson','Rendbaek','6002459465','2257 Lotheville Parkway','34129','PD','FV',52504.07),
    (538, 'CRTKLL68D15L219N','Kahlil','Crotch','1901525599','55 Red Cloud Avenue','34129','PD','FV',94359.08),
    (539, 'LGGHBR91E10L219Q','Hugibert','Liggons','9468018161','352 Kingsford Circle','20125','PD','LM',77586.37),
    (540, 'HTCHNR62C06L219E','Honor','Hatchette','9611196664','71535 Butternut Trail','10141','VI','PM',6722.67),
    (541, 'BLNNLM54T31L219C','Anselma','Blount','6646810302','923 Pond Plaza','20125','TV','LM',55575.99),
    (542, 'CLTDNA92M09L219X','Dane','Coultar','4074896134','9 Hintze Trail','50124','VI','TC',14081.56),
    (543, 'KTTKIX82B27L219J','Ki','Kettlestring','1593433190','0 Vermont Avenue','00196','PD','LZ',147724.04),
    (544, 'STCTDD79E18L219C','Todd','Stocker','9376225706','5162 Delladonna Parkway','35141','VI','VN',22344.99),
    (545, 'HNDJAE99D24L219H','Jae','Handforth','1855987272','34 Helena Circle','30175','PD','VN',138240.02),
    (546, 'RTLWLY59R14L219D','Wally','Ertel','5757419543','66310 Killdeer Drive','29010','VI','ER',98272.28),
    (547, 'RYNMCL86B06L219C','Marcellina','Ryan','8851019457','744 Golf View Road','00185','TV','LZ',41271.64),
    (548, 'SYMTCK88E25L219V','Tuckie','Symcox','7784880905','22105 Main Junction','29010','TV','ER',26069.34),
    (549, 'DRUGDN97L22L219N','Gardiner','Dur','8671827998','900 Northridge Pass','25129','PD','LM',39223.12),
    (550, 'FLPLRC51E03L219M','Ulrica','Filippazzo','5751326829','81913 Hauk Circle','29010','VI','ER',77578.2),
    (551, 'GNYBTT59D15L219L','Benetta','Goney','1702548608','80 Fair Oaks Park','30132','TV','VN',71166.28),
    (552, 'MCKLRL86E26L219L','Lauralee','McKune','2342064826','4 Dottie Avenue','37142','VI','VN',79476.48),
    (553, 'HDGSWN76A20L219X','Shawn','Hedges','6062556756','280 Debra Avenue','20158','PD','LM',30335.45),
    (554, 'BLGMLR88H01L219L','Miller','Bulger','1172221994','6754 Mccormick Crossing','35129','VI','VN',90215.39),
    (555, 'MCGRBB97S15L219P','Rabbi','MacGhee','3084658117','31463 Merrick Parkway','40128','PD','ER',142201.96),
    (556, 'KMRLNN93M29L219N','Lynn','Keemer','6913700833','9 Stoughton Plaza','00163','PD','LZ',90419.05),
    (557, 'RSCGNG85H06L219B','Grange','Ruscoe','8196290902','17107 Pawling Drive','00128','PD','LZ',24750.39),
    (558, 'CRSLSH73S21L219G','Latashia','Cresswell','8338788490','384 Valley Edge Way','10129','VI','PM',145871.01),
    (559, 'MCCDRU66B12L219R','Dur','MacConchie','9078520066','694 Linden Trail','20125','VI','LM',145810.83),
    (560, 'TLYMLE86B22L219J','Mela','Tooley','1571207187','30799 Muir Way','20158','TV','LM',124951.3),
    (561, 'MYLRRA97R18L219J','Aurora','Moyle','1054008224','9771 Carioca Pass','30132','PD','VN',92157.44),
    (562, 'JLLJTH98C27L219B','Jaquith','Jelliman','6654667205','497 Declaration Hill','30175','TV','VN',70256.53),
    (563, 'SRTNRO84P17L219E','Nora','Surtees','8921745356','33894 Union Street','34129','TV','FV',54240.19),
    (564, 'CRSHMN73M07L219J','Hyman','Cresser','4802026770','2 Muir Lane','29010','TV','ER',118561.59),
    (565, 'LKLKST68R18L219S','Kiersten','Likely','1171090274','91 Autumn Leaf Hill','29010','VI','ER',133669.7),
    (566, 'SHRCGG61M13L219A','Craggie','Sherred','8667405131','3849 3rd Plaza','30132','VI','VN',101998.5),
    (567, 'LDYDND62T20L219Z','Edmund','Loudyan','5299943144','38 Reinke Drive','50136','VI','TC',112902.53),
    (568, 'SNLNST61S07L219A','Nesta','Snellman','6244289129','324 Macpherson Parkway','50124','PD','TC',90380.43),
    (569, 'WLDRLF81H05L219Y','Rudolf','Wildbore','9991216783','9681 Roxbury Alley','35129','TV','VN',133079.95),
    (570, 'DWNDYO70D11L219X','Odey','Dawnay','9787454108','471 Schurz Court','35129','PD','VN',11054.41),
    (571, 'MRFPRK97D05L219L','Pebrook','Murfill','3286863774','1 Helena Junction','10152','PD','PM',44192.37),
    (572, 'DBNCRS56L31L219Q','Christiano','Dabnor','2062944504','96 Hudson Court','25129','TV','LM',139396.95),
    (573, 'BLYKTA53T31L219A','Katee','Baily','8429396756','40544 Amoth Junction','20147','TV','LM',37273.0),
    (574, 'MGVDRD87S02L219Z','Edouard','Magovern','5631453808','92 Dakota Park','20158','TV','LM',41510.84),
    (575, 'PTNMGN88P26L219L','Megen','Paton','8383206676','4 Heath Drive','50124','PD','TC',60271.16),
    (576, 'CHRLNC73A24L219T','Lance','Christensen','1241795129','9 Colorado Junction','30132','TV','VN',67680.0),
    (577, 'CRMRDD59M09L219K','Redd','Cremer','1604209180','0182 North Hill','34141','VI','FV',57212.32),
    (578, 'HBBCRL97H18L219M','Cherlyn','Hobbema','6483946831','76192 Florence Junction','34129','TV','FV',97242.06),
    (579, 'RCHPNY94E22L219J','Penny','Richardes','9111258758','64725 Pankratz Park','00174','VI','LZ',125620.1),
    (580, 'SHLRBN69S05L219K','Robin','Shellsheere','7151547263','75 Center Street','35141','TV','VN',100278.48),
    (581, 'PNCKSY00S18L219I','Kelsey','Punch','5064465144','19 Anzinger Avenue','00185','VI','LZ',5118.83),
    (582, 'TTLLTT98C30L219B','L,urette','Tootal','2722407770','299 North Circle','10152','VI','PM',28609.66),
    (583, 'GRRVRL92T23L219I','Verla','Garrique','9003839681','4 Iowa Place','24129','TV','LM',56170.28),
    (584, 'GRSBBI83L20L219Q','Ibbie','Grissett','8196737781','97 Transport Plaza','30132','PD','VN',78456.66),
    (585, 'PPLGRG58A08L219R','Graig','Peoples','4998134104','605 Moose Crossing','00174','TV','LZ',9230.72),
    (586, 'TRDLST64A21L219K','Allister','Trudgeon','3717381128','7667 Emmet Point','50124','PD','TC',3392.44),
    (587, 'RVLNDA71P07L219Z','Andee','Revelle','7677888047','1 Arkansas Pass','30175','TV','VN',61067.19),
    (588, 'FRDGNN96M17L219V','Guenna','Fordham','5465524850','04368 Huxley Point','34129','PD','FV',92748.3),
    (589, 'DBLVRN93S10L219A','Verne','Debold','1491560108','6 International Road','57124','VI','TC',85329.89),
    (590, 'HCTMYS74A26L219I','Marys','Hector','2877694445','16827 Annamark Pass','40141','VI','ER',95781.17),
    (591, 'MCQRCC82E26L219F','Ricca','McQuaker','1236935457','8594 Bowman Place','00163','PD','LZ',102731.62),
    (592, 'LKSMTT79E12L219U','Emmott','Aleksashin','1253507734','127 Rusk Avenue','50136','PD','TC',80562.98),
    (593, 'DRTHRS61L17L219R','Hilarius','Durtnall','9578319012','25887 Commercial Alley','10129','VI','PM',78894.16),
    (594, 'RCCNGL91B05L219X','Nigel','Raccio','3832013667','2 Loeprich Pass','10152','PD','PM',38198.81),
    (595, 'NSBGLI73A23L219U','Gil','Nisbith','6871633662','3375 Texas Plaza','40141','VI','ER',56771.2),
    (596, 'SPDVGL70P23L219S','Evangelina','Spada','5681125443','1 Helena Avenue','10129','PD','PM',71335.62),
    (597, 'RHLMZS87C09L219G','Mozes','Rohlfs','9419558435','7027 Corscot Junction','20158','TV','LM',12798.21),
    (598, 'SLTFRL54T26L219R','Farrel','Aslet','4274267379','6 Farmco Circle','34141','TV','FV',13240.11),
    (599, 'TDBJNO64E31L219Z','Jonie','Tudball','4864756852','36 American Ash Place','10141','VI','PM',40674.49),
    (600, 'CRNVSS86P03L219K','Vanessa','Cranke','5706119224','733 Forest Run Parkway','50124','PD','TC',135739.6),
    (601, 'DAIPKR74A27L219J','Parker','Adie','9745044946','00 Delladonna Hill','20136','PD','LM',102084.36),
    (602, 'RSHDNE57L11L219D','Deana','Rush','8371871293','70 Alpine Park','34141','PD','FV',32066.44),
    (603, 'MNTVNY67H19L219B','Vanny','Montfort','1936913985','1361 Hallows Parkway','30175','VI','VN',144937.43),
    (604, 'BNTTMY93R30L219G','Tommy','Bunten','8485347317','2 Dovetail Street','20158','PD','LM',45226.17),
    (605, 'GRGGCS02T27L219U','Ignacius','Gregorio','7923477500','962 Gerald Hill','20125','TV','LM',128188.62),
    (606, 'WHTLNR98B03L219J','Eleonore','Whitton','8224470595','0947 Lyons Place','24129','VI','LM',11361.21),
    (607, 'BTTDNN76L20L219H','Denna','Bottomley','8983332781','3739 Delladonna Alley','50136','PD','TC',17835.76),
    (608, 'RSWFTN89P11L219U','Afton','Rosewarne','3382843532','3602 Rieder Park','00196','PD','LZ',67765.01),
    (609, 'LNGRCH97P07L219R','Richie','Langtree','9928034087','708 Doe Crossing Drive','00163','TV','LZ',79776.34),
    (610, 'GMLGCA56M23L219W','Agace','Gamlen','1802296986','6 Dapin Court','29010','TV','ER',2082.73),
    (611, 'CCLSLN01R26L219H','Sloan','Ecclesall','1946062140','185 Golf Course Way','37129','VI','VN',63450.07),
    (612, 'LLNSLM00B26L219V','Selma','Ellins','7656909542','31 Burning Wood Parkway','35129','PD','VN',374.78),
    (613, 'SCHBGT61A31L219U','Bengt','Schwieso','1461819212','97666 Crowley Drive','00128','VI','LZ',141960.13),
    (614, 'BRNCLE94B18L219A','Cele','Barnwill','3147649860','23613 Thackeray Point','00128','PD','LZ',145005.65),
    (615, 'SHRPVL52L01L219Q','Pavel','Sharpe','1929800388','0 Roth Street','00152','TV','LZ',138302.96),
    (616, 'SHRNBR85P20L219V','Ingaberg','Shears','7198787989','43764 Menomonie Trail','00185','TV','LZ',11076.33),
    (617, 'YLSLIA59C29L219J','Lia','Eyles','1298104305','35 Vahlen Center','20158','VI','LM',91428.95),
    (618, 'MCCTRY88R30L219X','Troy','McCorry','5993540205','05433 Merchant Point','89129','VI','CI',9446.92),
    (619, 'DRGLNY53C04L219G','Laney','Droogan','2836792729','38 Waxwing Point','00152','VI','LZ',41351.75),
    (620, 'KNGMRL52R24L219D','Myrle','Konig','6422880610','9095 Gale Terrace','34129','PD','FV',16983.17),
    (621, 'MCCNGL66M25L219A','Angel','McCowan','1526058121','369 Kedzie Plaza','50124','TV','TC',141874.5),
    (622, 'DLGMRT57E05L219W','Martie','Delgardo','5877689113','5 Hooker Lane','40141','TV','ER',33540.62),
    (623, 'FRNRBN63E22L219W','Robin','Franciskiewicz','2443795684','3873 Glendale Hill','37142','TV','VN',143538.68),
    (624, 'SCLGLN86M01L219S','Gillian','OSculley','5259742725','3 Logan Way','24129','PD','LM',14792.61),
    (625, 'CHTBNT93L05L219P','Bobinette','Chooter','7809603853','9738 Shelley Plaza','00174','TV','LZ',72733.35),
    (626, 'GREDXE71R25L219W','Dex','Eagar','7929404389','0 Fairview Lane','00152','VI','LZ',54670.04),
    (627, 'MCMDYA58H17L219D','Adey','McMylor','6033410216','5 Oxford Parkway','00152','TV','LZ',91265.6),
    (628, 'GNSVVI81H24L219J','Viv','Gensavage','9091383369','5802 Paget Trail','35129','TV','VN',123459.62),
    (629, 'NLONMR00A27L219T','Ingamar','Noli','3405471931','32168 Bartelt Place','35141','PD','VN',143663.76),
    (630, 'BLSJQN60B01L219A','Jacquenette','Blues','6182707351','03494 Holmberg Alley','30132','TV','VN',78026.58),
    (631, 'CLNLRL75C29L219Y','Loralie','Cloney','2533575636','4192 Superior Place','25129','VI','LM',57977.65),
    (632, 'KNLDNC92M28L219O','Domenic','Keenlayside','8241008828','8781 Moose Parkway','20136','TV','LM',66137.6),
    (633, 'FWDLWS73E24L219P','Lewes','Fawdrie','5653958037','4 7th Crossing','10152','PD','PM',126393.2),
    (634, 'HRYDNS89E09L219N','Denise','Hairyes','7411452561','983 Lillian Alley','40141','PD','ER',61678.1),
    (635, 'CRDLSI68B20L219U','Ilse','Cridlan','4079800486','6371 Vernon Place','00196','PD','LZ',20393.11),
    (636, 'SGGCST95A19L219X','Celesta','Suggate','5967433178','460 Service Hill','30132','VI','VN',117516.32),
    (637, 'MLLDLO67T28L219T','Odilia','Millson','3571340413','4537 Saint Paul Circle','20125','VI','LM',81741.08),
    (638, 'WLLLND88T08L219N','Alejandra','Willavize','9324635355','613 Cody Place','37129','TV','VN',73951.21),
    (639, 'HNDCBN86L09L219K','Corbin','Hendrik','6007710853','86310 Melrose Hill','35129','TV','VN',116888.06),
    (640, 'MCKFDD97L05L219Q','Freddie','McKenny','5551718028','7 Acker Park','00152','VI','LZ',114355.79),
    (641, 'PDDKCY87R19L219Q','Kelcy','Puddicombe','3337675619','7 Burning Wood Terrace','29010','VI','ER',72971.42),
    (642, 'MYCRBC83S02L219N','Rebeca','Maycock','9125441013','651 Emmet Hill','40141','VI','ER',17721.11),
    (643, 'BCHKVN67C01L219N','Kevan','Bicheno','1763028356','28 Brickson Park Hill','50136','TV','TC',80593.39),
    (644, 'HWKMHS80H20L219J','Mathias','Hawke','5725572809','74442 Kings Park','25129','VI','LM',72728.08),
    (645, 'CGGXMN98S10L219F','Xymenes','Coggeshall','6445826643','99 Warbler Alley','57124','TV','TC',146829.64),
    (646, 'LDGRND83H03L219Q','Randi','Lidgate','6581173846','10876 8th Road','00152','VI','LZ',140633.57),
    (647, 'PLLBLN83L26L219N','Bellina','Pellew','5882599990','33244 Northridge Terrace','50136','TV','TC',142929.76),
    (648, 'KNGGRV83B24L219G','Garv','Kingdon','3678347914','524 Norway Maple Park','50136','TV','TC',91375.62),
    (649, 'SYFPST75T05L219A','Preston','Seyffert','8377060186','894 John Wall Trail','00163','TV','LZ',124071.18),
    (650, 'CRSCLR71E07L219J','Clarie','Cristofari','2279820545','995 Hanson Circle','50136','VI','TC',47353.94),
    (651, 'RBTVNN66S17L219K','Vinnie','Robottham','8034739081','47907 Bunker Hill Lane','40141','PD','ER',115451.39),
    (652, 'KRRSML57P08L219Y','Samuel','Kerry','9784601854','34891 Utah Point','20158','VI','LM',30264.04),
    (653, 'SHWHVG75M16L219C','Hedvige','Showers','2157458579','4174 High Crossing Road','50136','VI','TC',87386.98),
    (654, 'FLPNLC91B16L219S','Angelico','Filipson','5778604069','19654 Mallard Crossing','20136','VI','LM',85617.57),
    (655, 'DBLGRD97B11L219S','Gearard','Dabel','9126398227','03 Meadow Vale Alley','10152','VI','PM',73017.65),
    (656, 'JRCBNN53T14L219Z','Brenn','Jurick','3023751645','45 Vera Place','20147','TV','LM',143868.91),
    (657, 'STNJSL91P24L219B','Josselyn','Standall','4765887714','6409 Gateway Terrace','20125','VI','LM',14806.96),
    (658, 'PCCLGR59E05L219F','Allegra','Peacocke','2774117730','54337 Little Fleur Lane','35141','PD','VN',96145.19),
    (659, 'LGNCRS87D20L219C','Christi','OLagene','3395900885','2493 Sachs Hill','00185','PD','LZ',52061.37),
    (660, 'TFTPRR54S25L219Z','Perri','Tift','8609931933','632 Mallory Court','34129','VI','FV',62401.39),
    (661, 'DDYGNN54C24L219O','Gianina','Addey','7066648730','756 Erie Avenue','20125','VI','LM',15677.26),
    (662, 'GRMWNH98T05L219L','Winnah','Grimsdale','3017297596','15576 Forest Hill','10141','VI','PM',73210.76),
    (663, 'GTRLRY80L17L219I','Larry','Geator','9921130831','95423 Shopko Parkway','20158','TV','LM',130941.74),
    (664, 'BRNDSH95D03L219H','Dasha','Brunini','2768449474','6690 Spenser Way','10141','TV','PM',99529.79),
    (665, 'HCKNRS85T17L219Y','Norris','Hackly','2744685873','137 Butterfield Circle','29010','TV','ER',89323.92),
    (666, 'FLLBKY78B27L219H','Banky','Fullstone','1302763223','376 Scofield Court','30132','VI','VN',44329.63),
    (667, 'LBBNLS91S25L219X','Niels','Labbet','3542348836','04 Dakota Road','35141','VI','VN',137286.67),
    (668, 'LLRBCR99C03L219W','Bancroft','Ollerhad','4897455649','7818 Judy Place','00163','TV','LZ',93538.38),
    (669, 'JSTCRS88B22L219X','Christye','Juste','5018448589','8300 Shelley Avenue','00185','TV','LZ',45950.67),
    (670, 'MDLRNE85T06L219B','Erin','Medley','3269498667','27 Eagan Crossing','37142','TV','VN',141711.8),
    (671, 'LLSLRN75P11L219T','Lorena','Ellsworthe','3569438446','88320 Kim Circle','00185','PD','LZ',110842.59),
    (672, 'DNHNRT80D28L219G','Nerte','Danihel','5476888300','330 Meadow Valley Terrace','30132','PD','VN',29126.81),
    (673, 'DNYBNC89B11L219E','Blanche','Denyagin','9406652049','2 Stang Plaza','37129','TV','VN',99737.69),
    (674, 'SBLDNG64B15L219N','Domingo','Sebley','6653551625','256 Starling Place','34129','VI','FV',103142.14),
    (675, 'DMYVNI74R24L219O','Vina','Dmytryk','3208594860','59773 Del Sol Park','00196','TV','LZ',134637.77),
    (676, 'TRMGLR91B02L219L','Gaylord','Tremble','8952567900','2 Grover Road','40128','PD','ER',127462.95),
    (677, 'HRCLYN99B19L219V','Allayne','Harcase','3583807851','8576 Oak Pass','40128','VI','ER',120612.15),
    (678, 'BWDMTY64L08L219D','Marty','Bowdler','1631539091','537 Sundown Place','00185','VI','LZ',26073.59),
    (679, 'MBRSRL01H14L219B','Shirleen','Imbrey','9117396693','70 Kings Court','40141','PD','ER',117495.42),
    (680, 'WSTHNN65D29L219A','Hernando','Wasteney','9632648724','272 Colorado Terrace','00141','TV','LZ',107328.77),
    (681, 'STRRWN93S03L219Q','Rowan','Stroobant','8706436585','776 Toban Way','25129','PD','LM',11601.29),
    (682, 'DRNHVY58L04L219B','Hervey','Durnian','5645952747','1994 Village Parkway','00163','TV','LZ',76884.44),
    (683, 'TTTRBY72E05L219L','Ruby','Tattoo','6037270405','0787 Arkansas Trail','30175','PD','VN',89235.27),
    (684, 'BHRLVY68B11L219S','Livvy','Bhar','7966564953','9 Rowland Street','00196','TV','LZ',32818.97),
    (685, 'CMNWLD99P14L219R','Willdon','Cominetti','7475688346','79784 Schurz Junction','00141','TV','LZ',148318.09),
    (686, 'HWCGNT72S07L219T','Agneta','Howchin','9282470349','84 Tomscot Terrace','20147','VI','LM',53232.31),
    (687, 'BNNLGH99P09L219C','Leigha','Bennett','6542012502','7 Kennedy Way','20125','PD','LM',139322.77),
    (688, 'BNDTHN75B21L219B','Ethan','Benditt','8833843570','14 Almo Road','57124','VI','TC',10178.15),
    (689, 'SPRBEA61P06L219N','Beau','Spradbery','9494668730','743 Becker Street','37129','TV','VN',5481.95),
    (690, 'KLLBDF50T14L219B','Bradford','Killby','1063259282','48322 Colorado Trail','20125','PD','LM',142739.81),
    (691, 'TNKRDE01A04L219D','Red','Tankin','4817631141','548 Fremont Trail','00174','TV','LZ',99281.1),
    (692, 'CSLRSE76H26L219Z','Reese','Coslett','6938911250','3 Hintze Terrace','10129','TV','PM',112035.47),
    (693, 'NFRLLO96E03L219N','Ollie','Enefer','6614011807','25862 3rd Drive','35129','PD','VN',14763.4),
    (694, 'RTXFLP01R04L219D','Filip','Orteaux','6717582267','560 Pennsylvania Street','50124','VI','TC',42140.87),
    (695, 'WNDRLL64D28L219D','Royall','Windress','8892367218','6 Del Mar Junction','20158','TV','LM',72848.01),
    (696, 'HTNHLL57A27L219A','Hall','Heaton','9318502725','149 Elka Center','34141','PD','FV',60441.3),
    (697, 'GLLTSA50H08L219S','Tasia','Gallant','5435770208','41638 Grayhawk Plaza','89129','PD','CI',29679.72),
    (698, 'HCKMRL50A16L219Q','Marilee','Hick','3279495068','165 Forster Drive','20136','VI','LM',103432.11),
    (699, 'SDNFCT96A14L219K','Felicity','Eusden','7575188297','2 Lake View Plaza','00141','VI','LZ',112335.59),
    (700, 'HLHDLS89P30L219N','Dallis','Holehouse','1234328322','8 Thierer Street','29010','TV','ER',57254.72),
    (701, 'LTTLTR67S30L219Z','Alistair','Lotte','5975179475','39216 Corscot Park','10129','PD','PM',104002.83),
    (702, 'STRDEI90P21L219T','Edi','Starbeck','9648665705','8 Sage Trail','24129','VI','LM',11341.65),
    (703, 'MCNHNY94M30L219U','Honey','MacNeil','9313853100','126 Ludington Way','30175','VI','VN',124216.69),
    (704, 'NDRWNA78E13L219X','Wain','Andrysek','2971984742','7 Katie Way','25129','PD','LM',5856.52),
    (705, 'VDGRNN76B14L219T','Riannon','Vidgen','5287830759','272 Shoshone Pass','00128','VI','LZ',113324.41),
    (706, 'LNHKST78C21L219P','Kristofer','Lenham','5206680417','803 Fieldstone Terrace','00185','TV','LZ',61078.67),
    (707, 'CHSMLN71E14L219Y','Merline','Chisolm','8257761727','69748 Goodland Pass','50136','VI','TC',127666.67),
    (708, 'PCTNLO70C12L219M','Noel','Upcott','8877274695','99837 Sutherland Parkway','30132','VI','VN',116667.8),
    (709, 'CRCCYL72E29L219X','Caryl','Curuclis','4468030105','23 Harper Terrace','00185','TV','LZ',53726.07),
    (710, 'RAOSGH85M02L219O','Shaughn','Rao','2336751630','0718 Artisan Terrace','00174','TV','LZ',49859.76),
    (711, 'KRPTDR69R09L219A','Tudor','Korpal','1757579676','5196 Sunfield Center','20136','PD','LM',77083.81),
    (712, 'MCNMWN78A07L219M','Merwin','Meconi','6057415128','3544 Del Sol Place','57124','TV','TC',15927.32),
    (713, 'CLLRQL52B06L219S','Raquela','Cullington','3222835943','0 Lotheville Junction','25129','TV','LM',133227.83),
    (714, 'RNBHLD99C10L219G','Harold','Ranby','3391118138','43469 Hanover Crossing','00163','TV','LZ',58606.66),
    (715, 'GNDQNN69B02L219V','Quinn','Gandar','1448498728','71 Morningstar Plaza','30132','PD','VN',41388.18),
    (716, 'SKHLUA56E09L219X','Ula','Askham','3739393585','1945 Annamark Point','35129','VI','VN',86458.04),
    (717, 'BRKMDE81T11L219L','Mead','Barukh','8999990982','73790 Coolidge Avenue','00141','TV','LZ',34193.39),
    (718, 'BLYVNN52T23L219J','Vivianne','Baly','4922308290','09 Prentice Place','35129','PD','VN',60823.11),
    (719, 'SCGCHL94E19L219X','Cathlene','Scougall','5956061545','371 Vermont Plaza','34141','VI','FV',20090.59),
    (720, 'PRTPDY71T02L219Z','Paddy','Pratton','7049368679','207 Hoepker Junction','00128','PD','LZ',11321.2),
    (721, 'HNTWNN84C25L219Y','Winnie','Hanton','3556163732','70 Parkside Circle','00196','VI','LZ',130792.75),
    (722, 'KRNGLN84D13L219I','Gillan','Korneev','6625650761','559 Vernon Circle','00185','VI','LZ',93136.62),
    (723, 'WLLRKY76M31L219G','Ricky','Wollen','5529644835','4641 Wayridge Center','20147','PD','LM',14063.84),
    (724, 'STNFYE60L09L219G','Fey','Stanway','5449461934','6832 Bayside Park','34129','VI','FV',30990.7),
    (725, 'CNNLNR85M15L219Y','Eleanora','Canner','1096113385','2 Aberg Circle','00163','TV','LZ',123601.7),
    (726, 'JSZSRS61E25L219C','Esdras','Juszkiewicz','5239856023','60 Oriole Hill','00128','TV','LZ',61711.84),
    (727, 'CRGRNE63C18L219D','Erena','Courage','8075947288','4 Michigan Park','34129','VI','FV',141449.29),
    (728, 'SMMRNT96H15L219M','Ermentrude','Simms','8128035965','2 Fulton Drive','20147','VI','LM',141709.91),
    (729, 'DLNNHL75M10L219D','Nicholle','Delong','2379389348','353 Chive Court','00152','VI','LZ',49889.47),
    (730, 'HTTTRN81L14L219G','Thorny','Hutton','8995528981','1004 Sachs Parkway','00128','TV','LZ',81506.22),
    (731, 'CLNGNE77T16L219C','Gena','Celand','1203111126','96 Springs Drive','00152','TV','LZ',111348.16),
    (732, 'PTTLYD57A26L219U','Lyda','Pittem','6607223565','66831 Kropf Road','25129','VI','LM',132206.14),
    (733, 'BNTFDR55T31L219Z','Frederico','Benton','2318076956','06491 Bay Parkway','89129','VI','CI',3602.32),
    (734, 'DMRBTN60H29L219S','Benton','de Marco','5175438086','0 Grover Drive','10141','PD','PM',135523.02),
    (735, 'HLLRKK77H18L219E','Rikki','Holligan','2258291673','27 Kingsford Plaza','34141','TV','FV',114270.57),
    (736, 'THRBLR93H09L219V','Blaire','Thurgood','4416571715','04984 6th Center','89129','VI','CI',138094.47),
    (737, 'DRWLRA67H28L219H','Laurie','Drew-Clifton','6094609830','02 Nobel Park','00174','VI','LZ',22443.47),
    (738, 'CCKGNN55P22L219K','Ginni','Cockill','8646151262','18516 Kinsman Road','20125','PD','LM',45774.39),
    (739, 'GGRPLL53M28L219W','Phillida','Eggerton','7273534947','392 Hanson Alley','24129','TV','LM',78457.68),
    (740, 'BLRFRR01E09L219P','Farra','Boaler','2568536891','68 Sunnyside Lane','00196','PD','LZ',17674.77),
    (741, 'JRRRMO62T13L219Q','Romeo','Jarrett','4849884993','90867 Bobwhite Way','37142','TV','VN',143168.89),
    (742, 'MKSRSO89L16L219N','Rosie','Makeswell','9517933094','2457 Northport Center','34129','PD','FV',133451.62),
    (743, 'TBNRCK62R28L219V','Ricki','Tabner','6954807892','5 Bowman Junction','10129','VI','PM',105144.57),
    (744, 'MTZYRK63L02L219L','Yorke','Matzaitis','4821471437','8668 Michigan Way','20125','PD','LM',71157.67),
    (745, 'RBRGCS98M16L219R','Ignacius','Robarts','6637888157','4 Esker Circle','10129','VI','PM',36683.62),
    (746, 'DWGRLN64P29L219F','Rosalinda','Dowgill','4809288953','30420 Park Meadow Avenue','20158','PD','LM',22587.99),
    (747, 'LVEZHR85M18L219L','Zechariah','Levi','3532020245','785 Hazelcrest Park','10152','VI','PM',51692.8),
    (748, 'NDRCCE93R21L219K','Cece','Endrighi','6725209295','26 Kensington Terrace','34129','TV','FV',85394.62),
    (749, 'RBBDMO85S21L219Q','Dom','Robbe','1154486459','9 Briar Crest Street','30132','VI','VN',99810.37),
    (750, 'RMSNLB50A21L219A','Inglebert','Ramshay','4939491808','5 Fordem Drive','29010','TV','ER',35988.48),
    (751, 'TCHHHZ58H26L219T','Hephzibah','Etches','9058670816','8989 Acker Plaza','24129','TV','LM',14298.26),
    (752, 'RSTRSU93M31L219Q','Ursa','Arstall','5322774177','03846 Portage Drive','00141','TV','LZ',102045.46),
    (753, 'LPAVVC02S22L219J','Vidovic','Alpe','1125724583','46 Paget Park','20158','VI','LM',106832.01),
    (754, 'TGHGHR70D16L219Z','Gothart','Tighe','1482662558','0142 Marquette Trail','00163','PD','LZ',71987.34),
    (755, 'CTTMSN63T10L219R','Emerson','Cattell','9865566305','962 Ohio Circle','34141','PD','FV',89522.04),
    (756, 'SYKTMM94D29L219Y','Tommie','Sykes','3107158977','4109 Acker Drive','35141','PD','VN',106930.69),
    (757, 'DRCTFR83T04L219F','Trefor','Drache','8487467700','5 Clove Road','34129','PD','FV',60146.95),
    (758, 'RDGLMP78M08L219O','Olympie','Ridgedell','3248344583','3 Dennis Terrace','20147','TV','LM',55357.47),
    (759, 'MBARNE89D17L219W','Rene','Mabee','7756568950','95251 Carberry Point','50136','VI','TC',29031.37),
    (760, 'MTHLLY68L19L219Y','Lesley','Mathe','8296604712','0 Mendota Hill','00141','VI','LZ',28527.41),
    (761, 'MCNDTI62C17L219N','Dita','McNally','2598596172','218 Iowa Plaza','30132','VI','VN',20855.95),
    (762, 'HDSGBR66E14L219D','Gilburt','Hudspith','7921999329','043 Birchwood Crossing','10152','VI','PM',148243.27),
    (763, 'LNGVLR90H29L219R','Valaree','Longworth','1977719094','072 Mariners Cove Street','00174','VI','LZ',131716.3),
    (764, 'PNTLNA64M24L219R','Alan','Painter','7131784159','04264 Sachs Crossing','37129','PD','VN',32260.02),
    (765, 'FSCDRA53T26L219C','Adora','Fusco','4465801695','93312 Buhler Avenue','37129','TV','VN',56758.81),
    (766, 'JBBRST00R02L219S','Rustie','Jobb','1022748755','33179 Larry Junction','00185','VI','LZ',44395.61),
    (767, 'VRMSMS78B10L219I','Seumas','Avramow','4887422374','402 Becker Trail','20125','PD','LM',59416.1),
    (768, 'MYRDNN94S28L219A','Dinnie','Myring','9868451196','816 Pleasure Circle','40141','TV','ER',22260.77),
    (769, 'BLCVLA63L15L219L','Val','Blackesland','2537384325','0469 Heath Court','20125','PD','LM',142674.52),
    (770, 'LFYGGI97L12L219I','Iggie','Lafaye','9972534522','9 Rigney Park','10141','PD','PM',83155.4),
    (771, 'BMDNTL74T25L219P','Anatola','Baumadier','1007156449','7 Hoffman Drive','25129','VI','LM',85500.88),
    (772, 'SKNTRY58B09L219R','Trey','Skain','4905017084','479 American Way','00141','PD','LZ',89169.26),
    (773, 'LMPRKE62R12L219H','Erek','Lampl','6431178198','9236 Brown Parkway','24129','VI','LM',2091.89),
    (774, 'WDSRLA81C09L219M','Arlie','Woodes','4844114346','0 Helena Hill','24129','TV','LM',31588.53),
    (775, 'JRRBSH93C25L219S','Batsheva','Jerrim','6386341402','91248 Pond Lane','20136','TV','LM',85518.75),
    (776, 'DRNCVS54B28L219U','Clovis','Drinkhill','3288158567','35 Warner Place','00185','TV','LZ',107823.32),
    (777, 'SDDVSN52A01L219S','Vinson','Siddon','4979428809','162 Northview Drive','00141','TV','LZ',14851.81),
    (778, 'MCDGLL93A22L219O','Gillie','McDool','1584277989','725 Graceland Way','37129','PD','VN',136238.76),
    (779, 'GMBMDT52T08L219V','Meredeth','Gambles','4832387607','0295 Quincy Avenue','50136','TV','TC',144270.56),
    (780, 'SHWGGA82E08L219T','Gage','Showering','9264018946','6 Everett Street','37129','PD','VN',103079.73),
    (781, 'SVRMGT88B18L219Q','Margette','Severy','3077919546','6 Anniversary Parkway','40128','VI','ER',25122.14),
    (782, 'BDAGNE72E03L219D','Eugenio','Abade','7621993669','0 Bellgrove Crossing','20125','VI','LM',87072.78),
    (783, 'MRRKRA02T21L219O','Karee','Murricanes','1078518383','979 Hanson Way','40141','TV','ER',115957.57),
    (784, 'LSHMND94H13L219G','Minda','Lashford','4883057336','46 Sunfield Circle','20125','TV','LM',92153.25),
    (785, 'GLYMLR68S21L219C','Millard','Glynn','2855447215','836 Darwin Junction','30175','PD','VN',88438.08),
    (786, 'SLTGRT50R24L219K','Garrott','Saltrese','6622381878','7052 3rd Court','10129','TV','PM',62990.33),
    (787, 'TRRLSS69P10L219R','Lyssa','Torresi','4226752582','28370 Nova Drive','10152','TV','PM',10090.94),
    (788, 'TDRMLN54M11L219Y','Marlene','Toderbrugge','9362761597','3 Rowland Drive','35129','PD','VN',268.31),
    (789, 'PNDMTS51H28L219B','Matias','Pandey','8182916167','90702 Hermina Lane','40141','TV','ER',45693.9),
    (790, 'GNGCMM02P15L219D','Clemmy','Ginglell','4525729631','929 Buhler Junction','34141','TV','FV',85981.81),
    (791, 'BSHMRL77S15L219Y','Merrile','Basham','2102608008','704 7th Terrace','34129','PD','FV',120796.21),
    (792, 'TRMCLS81M24L219E','Corliss','Tremoulet','6895689762','36 Havey Way','50124','PD','TC',129199.19),
    (793, 'LCCBBB99C03L219P','Barbabra','Alecock','9372171675','35447 Red Cloud Crossing','20125','TV','LM',93461.0),
    (794, 'MCLDLN84R31L219M','Devland','McAllester','6155560698','08 Kipling Pass','37129','TV','VN',88736.78),
    (795, 'TRMPDR58S30L219H','Peadar','Tramel','4204505138','324 American Hill','29010','TV','ER',142437.06),
    (796, 'JRCMLY79P30L219Y','Madalyn','Jiruch','1251330555','27 Esker Center','40141','PD','ER',18970.57),
    (797, 'PTRLLL02P25L219L','Lilllie','Pietruschka','9117907492','88 Ridge Oak Park','24129','PD','LM',7297.53),
    (798, 'PYFLRN79E31L219S','Lorraine','Pyffe','5324743901','55842 Fulton Circle','50124','VI','TC',142497.21),
    (799, 'RWKJSS56A07L219Q','Jess','Rawkesby','6432422041','8 Grayhawk Place','25129','VI','LM',144622.78),
    (800, 'SRMDNI56E14L219Y','Diane','Surmon','7014626832','583 Debra Parkway','00141','PD','LZ',94856.2),
    (801, 'SHMBRT88P24L219O','Bertie','Shimuk','1909456441','88818 Kipling Way','89129','PD','CI',50533.32),
    (802, 'PLTTNC87H14L219E','Terencio','Paulitschke','8836761267','864 Doe Crossing Junction','00152','PD','LZ',49768.77),
    (803, 'SMSBRS73C20L219Z','Beitris','Sims','3146549401','5961 Reindahl Trail','00185','TV','LZ',118733.76),
    (804, 'BCKKYN64C31L219M','Kayne','Bucklan','1761104745','3 Acker Parkway','37142','PD','VN',36782.68),
    (805, 'MNGVVY77H13L219G','Evvy','Mangan','4952602530','5 Kipling Hill','50136','TV','TC',115857.83),
    (806, 'WHTTRS00A28L219T','Thurstan','Whitbread','7871982711','3147 Jay Junction','20136','VI','LM',116808.13),
    (807, 'VLTLSY66A13L219U','Elsey','Valett','3923317547','42081 Cordelia Lane','20147','PD','LM',35994.27),
    (808, 'GRCCRS63E16L219Q','Christiano','Grcic','4964662819','0446 Bluestem Drive','24129','VI','LM',118190.77),
    (809, 'STNLMD58E13L219D','Almeda','Austin','9526435945','0 Lakewood Pass','40128','VI','ER',65869.22),
    (810, 'SVRJTT00R22L219H','Julietta','Sevior','6457131209','24 Holmberg Alley','35141','TV','VN',134207.01),
    (811, 'BSDGRY94B14L219G','Gerry','Ubsdall','5975347294','16072 Texas Point','20136','VI','LM',122949.03),
    (812, 'CTHKRK96A11L219G','Kerk','Catherall','2944400761','579 Sherman Place','00128','PD','LZ',93267.25),
    (813, 'LLLSVR68H05L219Z','Sauveur','Lello','8078121667','3470 Aberg Plaza','00185','PD','LZ',147572.74),
    (814, 'SCFRND80A16L219L','Randie','Scoffham','4514335424','1716 Goodland Street','37129','PD','VN',23424.1),
    (815, 'MLLBJM96L20L219J','Benjamin','Million','8887478968','43 Sugar Plaza','10129','PD','PM',26514.5),
    (816, 'HXBPPP96A29L219G','Pippa','Haxby','4898489794','477 Scoville Plaza','10152','TV','PM',123819.38),
    (817, 'LCHSLL50L15L219V','Stillmann','Lichtfoth','2238828189','8 Sunfield Hill','50124','VI','TC',53481.94),
    (818, 'TRSTRS95M09L219J','Tresa','Trusse','9343644051','699 Buell Terrace','30175','PD','VN',78436.86),
    (819, 'JNKSCH73R27L219V','Sauncho','Jenking','9898312623','91660 Merry Center','20136','TV','LM',74119.65),
    (820, 'YGOBDK76B05L219D','Benedikt','Ygo','3656916554','39 Mesta Hill','34141','TV','FV',139235.21),
    (821, 'LXULRO59D29L219K','Loria','Lux','9922971384','18 Blue Bill Park Circle','00185','VI','LZ',82549.27),
    (822, 'KSLWLF83R19L219P','Wolf','Keasley','5507532612','1959 Grasskamp Road','00141','TV','LZ',15719.98),
    (823, 'DMBLVY97S03L219T','Levy','Dumbar','7356670927','70 Prairieview Crossing','00163','PD','LZ',31296.78),
    (824, 'CBRLDS76E11L219R','Aldis','Coburn','3228847342','6852 Judy Way','00163','TV','LZ',123320.73),
    (825, 'WHLDTR78T26L219F','Demetri','Whooley','5642666360','3621 Boyd Avenue','89129','VI','CI',46234.78),
    (826, 'MCGSNN67P11L219U','Shannen','McGlue','2824096725','1691 Shoshone Alley','37142','TV','VN',5600.3),
    (827, 'CNFNSL93P29L219Z','Ainslie','Cuniffe','2054509548','6 Petterle Circle','34141','PD','FV',38780.37),
    (828, 'XHRMNY95T02L219X','Melony','Oxherd','3189383989','38 Huxley Junction','35141','PD','VN',7136.74),
    (829, 'CRCMDR89T28L219I','Mildred','Crocker','3999727182','88 Scott Terrace','50124','VI','TC',48283.07),
    (830, 'GCMCDL62R28L219J','Claudell','Giacometti','1286283476','0998 Darwin Pass','00163','PD','LZ',40442.38),
    (831, 'MLBRDY93S28L219Q','Raddy','Melby','7148293375','07603 Kensington Street','25129','VI','LM',118460.36),
    (832, 'STMMLY00E08L219A','Marlyn','Stemson','9297878333','159 Karstens Drive','10152','VI','PM',86259.1),
    (833, 'GRNNRT52B12L219V','Nerti','Greenmon','5665829732','891 Pawling Plaza','00163','PD','LZ',120607.1),
    (834, 'GDHSRR59C09L219I','Sherry','Ogdahl','4156769059','88 Nevada Lane','35129','VI','VN',25836.05),
    (835, 'HSERGG58B12L219R','Reggie','Heis','4411253182','511 Jenna Drive','25129','TV','LM',125261.66),
    (836, 'STRDNY62L06L219E','Danya','Strangward','8865642836','71 Clarendon Avenue','37142','TV','VN',109982.13),
    (837, 'BRSCTH54L20L219K','Catha','Borsi','8264505955','5389 Oneill Junction','89129','PD','CI',31369.63),
    (838, 'STLTUA93M04L219D','Uta','Stillgoe','9573031535','96959 Schiller Alley','00163','VI','LZ',146033.82),
    (839, 'FKEWFR64E28L219P','Wilfrid','Feak','5484812848','046 Sunnyside Alley','00163','PD','LZ',75436.62),
    (840, 'TRGCBL96A21L219X','Corabel','Tregent','7311167154','1 Susan Drive','00163','PD','LZ',61429.02),
    (841, 'RLSLCA70T29L219J','Alecia','Raleston','9161484910','257 Memorial Parkway','00163','TV','LZ',47199.85),
    (842, 'SCTBND79H13L219L','Bernadette','Scott','4726647770','1463 Rieder Parkway','40128','PD','ER',79478.1),
    (843, 'MDCNDR52L18L219K','Anderea','Madoc-Jones','6254945076','74527 Chive Drive','10129','VI','PM',34842.19),
    (844, 'CHMSRT98M14L219O','Sarita','Champness','2241394461','0456 Lakeland Center','10141','TV','PM',26154.89),
    (845, 'CSTSYN95H03L219Y','Shayne','Castro','3599722590','90165 Graceland Hill','37129','VI','VN',41398.29),
    (846, 'KYTTRS70R30L219W','Tris','Kyte','3881781138','32 Lotheville Lane','34129','PD','FV',119156.85),
    (847, 'SMRMKL50M26L219N','Mikel','Somers','8496814506','05264 Brown Point','10129','TV','PM',13358.78),
    (848, 'CRSLNA64A10L219V','Alane','Crispin','5194390115','34 Sachs Terrace','20125','PD','LM',110078.82),
    (849, 'GRBFNS91L19L219F','Fons','Gribbins','1991157383','6930 Dryden Circle','57124','PD','TC',23542.14),
    (850, 'JNDLCL61E27L219U','Lucilia','Jindacek','4831135335','7 Commercial Junction','00128','PD','LZ',135793.92),
    (851, 'CHFTMS51B06L219R','Thomasin','Chaffer','7527775296','04 Golden Leaf Court','89129','PD','CI',80613.4),
    (852, 'KRMLSE91P25L219M','Leesa','Kermode','7014785765','9 Browning Lane','10129','TV','PM',15146.94),
    (853, 'PLLSLG89C17L219F','Selig','Pellingar','7196588454','78352 Veith Street','35129','PD','VN',14026.09),
    (854, 'PTTGRK57L29L219P','Garrek','Pettie','3479385889','806 Sunbrook Parkway','30175','PD','VN',96744.02),
    (855, 'BLRJNU00E23L219V','Junie','Blore','7507932669','088 Oakridge Junction','30132','VI','VN',79091.86),
    (856, 'VLRJMN79P02L219L','Jasmin','Valero','9898801527','07869 Brown Hill','20125','VI','LM',85884.76),
    (857, 'MCNMHL73S15L219I','Michel','McIndoe','6581067767','875 Northfield Court','35141','PD','VN',10488.19),
    (858, 'RBYTCH63P16L219J','Itch','Riby','8729321097','12880 Kingsford Pass','20125','VI','LM',35575.13),
    (859, 'YDLVRE92T24L219U','Vere','Yoodall','7946727489','4 Annamark Place','30175','PD','VN',131821.45),
    (860, 'LLSNCY70P21L219Z','Nancy','Ellison','4284332496','8 Badeau Court','00196','TV','LZ',100645.6),
    (861, 'DDDCTN02L28L219I','Courtney','Duddan','5914826927','04 Arkansas Avenue','20125','TV','LM',10521.9),
    (862, 'RMRMTZ84D02L219W','Moritz','Armer','6267150602','6 Grim Street','00141','TV','LZ',143577.15),
    (863, 'LNGGLN74S20L219Z','Glen','Lenaghen','1011659795','489 Havey Circle','00163','VI','LZ',146616.53),
    (864, 'RTTBRR88H07L219K','Burr','Ortet','3664054652','0675 Schlimgen Point','34141','PD','FV',145209.56),
    (865, 'TMNDVN94M12L219D','Davina','Tieman','6651725220','0 Morrow Pass','40141','VI','ER',22941.25),
    (866, 'JBNLLE59R29L219W','Ella','Jobin','7374413470','51413 Shasta Drive','35141','PD','VN',97432.12),
    (867, 'PSTNNC99E26L219I','Nance','Pestricke','5069442099','2544 Homewood Alley','00196','PD','LZ',119359.8),
    (868, 'CLLGLR70M29L219N','Gallard','Collimore','9614471332','8 Evergreen Trail','10152','PD','PM',107478.21),
    (869, 'SRFWNN96H04L219G','Winne','Surfleet','3219708132','92 Sherman Park','37129','PD','VN',50006.29),
    (870, 'GTTPKR85B10L219Q','Parker','Gittens','7149773539','4398 Shoshone Center','50124','TV','TC',41919.08),
    (871, 'YSFFLM93P22L219S','Flem','Yousef','5043845647','9 Walton Avenue','00185','PD','LZ',106241.32),
    (872, 'LRERST75L21L219O','Rustie','Eiler','1324961505','39359 Namekagon Way','29010','VI','ER',135633.02),
    (873, 'HTZLVR68A17L219V','Elvera','Hitzmann','3286441887','8529 Hanson Lane','10129','PD','PM',147618.82),
    (874, 'WTRDRS63L09L219D','Darius','Waterman','5316473358','486 Mallory Place','29010','PD','ER',76419.96),
    (875, 'BRDNSS84A28L219U','Nessi','Birdwhistle','9255429868','73359 Michigan Terrace','00185','TV','LZ',109197.0),
    (876, 'CFFHBR95M01L219Z','Hugibert','Cafferty','1405230734','8 Laurel Lane','25129','VI','LM',98191.91),
    (877, 'BTLLRN80C26L219E','Laraine','Batalle','1047675268','5 Pond Street','10152','VI','PM',57708.85),
    (878, 'TDRNLY98H22L219B','Nelly','Toderbrugge','6631786653','3 Pierstorff Crossing','37129','TV','VN',148077.57),
    (879, 'KYTTSS69A11L219X','Teressa','Kyttor','2884270015','93663 Debs Plaza','50136','VI','TC',62544.58),
    (880, 'BLCPRY86L30L219E','Ephrayim','Blackett','7183803169','366 Talisman Hill','35141','TV','VN',7849.02),
    (881, 'DWNDFY81L19L219R','Daffy','Downes','2864598854','97440 Colorado Parkway','00185','VI','LZ',148853.33),
    (882, 'YTZRPH91B26L219O','Ralph','Yitzhakov','5229452620','6 Hoepker Junction','37129','TV','VN',108829.09),
    (883, 'HLLBBB82H19L219C','Bobbee','Hallgate','3487252894','95 Montana Point','37129','TV','VN',47413.89),
    (884, 'CLMFLD67T27L219J','Filide','Clemenzo','8689531025','18128 Lyons Circle','25129','VI','LM',87907.53),
    (885, 'MCKNSS01T22L219W','Inness','McKeaney','5556237659','64566 Roth Trail','00141','PD','LZ',16648.32),
    (886, 'GRMMLN76P14L219X','Emeline','Grumble','5533678722','36159 Randy Hill','00163','VI','LZ',109272.25),
    (887, 'DDOJML80L03L219X','Jamil','Oddie','4304342102','1321 Maywood Way','37129','TV','VN',105915.08),
    (888, 'MCCRNN01B25L219A','Ermanno','McCarver','1005968721','86627 Nova Terrace','57124','TV','TC',10713.41),
    (889, 'SYRJHT96L23L219L','Jephthah','Seyers','2809827100','41709 Ohio Parkway','00196','TV','LZ',27493.69),
    (890, 'GSSLMN82C10L219X','Lammond','Gissing','8776676127','29 Forest Park','30175','PD','VN',47634.18),
    (891, 'MRRHBR87R10L219L','Humberto','Morrid','3314402228','91036 Hermina Alley','57124','PD','TC',109071.26),
    (892, 'JSTGTL96M16L219B','Gretal','Juste','9207559419','91 Loeprich Terrace','89129','PD','CI',16533.58),
    (893, 'CGDCSN68T03L219X','Cassandry','Cogdon','1734722335','7983 Bunker Hill Lane','10152','PD','PM',119639.94),
    (894, 'MRNCDR74T09L219T','Caddric','Moreno','7989952822','90629 Pine View Drive','00196','TV','LZ',15667.36),
    (895, 'LSMJSY79A09L219P','Jessey','Lesmonde','8653501107','7073 Mockingbird Avenue','30132','PD','VN',137103.33),
    (896, 'JDRTDD69D18L219U','Todd','Jedraszek','6692105423','2298 Hanover Circle','34129','VI','FV',83118.86),
    (897, 'BWMDSR62P28L219V','Desiree','Bawme','4998793704','5081 Anthes Drive','24129','PD','LM',104429.75),
    (898, 'GLYRLY65P06L219P','Early','Gilyott','7665024227','1309 Golf Course Park','37129','PD','VN',77416.58),
    (899, 'BRNJFR80R11L219M','Jefferson','Burnitt','2863688347','32430 Westend Drive','50136','TV','TC',51302.9),
    (900, 'CRCTLY65L01L219G','Tulley','Courcey','3175326648','8 Tony Circle','00174','VI','LZ',9702.77),
    (901, 'CLMVNT71S27L219Z','Valentino','Clemmen','1127314294','83432 Ludington Hill','50124','TV','TC',29949.37),
    (902, 'NVSLRN88T17L219A','Loren','Neeves','7727857221','9895 Gulseth Crossing','35129','TV','VN',101133.16),
    (903, 'BRMDYA67T17L219Y','Adey','Brumpton','2409858094','7194 Vera Hill','00128','TV','LZ',65634.36),
    (904, 'SPLDNI63P07L219I','Dino','Spilsburie','3732444450','579 8th Street','35141','VI','VN',22380.34),
    (905, 'KNGBNC82E14L219B','Berenice','Kingscott','6339703891','9040 Prentice Street','20125','PD','LM',16015.53),
    (906, 'PNDSND93M15L219C','Selinda','Pender','2862609103','261 Darwin Junction','24129','VI','LM',41031.98),
    (907, 'TNYSMY59D16L219M','Sammy','Teeney','3447100616','9 Mallory Street','34141','PD','FV',15867.06),
    (908, 'SHRBTN50S12L219U','Berton','Sherrock','2718232829','48 Judy Center','57124','PD','TC',135027.13),
    (909, 'SHPKNY97B16L219C','Korney','Shepheard','2773613211','362 Myrtle Street','30175','TV','VN',76783.3),
    (910, 'CTRLSS96R02L219V','Ulysses','Cator','4051691984','045 Victoria Park','20136','TV','LM',73252.65),
    (911, 'MRDRSL81E23L219C','Russell','Murdoch','1699750006','155 Killdeer Plaza','35129','TV','VN',126561.73),
    (912, 'BZESJN84R28L219U','Sarajane','Beaze','1476275433','54 Coleman Avenue','34141','VI','FV',54150.6),
    (913, 'KGHRNE63E07L219S','Rena','Keough','2163840590','33 Myrtle Avenue','40128','TV','ER',84431.91),
    (914, 'HVRMLT89A03L219Z','Amalita','Hoovart','6448336341','4 Rutledge Street','24129','VI','LM',117744.9),
    (915, 'STFKMI54C15L219Y','Kim','Stiffkins','9036200143','8 Loeprich Hill','35129','TV','VN',35365.96),
    (916, 'MYRLRE90L19L219C','Elora','Moyer','8139672873','05490 Portage Parkway','10129','VI','PM',131259.34),
    (917, 'DVLSFN74R02L219S','Stefania','Davall','9308522253','4 Carey Way','34129','VI','FV',63113.76),
    (918, 'BDDNGL01T20L219C','Angele','Boddie','4384049370','5041 High Crossing Way','20136','TV','LM',70656.35),
    (919, 'DRGCRY82D14L219T','Chrystal','Durgan','9919498041','9952 Oxford Junction','10129','PD','PM',40239.1),
    (920, 'KRPPTN81A20L219W','Patten','Karpmann','2809670181','524 Anthes Pass','00185','TV','LZ',80820.36),
    (921, 'LDRGNE57R22L219O','Eugenia','Ledram','8518284048','56629 Ruskin Hill','24129','TV','LM',99268.78),
    (922, 'TTCCHR52C24L219N','Cherie','Attac','8278363346','45 Crowley Circle','40128','PD','ER',78235.89),
    (923, 'CRNHLG50M13L219G','Hurleigh','Cranfield','5023867900','01 Dixon Terrace','30175','PD','VN',12698.38),
    (924, 'HWKJMS93R17L219S','James','Hawksworth','2766665021','19 Talmadge Circle','57124','TV','TC',6345.98),
    (925, 'TNDKNY95R02L219J','Kenny','Tondeur','1018075933','23980 Sherman Hill','00174','VI','LZ',71798.94),
    (926, 'RNTSRM62B17L219Q','Sherm','Rainton','2994201636','50 Loftsgordon Alley','00185','TV','LZ',124206.45),
    (927, 'KRLHLS72E22L219V','Heloise','Karolowski','7202528101','0 Victoria Hill','40141','VI','ER',83272.55),
    (928, 'HMMTRS96L12L219L','Tris','Hammerson','3664664155','8930 Wayridge Terrace','00163','VI','LZ',78722.41),
    (929, 'GRDFDD68R04L219C','Freddie','Gordge','5256943745','9412 Havey Road','00174','VI','LZ',105635.13),
    (930, 'KLMDRO76L11L219S','Dorie','Klimmek','7507970937','389 Blaine Hill','00163','PD','LZ',83947.32),
    (931, 'JCMJYA81T16L219G','Jay','Jacmar','9395385597','88 Daystar Park','50136','TV','TC',50076.47),
    (932, 'HNZVNN01B19L219N','Vivienne','Hinz','2719537548','1260 Lien Crossing','00185','VI','LZ',145323.38),
    (933, 'LVRBRB95A22L219L','Barbie','Leivers','8993489234','07 Hayes Park','30175','PD','VN',81847.02),
    (934, 'MCTTDR63C15L219W','Teodora','McTerry','9424845827','74 Kennedy Point','29010','TV','ER',46096.37),
    (935, 'CRWCRR87P25L219X','Chiarra','Craw','7321432991','26327 Maryland Pass','00152','PD','LZ',78987.78),
    (936, 'BRYLGS84A05L219E','Langston','Brychan','9601247394','9 Welch Avenue','50136','TV','TC',140209.91),
    (937, 'SLMRLE55H09L219E','Earle','Salmen','9555086426','6061 Dawn Court','89129','VI','CI',93097.82),
    (938, 'HDRDRA83A28L219R','Adore','Headrick','2372364781','5 Chive Place','25129','TV','LM',81633.23),
    (939, 'BLDJNT61L04L219D','Johnathon','Belden','1959216933','651 Gale Road','20125','PD','LM',93119.17),
    (940, 'DHLLNN79P26L219Q','Lynnet','Dahl','5404575320','3 Reindahl Parkway','57124','PD','TC',17505.81),
    (941, 'JHNBRN91T08L219H','Bjorn','Johansen','9127997149','92432 Namekagon Lane','50124','TV','TC',94079.28),
    (942, 'DRYNCY79E09L219C','Nancy','Drysdale','1507103488','42319 Steensland Alley','10129','TV','PM',145028.5),
    (943, 'DFRSMM58S04L219S','Sammie','Dufer','9056870199','93184 Grasskamp Crossing','89129','PD','CI',68315.15),
    (944, 'CSTJNN91L05L219A','Johnna','Castro','9866299607','96 High Crossing Avenue','10152','VI','PM',24666.0),
    (945, 'LYNFLR83P20L219K','Flori','Lynock','4242948858','1 Cascade Way','25129','VI','LM',66687.98),
    (946, 'HVLCRS56S24L219U','Christiano','Haveline','7177287381','1 Rutledge Way','10152','VI','PM',41733.05),
    (947, 'BNTGRG62R09L219B','Georgie','Buntain','8519275295','31 Pawling Lane','20158','TV','LM',43641.14),
    (948, 'CRSCRS80C12L219A','Christian','Crosthwaite','1786655945','9668 Jackson Junction','00196','TV','LZ',120948.28),
    (949, 'FLNRFR92P18L219T','Redford','Flaonier','5833327948','9700 Anhalt Way','00185','PD','LZ',142654.58),
    (950, 'RNSHLD57E29L219H','Harald','Orans','1719682658','6384 Grim Street','30132','PD','VN',77203.22),
    (951, 'TTWLKE66R15L219X','Lek','Attewill','8812680158','5308 Lakewood Street','00152','VI','LZ',31064.08),
    (952, 'FSSGNE79A28L219D','Eugenie','Fasson','1483643717','85 Melrose Terrace','50124','VI','TC',91844.7),
    (953, 'MSSBBA86E26L219I','Abbi','Mossom','4894112310','42821 Colorado Way','00152','TV','LZ',42417.16),
    (954, 'SWNTTI78H30L219X','Tito','Swan','9481452895','5 Dexter Pass','50136','PD','TC',64211.66),
    (955, 'MSSCTL91B09L219A','Clotilda','Misselbrook','9886027233','1729 Warrior Trail','89129','TV','CI',103675.07),
    (956, 'BLLJNK69M24L219P','Janek','Ibell','2623973970','40 Delladonna Avenue','24129','TV','LM',130762.88),
    (957, 'MNBDLR87L20L219W','Delora','Munby','8557161301','18920 Cascade Park','34141','TV','FV',52185.74),
    (958, 'VLSLSE75L01L219U','Elsie','Vales','4751372974','496 Sloan Crossing','29010','PD','ER',1009.3),
    (959, 'MCLLDS65E27L219Q','Aldus','McAlindon','1576104986','5 Paget Road','30175','TV','VN',136191.37),
    (960, 'NFNMRE91B27L219S','Meir','Infantino','5072287756','438 Lakewood Place','34129','VI','FV',67807.9),
    (961, 'DLCDDY72B12L219Q','Eddy','Delouch','2666620922','09527 Jay Point','35141','VI','VN',102524.79),
    (962, 'LBRSVT70A18L219G','Salvatore','Aliberti','6613453228','59527 Colorado Court','00163','PD','LZ',119680.72),
    (963, 'NWCTNA88S07L219Y','Tani','Newcomen','3827262195','812 Porter Center','35129','PD','VN',34132.04),
    (964, 'CRSCLY69A31L219A','Carlyle','Carse','9034553588','7163 Victoria Park','50124','PD','TC',138894.32),
    (965, 'VNRCBR69S19L219Q','Claiborn','Viner','3719502690','074 Kinsman Point','10141','VI','PM',65834.44),
    (966, 'FRDRIA61H13L219W','Ira','Fereday','9332758627','033 Prairieview Lane','35141','VI','VN',84790.83),
    (967, 'WNSGGN56B24L219T','Georgena','Winspar','9609967816','46 Eagan Road','35129','TV','VN',32197.44),
    (968, 'RDHJRD57R13L219S','Jarrad','Ridehalgh','4917708393','71360 Pearson Road','00128','TV','LZ',12136.2),
    (969, 'CBLLYL53L04L219T','Layla','Cabel','4547728268','89 Holy Cross Road','20147','PD','LM',135285.91),
    (970, 'DBRJNF77M25L219P','Jennifer','Dabernott','3532059823','965 Sunnyside Parkway','20136','TV','LM',46443.22),
    (971, 'TMBMTT90E01L219J','Mattie','Timberlake','3138290455','5 Old Shore Circle','34129','PD','FV',88291.27),
    (972, 'NLGLSE79H21L219A','Elisa','Neligan','7584834486','18406 Havey Lane','37142','VI','VN',31427.51),
    (973, 'BYONLE92H08L219X','Neal','Obey','8443741615','12 Scofield Drive','40141','PD','ER',144534.41),
    (974, 'PPAGLN79R02L219P','Gillian','Papa','1191972058','217 Riverside Crossing','57124','TV','TC',128948.23),
    (975, 'WBLDLC91C26L219O','Dulcia','Webling','1909961930','441 Nobel Place','50124','TV','TC',90891.67),
    (976, 'SCHLSA82D14L219A','Alis','Scholte','8967463601','554 Harper Circle','10141','TV','PM',84971.12),
    (977, 'WDDWLN82E25L219Y','Waylon','Widdup','5766329911','664 Harbort Court','00174','PD','LZ',26512.33),
    (978, 'SBBLDR69A02L219M','Leandra','Sibbs','8818567891','2 Hovde Hill','35141','TV','VN',93321.06),
    (979, 'SSNCNL98E20L219G','Cornall','Assante','5504247589','09 Warbler Point','30175','VI','VN',131074.22),
    (980, 'GRLJSY80A31L219M','Jessey','Grellier','1774332494','0199 Ramsey Crossing','20136','TV','LM',147668.56),
    (981, 'HSLBNR82H19L219T','Bernardo','Haseley','2689705925','6 Anniversary Road','10129','PD','PM',124089.26),
    (982, 'FRCWSH70B23L219K','Walsh','Frickey','4308848782','93 Ronald Regan Street','00128','VI','LZ',4503.89),
    (983, 'MNGMBL93C13L219O','Maribel','Mingardo','9301516524','43 Sloan Road','29010','TV','ER',93194.86),
    (984, 'STBRDE65L05L219E','Read','Stobart','2406823072','5 Paget Court','00185','VI','LZ',81235.56),
    (985, 'TDHLSW76C04L219Y','Ellsworth','Tudhope','7887809697','450 Hollow Ridge Circle','50124','TV','TC',105233.01),
    (986, 'PWDBDD02H23L219G','Broddie','Powder','8478839642','9923 Stang Terrace','00152','VI','LZ',115913.94),
    (987, 'FRSBSL91L08L219T','Basil','Feares','4117014013','4582 Almo Parkway','00128','VI','LZ',13377.17),
    (988, 'VAOTLL80M10L219C','Othello','Avo','4355785991','3972 Charing Cross Plaza','25129','PD','LM',103611.98),
    (989, 'GVYMQL76E06L219S','Mariquilla','Govey','1607366232','039 Reinke Avenue','10129','VI','PM',144138.01),
    (990, 'LSCRAU63T03L219M','Aurea','Leschelle','9465076866','58 Vernon Street','40128','VI','ER',55338.72),
    (991, 'DNSRLL75H07L219C','Rafaello','Dansey','9992895574','9 Forest Street','00185','PD','LZ',132242.11),
    (992, 'TRTGBA90E30L219T','Gabi','Tortis','5924672084','45 7th Avenue','30132','TV','VN',43040.0),
    (993, 'BNDLNN83L09L219T','Leeann','Bound','2976684799','71 Lotheville Parkway','20136','TV','LM',51758.48),
    (994, 'GRNNLS53E03L219B','Nikolaus','Giron','3396963074','7 Maryland Center','00152','VI','LZ',56982.71),
    (995, 'LMRCLY98A31L219V','Cully','Limerick','8681812940','1 Green Junction','89129','PD','CI',138800.06),
    (996, 'FRBSNN80M29L219X','Sonnie','Furber','1416920498','450 Springs Center','89129','VI','CI',29867.32),
    (997, 'FLTGST57T13L219Z','Augusto','Flott','1485424300','34454 Blackbird Drive','00185','VI','LZ',18981.29),
    (998, 'KNLTBY64S16L219R','Tobye','Knolles-Green','2116802798','342 Roxbury Plaza','37142','VI','VN',87328.38),
    (999, 'HNWCRC84M11L219O','Clerc','Hanway','5777511711','03 Bluestem Parkway','37129','PD','VN',101524.71),
    (1000, 'CRDJSO53B16L219E','Josi','Cradock','7179003991','3790 Summerview Street','00196','VI','LZ',15976.22);

INSERT INTO ha_clienti(IDCliente, IDCasinò)
VALUES
    (1000,1),
    (1,1),
    (2,1),
    (3,1),
    (4,1),
    (5,1),
    (6,1),
    (7,1),
    (8,1),
    (9,1),
    (10,1),
    (11,1),
    (12,1),
    (13,1),
    (14,1),
    (15,1),
    (16,1),
    (17,1),
    (18,1),
    (19,1),
    (20,1),
    (21,1),
    (22,1),
    (23,1),
    (24,1),
    (25,1),
    (26,1),
    (27,1),
    (28,1),
    (29,1),
    (30,1),
    (31,1),
    (32,1),
    (33,1),
    (34,1),
    (35,1),
    (36,1),
    (37,1),
    (38,1),
    (39,1),
    (40,1),
    (41,1),
    (42,1),
    (43,1),
    (44,1),
    (45,1),
    (46,1),
    (47,1),
    (48,1),
    (49,1),
    (50,1),
    (51,1),
    (52,1),
    (53,1),
    (54,1),
    (55,1),
    (56,1),
    (57,1),
    (58,1),
    (59,1),
    (60,1),
    (61,1),
    (62,1),
    (63,1),
    (64,1),
    (65,1),
    (66,1),
    (67,1),
    (68,1),
    (69,1),
    (70,1),
    (71,1),
    (72,1),
    (73,1),
    (74,1),
    (75,1),
    (76,1),
    (77,1),
    (78,1),
    (79,1),
    (80,1),
    (81,1),
    (82,1),
    (83,1),
    (84,1),
    (85,1),
    (86,1),
    (87,1),
    (88,1),
    (89,1),
    (90,1),
    (91,1),
    (92,1),
    (93,1),
    (94,1),
    (95,1),
    (96,1),
    (97,1),
    (98,1),
    (99,1),
    (100,1),
    (101,1),
    (102,1),
    (103,1),
    (104,1),
    (105,1),
    (106,1),
    (107,1),
    (108,1),
    (109,1),
    (110,1),
    (111,1),
    (112,1),
    (113,1),
    (114,1),
    (115,1),
    (116,1),
    (117,1),
    (118,1),
    (119,1),
    (120,1),
    (121,1),
    (122,1),
    (123,1),
    (124,1),
    (125,1),
    (126,1),
    (127,1),
    (128,1),
    (129,1),
    (130,1),
    (131,1),
    (132,1),
    (133,1),
    (134,1),
    (135,1),
    (136,1),
    (137,1),
    (138,1),
    (139,1),
    (140,1),
    (141,1),
    (142,1),
    (143,1),
    (144,1),
    (145,1),
    (146,1),
    (147,1),
    (148,1),
    (149,1),
    (150,1),
    (151,1),
    (152,1),
    (153,1),
    (154,1),
    (155,1),
    (156,1),
    (157,1),
    (158,1),
    (159,1),
    (160,1),
    (161,1),
    (162,1),
    (163,1),
    (164,1),
    (165,1),
    (166,1),
    (167,1),
    (168,1),
    (169,1),
    (170,1),
    (171,1),
    (172,1),
    (173,1),
    (174,1),
    (175,1),
    (176,1),
    (177,1),
    (178,1),
    (179,1),
    (180,1),
    (181,1),
    (182,1),
    (183,1),
    (184,1),
    (185,1),
    (186,1),
    (187,1),
    (188,1),
    (189,1),
    (190,1),
    (191,1),
    (192,1),
    (193,1),
    (194,1),
    (195,1),
    (196,1),
    (197,1),
    (198,1),
    (199,1),
    (200,1),
    (201,1),
    (202,1),
    (203,1),
    (204,1),
    (205,1),
    (206,1),
    (207,1),
    (208,1),
    (209,1),
    (210,1),
    (211,1),
    (212,1),
    (213,1),
    (214,1),
    (215,1),
    (216,1),
    (217,1),
    (218,1),
    (219,1),
    (220,1),
    (221,1),
    (222,1),
    (223,1),
    (224,1),
    (225,1),
    (226,1),
    (227,1),
    (228,1),
    (229,1),
    (230,1),
    (231,1),
    (232,1),
    (233,1),
    (234,1),
    (235,1),
    (236,1),
    (237,1),
    (238,1),
    (239,1),
    (240,1),
    (241,1),
    (242,1),
    (243,1),
    (244,1),
    (245,1),
    (246,1),
    (247,1),
    (248,1),
    (249,1),
    (250,1),
    (251,1),
    (252,1),
    (253,1),
    (254,1),
    (255,1),
    (256,1),
    (257,1),
    (258,1),
    (259,1),
    (260,1),
    (261,1),
    (262,1),
    (263,1),
    (264,1),
    (265,1),
    (266,1),
    (267,1),
    (268,1),
    (269,1),
    (270,1),
    (271,1),
    (272,1),
    (273,1),
    (274,1),
    (275,1),
    (276,1),
    (277,1),
    (278,1),
    (279,1),
    (280,1),
    (281,1),
    (282,1),
    (283,1),
    (284,1),
    (285,1),
    (286,1),
    (287,1),
    (288,1),
    (289,1),
    (290,1),
    (291,1),
    (292,1),
    (293,1),
    (294,1),
    (295,1),
    (296,1),
    (297,1),
    (298,1),
    (299,1),
    (300,1),
    (301,1),
    (302,1),
    (303,1),
    (304,1),
    (305,1),
    (306,1),
    (307,1),
    (308,1),
    (309,1),
    (310,1),
    (311,1),
    (312,1),
    (313,1),
    (314,1),
    (315,1),
    (316,1),
    (317,1),
    (318,1),
    (319,1),
    (320,1),
    (321,1),
    (322,1),
    (323,1),
    (324,1),
    (325,1),
    (326,1),
    (327,1),
    (328,1),
    (329,1),
    (330,1),
    (331,1),
    (332,1),
    (333,1),
    (334,1),
    (335,1),
    (336,1),
    (337,1),
    (338,1),
    (339,1),
    (340,1),
    (341,1),
    (342,1),
    (343,1),
    (344,1),
    (345,1),
    (346,1),
    (347,1),
    (348,1),
    (349,1),
    (350,1),
    (351,1),
    (352,1),
    (353,1),
    (354,1),
    (355,1),
    (356,1),
    (357,1),
    (358,1),
    (359,1),
    (360,1),
    (361,1),
    (362,1),
    (363,1),
    (364,1),
    (365,1),
    (366,1),
    (367,1),
    (368,1),
    (369,1),
    (370,1),
    (371,1),
    (372,1),
    (373,1),
    (374,1),
    (375,1),
    (376,1),
    (377,1),
    (378,1),
    (379,1),
    (380,1),
    (381,1),
    (382,1),
    (383,1),
    (384,1),
    (385,1),
    (386,1),
    (387,1),
    (388,1),
    (389,1),
    (390,1),
    (391,1),
    (392,1),
    (393,1),
    (394,1),
    (395,1),
    (396,1),
    (397,1),
    (398,1),
    (399,1),
    (400,1),
    (401,1),
    (402,1),
    (403,1),
    (404,1),
    (405,1),
    (406,1),
    (407,1),
    (408,1),
    (409,1),
    (410,1),
    (411,1),
    (412,1),
    (413,1),
    (414,1),
    (415,1),
    (416,1),
    (417,1),
    (418,1),
    (419,1),
    (420,1),
    (421,1),
    (422,1),
    (423,1),
    (424,1),
    (425,1),
    (426,1),
    (427,1),
    (428,1),
    (429,1),
    (430,1),
    (431,1),
    (432,1),
    (433,1),
    (434,1),
    (435,1),
    (436,1),
    (437,1),
    (438,1),
    (439,1),
    (440,1),
    (441,1),
    (442,1),
    (443,1),
    (444,1),
    (445,1),
    (446,1),
    (447,1),
    (448,1),
    (449,1),
    (450,1),
    (451,1),
    (452,1),
    (453,1),
    (454,1),
    (455,1),
    (456,1),
    (457,1),
    (458,1),
    (459,1),
    (460,1),
    (461,1),
    (462,1),
    (463,1),
    (464,1),
    (465,1),
    (466,1),
    (467,1),
    (468,1),
    (469,1),
    (470,1),
    (471,1),
    (472,1),
    (473,1),
    (474,1),
    (475,1),
    (476,1),
    (477,1),
    (478,1),
    (479,1),
    (480,1),
    (481,1),
    (482,1),
    (483,1),
    (484,1),
    (485,1),
    (486,1),
    (487,1),
    (488,1),
    (489,1),
    (490,1),
    (491,1),
    (492,1),
    (493,1),
    (494,1),
    (495,1),
    (496,1),
    (497,1),
    (498,1),
    (499,1),
    (500,1),
    (501,1),
    (502,1),
    (503,1),
    (504,1),
    (505,1),
    (506,1),
    (507,1),
    (508,1),
    (509,1),
    (510,1),
    (511,1),
    (512,1),
    (513,1),
    (514,1),
    (515,1),
    (516,1),
    (517,1),
    (518,1),
    (519,1),
    (520,1),
    (521,1),
    (522,1),
    (523,1),
    (524,1),
    (525,1),
    (526,1),
    (527,1),
    (528,1),
    (529,1),
    (530,1),
    (531,1),
    (532,1),
    (533,1),
    (534,1),
    (535,1),
    (536,1),
    (537,1),
    (538,1),
    (539,1),
    (540,1),
    (541,1),
    (542,1),
    (543,1),
    (544,1),
    (545,1),
    (546,1),
    (547,1),
    (548,1),
    (549,1),
    (550,1),
    (551,1),
    (552,1),
    (553,1),
    (554,1),
    (555,1),
    (556,1),
    (557,1),
    (558,1),
    (559,1),
    (560,1),
    (561,1),
    (562,1),
    (563,1),
    (564,1),
    (565,1),
    (566,1),
    (567,1),
    (568,1),
    (569,1),
    (570,1),
    (571,1),
    (572,1),
    (573,1),
    (574,1),
    (575,1),
    (576,1),
    (577,1),
    (578,1),
    (579,1),
    (580,1),
    (581,1),
    (582,1),
    (583,1),
    (584,1),
    (585,1),
    (586,1),
    (587,1),
    (588,1),
    (589,1),
    (590,1),
    (591,1),
    (592,1),
    (593,1),
    (594,1),
    (595,1),
    (596,1),
    (597,1),
    (598,1),
    (599,1),
    (600,1),
    (601,1),
    (602,1),
    (603,1),
    (604,1),
    (605,1),
    (606,1),
    (607,1),
    (608,1),
    (609,1),
    (610,1),
    (611,1),
    (612,1),
    (613,1),
    (614,1),
    (615,1),
    (616,1),
    (617,1),
    (618,1),
    (619,1),
    (620,1),
    (621,1),
    (622,1),
    (623,1),
    (624,1),
    (625,1),
    (626,1),
    (627,1),
    (628,1),
    (629,1),
    (630,1),
    (631,1),
    (632,1),
    (633,1),
    (634,1),
    (635,1),
    (636,1),
    (637,1),
    (638,1),
    (639,1),
    (640,1),
    (641,1),
    (642,1),
    (643,1),
    (644,1),
    (645,1),
    (646,1),
    (647,1),
    (648,1),
    (649,1),
    (650,1),
    (651,1),
    (652,1),
    (653,1),
    (654,1),
    (655,1),
    (656,1),
    (657,1),
    (658,1),
    (659,1),
    (660,1),
    (661,1),
    (662,1),
    (663,1),
    (664,1),
    (665,1),
    (666,1),
    (667,1),
    (668,1),
    (669,1),
    (670,1),
    (671,1),
    (672,1),
    (673,1),
    (674,1),
    (675,1),
    (676,1),
    (677,1),
    (678,1),
    (679,1),
    (680,1),
    (681,1),
    (682,1),
    (683,1),
    (684,1),
    (685,1),
    (686,1),
    (687,1),
    (688,1),
    (689,1),
    (690,1),
    (691,1),
    (692,1),
    (693,1),
    (694,1),
    (695,1),
    (696,1),
    (697,1),
    (698,1),
    (699,1),
    (700,1),
    (701,1),
    (702,1),
    (703,1),
    (704,1),
    (705,1),
    (706,1),
    (707,1),
    (708,1),
    (709,1),
    (710,1),
    (711,1),
    (712,1),
    (713,1),
    (714,1),
    (715,1),
    (716,1),
    (717,1),
    (718,1),
    (719,1),
    (720,1),
    (721,1),
    (722,1),
    (723,1),
    (724,1),
    (725,1),
    (726,1),
    (727,1),
    (728,1),
    (729,1),
    (730,1),
    (731,1),
    (732,1),
    (733,1),
    (734,1),
    (735,1),
    (736,1),
    (737,1),
    (738,1),
    (739,1),
    (740,1),
    (741,1),
    (742,1),
    (743,1),
    (744,1),
    (745,1),
    (746,1),
    (747,1),
    (748,1),
    (749,1),
    (750,1),
    (751,1),
    (752,1),
    (753,1),
    (754,1),
    (755,1),
    (756,1),
    (757,1),
    (758,1),
    (759,1),
    (760,1),
    (761,1),
    (762,1),
    (763,1),
    (764,1),
    (765,1),
    (766,1),
    (767,1),
    (768,1),
    (769,1),
    (770,1),
    (771,1),
    (772,1),
    (773,1),
    (774,1),
    (775,1),
    (776,1),
    (777,1),
    (778,1),
    (779,1),
    (780,1),
    (781,1),
    (782,1),
    (783,1),
    (784,1),
    (785,1),
    (786,1),
    (787,1),
    (788,1),
    (789,1),
    (790,1),
    (791,1),
    (792,1),
    (793,1),
    (794,1),
    (795,1),
    (796,1),
    (797,1),
    (798,1),
    (799,1),
    (800,1),
    (801,1),
    (802,1),
    (803,1),
    (804,1),
    (805,1),
    (806,1),
    (807,1),
    (808,1),
    (809,1),
    (810,1),
    (811,1),
    (812,1),
    (813,1),
    (814,1),
    (815,1),
    (816,1),
    (817,1),
    (818,1),
    (819,1),
    (820,1),
    (821,1),
    (822,1),
    (823,1),
    (824,1),
    (825,1),
    (826,1),
    (827,1),
    (828,1),
    (829,1),
    (830,1),
    (831,1),
    (832,1),
    (833,1),
    (834,1),
    (835,1),
    (836,1),
    (837,1),
    (838,1),
    (839,1),
    (840,1),
    (841,1),
    (842,1),
    (843,1),
    (844,1),
    (845,1),
    (846,1),
    (847,1),
    (848,1),
    (849,1),
    (850,1),
    (851,1),
    (852,1),
    (853,1),
    (854,1),
    (855,1),
    (856,1),
    (857,1),
    (858,1),
    (859,1),
    (860,1),
    (861,1),
    (862,1),
    (863,1),
    (864,1),
    (865,1),
    (866,1),
    (867,1),
    (868,1),
    (869,1),
    (870,1),
    (871,1),
    (872,1),
    (873,1),
    (874,1),
    (875,1),
    (876,1),
    (877,1),
    (878,1),
    (879,1),
    (880,1),
    (881,1),
    (882,1),
    (883,1),
    (884,1),
    (885,1),
    (886,1),
    (887,1),
    (888,1),
    (889,1),
    (890,1),
    (891,1),
    (892,1),
    (893,1),
    (894,1),
    (895,1),
    (896,1),
    (897,1),
    (898,1),
    (899,1),
    (900,1),
    (901,1),
    (902,1),
    (903,1),
    (904,1),
    (905,1),
    (906,1),
    (907,1),
    (908,1),
    (909,1),
    (910,1),
    (911,1),
    (912,1),
    (913,1),
    (914,1),
    (915,1),
    (916,1),
    (917,1),
    (918,1),
    (919,1),
    (920,1),
    (921,1),
    (922,1),
    (923,1),
    (924,1),
    (925,1),
    (926,1),
    (927,1),
    (928,1),
    (929,1),
    (930,1),
    (931,1),
    (932,1),
    (933,1),
    (934,1),
    (935,1),
    (936,1),
    (937,1),
    (938,1),
    (939,1),
    (940,1),
    (941,1),
    (942,1),
    (943,1),
    (944,1),
    (945,1),
    (946,1),
    (947,1),
    (948,1),
    (949,1),
    (950,1),
    (951,1),
    (952,1),
    (953,1),
    (954,1),
    (955,1),
    (956,1),
    (957,1),
    (958,1),
    (959,1),
    (960,1),
    (961,1),
    (962,1),
    (963,1),
    (964,1),
    (965,1),
    (966,1),
    (967,1),
    (968,1),
    (969,1),
    (970,1),
    (971,1),
    (972,1),
    (973,1),
    (974,1),
    (975,1),
    (976,1),
    (977,1),
    (978,1),
    (979,1),
    (980,1),
    (981,1),
    (982,1),
    (983,1),
    (984,1),
    (985,1),
    (986,1),
    (987,1),
    (988,1),
    (989,1),
    (990,1),
    (991,1),
    (992,1),
    (993,1),
    (994,1),
    (995,1),
    (996,1),
    (997,1),
    (998,1),
    (999,1),
    (200,2),
    (1,2),
    (2,2),
    (3,2),
    (4,2),
    (5,2),
    (6,2),
    (7,2),
    (8,2),
    (9,2),
    (10,2),
    (11,2),
    (12,2),
    (13,2),
    (14,2),
    (15,2),
    (16,2),
    (17,2),
    (18,2),
    (19,2),
    (20,2),
    (21,2),
    (22,2),
    (23,2),
    (24,2),
    (25,2),
    (26,2),
    (27,2),
    (28,2),
    (29,2),
    (30,2),
    (31,2),
    (32,2),
    (33,2),
    (34,2),
    (35,2),
    (36,2),
    (37,2),
    (38,2),
    (39,2),
    (40,2),
    (41,2),
    (42,2),
    (43,2),
    (44,2),
    (45,2),
    (46,2),
    (47,2),
    (48,2),
    (49,2),
    (50,2),
    (51,2),
    (52,2),
    (53,2),
    (54,2),
    (55,2),
    (56,2),
    (57,2),
    (58,2),
    (59,2),
    (60,2),
    (61,2),
    (62,2),
    (63,2),
    (64,2),
    (65,2),
    (66,2),
    (67,2),
    (68,2),
    (69,2),
    (70,2),
    (71,2),
    (72,2),
    (73,2),
    (74,2),
    (75,2),
    (76,2),
    (77,2),
    (78,2),
    (79,2),
    (80,2),
    (81,2),
    (82,2),
    (83,2),
    (84,2),
    (85,2),
    (86,2),
    (87,2),
    (88,2),
    (89,2),
    (90,2),
    (91,2),
    (92,2),
    (93,2),
    (94,2),
    (95,2),
    (96,2),
    (97,2),
    (98,2),
    (99,2),
    (100,2),
    (101,2),
    (102,2),
    (103,2),
    (104,2),
    (105,2),
    (106,2),
    (107,2),
    (108,2),
    (109,2),
    (110,2),
    (111,2),
    (112,2),
    (113,2),
    (114,2),
    (115,2),
    (116,2),
    (117,2),
    (118,2),
    (119,2),
    (120,2),
    (121,2),
    (122,2),
    (123,2),
    (124,2),
    (125,2),
    (126,2),
    (127,2),
    (128,2),
    (129,2),
    (130,2),
    (131,2),
    (132,2),
    (133,2),
    (134,2),
    (135,2),
    (136,2),
    (137,2),
    (138,2),
    (139,2),
    (140,2),
    (141,2),
    (142,2),
    (143,2),
    (144,2),
    (145,2),
    (146,2),
    (147,2),
    (148,2),
    (149,2),
    (150,2),
    (151,2),
    (152,2),
    (153,2),
    (154,2),
    (155,2),
    (156,2),
    (157,2),
    (158,2),
    (159,2),
    (160,2),
    (161,2),
    (162,2),
    (163,2),
    (164,2),
    (165,2),
    (166,2),
    (167,2),
    (168,2),
    (169,2),
    (170,2),
    (171,2),
    (172,2),
    (173,2),
    (174,2),
    (175,2),
    (176,2),
    (177,2),
    (178,2),
    (179,2),
    (180,2),
    (181,2),
    (182,2),
    (183,2),
    (184,2),
    (185,2),
    (186,2),
    (187,2),
    (188,2),
    (189,2),
    (190,2),
    (191,2),
    (192,2),
    (193,2),
    (194,2),
    (195,2),
    (196,2),
    (197,2),
    (198,2),
    (199,2);

INSERT INTO Tornei(IDTorneo, Nome,DataTorneo,BuyIN,Premio,NomeSala,NumeroSala,IDGioco)
VALUES
    (1,'Italian Poker Tour', '2022-05-15',1000, 50000, 'Sala Rossa', 2,1),
    (2,'PGT ITALY', '2022-06-15',1500, 150000, 'Sala Verde', 9,1),
    (3,'ISOP ITALIA', '2022-07-20',500, 30000, 'Sala Gialla', 10,1);

INSERT INTO Match(IDMatch, IsFinal,Ora,IDTorneo)
VALUES
    (1, false, '15:00:00',1),
    (2, false, '16:00:00',1),
    (3, false, '17:00:00',1),
    (4, true, '18:00:00',1),

    (5, false, '15:00:00',2),

    (6, false, '15:00:00',3);


INSERT INTO Disputano(IDMatch, IDCliente,SaldoMano)
VALUES
    (1, 1, 2000),
    (1, 2, 2000),
    (1, 3, 2000),
    (1, 4, 2000),
    (1, 5, 2000),
    (1, 6, 2000),
 
    (2, 1, 3500),
    (2, 2, 1500),
    (2, 3, 1750),
    (2, 4, 2250),
    (2, 5, 1000),
    (2, 6, 3000),

    (3, 1, 0),
    (3, 2, 5000),
    (3, 3, 1000),
    (3, 4, 2250),
    (3, 5, 2700),
    (3, 6, 1800),

    (4, 1, 0),
    (4, 2, 0),
    (4, 3, 0),
    (4, 4, 0),
    (4, 5, 0),
    (4, 6, 12000),

    (5, 199, 2000),
    (5, 196, 2000),
    (5, 121, 2000),
    (5, 119, 2000),
    (5, 123, 2000),
    (5, 117, 2000),

    (6, 68, 2000),
    (6, 69, 2000),
    (6, 39, 2000),
    (6, 30, 2000),
    (6, 19, 2000),
    (6, 18, 2000);

INSERT INTO Regole(IDRegola, Nome, Descrizione,Penalità)
VALUES
    (1, 'Carta Alta','Il principio della carta alta viene utilizzato per determinare quale combinazione è quella vincente a parità di mano, e se non è possibile stabilirlo allora il piatto viene ripartita tra i giocatori, in parti uguali.','Nessuna'),
    (2, 'Coppia','La coppia, nelle regole del poker, è la combinazione vincente di base e più semplice da ottenere, che si verifica quando un giocatore ha in mano due carte dello stesso valore e tre carte diverse e non abbinate.','Nessuna'),
    (3, 'Sorteggio del bottone',' La posizione al tavolo del bottone viene sorteggiata all’inizio del torneo e procede in senso orario ad ogni turno di gioco salvo eccezioni definite al successivo punto 2','Nessuna'),
    (4, 'Split','lo split trasforma una mano in due','Nessuna'),
    (5, 'Raddoppiare','ti permette di raddoppiare la tua scommessa iniziale','Nessuna'),
    (6, 'Resa','ti permette di abbandonare la tua mano e recuperare il 50% della tua scommessa iniziale','Nessuna'),
    (7, 'Numero secco','Puntare su un numero paga 35 a 1.','Nessuna'),
    (8, 'street','La puntata su tre numeri paga 11 a 1.','Nessuna'),
    (9, 'Puntatà massima','Possono essere puntati massimo 3000€','Nessuna');    

INSERT INTO Regolamento(IDGioco,IDRegola)
VALUES
    (1,1),
    (1,2),
    (1,3),
    (2,4),
    (2,5),
    (2,6),
    (3,7),
    (3,8),
    (3,9);
   
INSERT INTO Transazioni(IDTx,Tipo,TimestampTX,Importo,IDPostazione,IDCliente)
VALUES
    (1, 'Vincita',   '2022-05-06 16:46:02', 12976, 7, 10),
    (2, 'Perdita',   '2022-05-02 19:34:20', 12179, 8, 4),
    (3, 'Perdita',   '2022-05-22 22:26:47', 34998, 3, 16),
    (4, 'Vincita',   '2022-04-15 19:25:17', 20482, 1, 22),
    (5, 'Perdita',   '2022-05-22 12:05:51', 45239, 7, 3),
    (6, 'Vincita',   '2022-04-10 14:42:56', 3478, 10, 1),
    (7, 'Vincita',   '2022-06-12 14:56:49', 47475, 4, 30),
    (8, 'Ricarica',  '2022-05-19 12:22:05', 9830, 2, 34),
    (9, 'Perdita',   '2022-06-25 11:34:39', 47344, 4, 25),
    (10, 'Perdita',  '2022-07-02 22:08:02', 34733, 9, 30),
    (11, 'Vincita',  '2022-04-22 16:19:20', 42141, 6, 24),
    (12, 'Ricarica', '2022-04-11 12:55:39', 38996, 10, 17),
    (13, 'Perdita',  '2022-07-03 18:34:49', 36409, 4, 29),
    (14, 'Perdita',  '2022-06-17 19:14:16', 29653, 7, 4),
    (15, 'Ricarica', '2022-06-22 22:35:00', 11591, 3, 11),
    (16, 'Ricarica', '2022-04-09 20:58:28', 2456, 6, 2),
    (17, 'Perdita',  '2022-04-29 10:30:18', 12671, 8, 30),
    (18, 'Vincita',  '2022-04-23 19:21:53', 14056, 7, 10),
    (19, 'Vincita',  '2022-05-12 21:33:15', 33966, 10, 16),
    (20, 'Perdita',  '2022-06-21 13:01:32', 13663, 8, 7),
    (21, 'Perdita',  '2022-06-21 22:17:22', 28752, 10, 19),
    (22, 'Ricarica', '2022-04-08 10:57:42', 4371, 6, 14),
    (23, 'Perdita',  '2022-04-23 20:25:44', 21849, 2, 13),
    (24, 'Perdita',  '2022-05-07 13:52:35', 38406, 4, 17),
    (25, 'Vincita',  '2022-05-10 23:24:20', 11332, 6, 24),
    (26, 'Perdita',  '2022-06-26 17:42:37', 12216, 3, 25),
    (27, 'Perdita',  '2022-06-20 14:45:59', 48778, 9, 1),
    (28, 'Ricarica', '2022-04-10 14:21:06', 2236, 9, 21),
    (29, 'Vincita',  '2022-06-09 10:58:14', 29097, 10, 13),
    (30, 'Ricarica', '2022-06-02 19:58:26', 30888, 9, 25),
    (31, 'Vincita',  '2022-06-04 12:42:26', 27687, 6, 30),
    (32, 'Perdita',  '2022-04-26 21:58:15', 16107, 5, 12),
    (33, 'Vincita',  '2022-05-07 17:04:15', 32007, 7, 2),
    (34, 'Perdita',  '2022-04-08 17:14:31', 34300, 4, 11),
    (35, 'Perdita',  '2022-06-28 21:47:13', 46445, 9, 10),
    (36, 'Ricarica', '2022-04-12 11:20:40', 31295, 2, 29),
    (37, 'Vincita',  '2022-05-30 17:24:42', 17883, 1, 24),
    (38, 'Ricarica', '2022-05-15 10:30:27', 19483, 2, 18),
    (39, 'Perdita',  '2022-07-06 19:10:21', 22444, 1, 14),
    (40, 'Perdita',  '2022-06-07 13:54:00', 6224, 10, 26),   
    (41, 'Perdita', '2021-11-17 14:34:11', 208289, 1, 27),
    (42, 'Vincita', '2021-12-16 04:09:36', 223875, 7, 12),
    (43, 'Ricarica', '2022-03-13 09:15:21', 18925, 6, 14),
    (44, 'Ricarica', '2022-02-24 20:33:29', 7993, 8, 4),
    (45, 'Vincita', '2021-10-01 06:44:16', 11538, 1, 6),
    (46, 'Vincita', '2021-08-15 15:45:04', 20099, 3, 37),
    (47, 'Vincita', '2021-06-23 11:36:55', 27079, 8, 5),
    (48, 'Ricarica', '2021-07-20 10:33:48', 21741, 5, 36),
    (49, 'Vincita', '2021-10-20 23:50:32', 88126, 3, 11),
    (50, 'Perdita', '2021-06-16 09:38:03', 120863, 11, 47),
    (51, 'Vincita', '2021-11-24 22:32:08', 214959, 6, 18),
    (52, 'Perdita', '2022-01-28 00:49:57', 75014, 10, 11),
    (53, 'Vincita', '2021-06-13 18:36:11', 104911, 9, 34),
    (54, 'Vincita', '2021-08-25 20:58:22', 1539, 1, 41),
    (55, 'Ricarica', '2021-08-28 20:48:06', 88163, 1, 17),
    (56, 'Ricarica', '2021-08-09 15:21:22', 14400, 9, 46),
    (57, 'Perdita', '2022-01-18 17:43:14', 144787, 9, 30),
    (58, 'Perdita', '2021-08-24 12:31:20', 29617, 6, 6),
    (59, 'Vincita', '2022-01-26 07:54:54', 25141, 11, 1),
    (60, 'Vincita', '2021-08-22 05:13:06', 139651, 7, 15),
    (61, 'Vincita', '2021-05-09 01:12:57', 188569, 4, 26),
    (62, 'Vincita', '2021-12-20 01:54:21', 200612, 5, 29),
    (63, 'Vincita', '2021-12-08 05:30:59', 72936, 7, 9),
    (64, 'Perdita', '2021-12-19 03:32:01', 44009, 10, 27),
    (65, 'Vincita', '2022-01-02 02:03:22', 76951, 4, 41),
    (66, 'Vincita', '2021-06-15 04:14:57', 237969, 4, 8),
    (67, 'Perdita', '2021-06-01 01:15:01', 151000, 3, 44),
    (68, 'Vincita', '2022-03-05 17:08:37', 71423, 10, 26),
    (69, 'Perdita', '2021-09-01 20:56:59', 35042, 1, 12),
    (70, 'Vincita', '2022-04-02 22:13:15', 177584, 6, 34),
    (71, 'Ricarica', '2021-10-12 04:27:40', 214212, 4, 30),
    (72, 'Ricarica', '2021-09-27 08:52:14', 185503, 11, 13),
    (73, 'Ricarica', '2021-09-25 17:04:29', 7093, 9, 49),
    (74, 'Vincita', '2021-12-15 21:24:07', 117468, 11, 27),
    (75, 'Ricarica', '2022-01-17 10:31:20', 205921, 9, 48),
    (76, 'Vincita', '2021-07-10 16:49:48', 210454, 7, 40),
    (77, 'Perdita', '2021-10-21 23:22:13', 159993, 4, 35),
    (78, 'Ricarica', '2021-05-26 04:02:32', 200369, 8, 41),
    (79, 'Ricarica', '2021-05-26 00:33:18', 154452, 3, 29),
    (80, 'Perdita', '2021-06-17 14:32:47', 78987, 2, 28),
    (81, 'Perdita', '2021-05-19 17:36:46', 74421, 4, 48),
    (82, 'Ricarica', '2021-05-13 19:01:09', 6530, 7, 14),
    (83, 'Ricarica', '2021-06-05 12:22:41', 101004, 11, 22),
    (84, 'Perdita', '2021-09-30 19:06:39', 165960, 3, 30),
    (85, 'Ricarica', '2021-05-30 16:52:18', 107144, 4, 33),
    (86, 'Ricarica', '2021-11-06 09:42:28', 214982, 2, 10),
    (87, 'Vincita', '2022-01-18 16:23:10', 34628, 10, 8),
    (88, 'Ricarica', '2022-02-07 17:30:57', 166463, 11, 21),
    (89, 'Perdita', '2021-10-08 08:59:35', 157000, 5, 20),
    (90, 'Perdita', '2021-08-22 15:25:25', 174050, 8, 2),
    (91, 'Ricarica', '2022-01-16 09:03:01', 168508, 7, 28),
    (92, 'Vincita', '2021-10-13 03:10:47', 59531, 10, 20),
    (93, 'Vincita', '2021-10-19 04:38:33', 164490, 10, 15),
    (94, 'Vincita', '2021-11-02 17:21:37', 181923, 4, 13),
    (95, 'Vincita', '2021-09-21 16:46:43', 115625, 7, 13),
    (96, 'Ricarica', '2021-09-26 23:28:31', 92008, 2, 44),
    (97, 'Perdita', '2021-11-07 21:42:59', 126569, 1, 45),
    (98, 'Vincita', '2021-08-03 10:57:39', 122754, 1, 37),
    (99, 'Ricarica', '2021-09-13 12:07:33', 189527, 10, 49),
    (100, 'Vincita', '2021-07-02 18:37:43', 198072, 4, 21),
    (101, 'Ricarica', '2022-01-26 14:02:19', 1672, 7, 5),
    (102, 'Perdita', '2022-03-19 20:08:26', 27971, 2, 5),
    (103, 'Vincita', '2021-05-17 16:44:06', 81392, 3, 41),
    (104, 'Perdita', '2022-01-24 06:06:26', 189317, 7, 34),
    (105, 'Ricarica', '2022-03-06 04:35:59', 63351, 1, 23),
    (106, 'Perdita', '2021-07-20 18:51:56', 179205, 4, 2),
    (107, 'Vincita', '2021-09-14 15:05:34', 200452, 5, 30),
    (108, 'Ricarica', '2021-10-09 07:09:24', 154814, 10, 7),
    (109, 'Ricarica', '2022-03-29 07:39:20', 126928, 2, 33),
    (110, 'Ricarica', '2021-11-04 08:03:06', 103321, 9, 30),
    (111, 'Perdita', '2021-10-15 07:55:53', 134956, 5, 37),
    (112, 'Ricarica', '2021-11-20 01:39:55', 143903, 4, 2),
    (113, 'Vincita', '2022-01-21 03:12:55', 230227, 7, 39),
    (114, 'Ricarica', '2021-06-15 03:26:07', 163488, 9, 33),
    (115, 'Ricarica', '2021-09-24 20:15:02', 114021, 1, 25),
    (116, 'Vincita', '2021-07-18 14:45:17', 227539, 5, 42),
    (117, 'Perdita', '2021-05-06 15:01:47', 133448, 10, 15),
    (118, 'Ricarica', '2022-01-02 12:22:41', 97215, 7, 36),
    (119, 'Ricarica', '2021-11-02 11:37:18', 169603, 4, 7),
    (120, 'Ricarica', '2021-09-16 17:42:28', 111567, 3, 45),
    (121, 'Perdita', '2021-11-10 13:25:13', 3788, 4, 50),
    (122, 'Perdita', '2021-07-13 07:23:15', 121633, 7, 34),
    (123, 'Vincita', '2021-12-25 22:31:15', 526, 10, 36),
    (124, 'Vincita', '2021-10-25 20:48:23', 46852, 1, 45),
    (125, 'Ricarica', '2021-11-26 12:33:42', 177002, 10, 50),
    (126, 'Vincita', '2021-09-29 09:04:33', 97453, 9, 40),
    (127, 'Ricarica', '2021-12-24 21:11:09', 145841, 5, 14),
    (128, 'Vincita', '2021-07-02 23:12:12', 149347, 7, 48),
    (129, 'Vincita', '2022-03-20 19:16:55', 150133, 2, 40),
    (130, 'Ricarica', '2021-09-27 10:15:11', 81136, 3, 38),
    (131, 'Perdita', '2021-11-24 14:11:04', 160566, 9, 40),
    (132, 'Perdita', '2021-06-26 08:15:16', 234467, 1, 42),
    (133, 'Ricarica', '2021-08-15 22:13:03', 46202, 2, 6),
    (134, 'Perdita', '2021-12-21 13:46:02', 107505, 2, 39),
    (135, 'Perdita', '2021-09-16 01:28:38', 226745, 11, 2),
    (136, 'Ricarica', '2021-10-01 16:55:55', 242103, 2, 5),
    (137, 'Ricarica', '2021-10-05 06:40:25', 123436, 4, 35),
    (138, 'Perdita', '2022-03-22 17:21:12', 170491, 3, 6),
    (139, 'Perdita', '2021-12-22 01:15:28', 125651, 6, 2),
    (140, 'Vincita', '2022-03-31 21:17:26', 125390, 6, 38),
    (141, 'Perdita', '2021-07-25 02:07:23', 96875, 6, 3),
    (142, 'Vincita', '2021-10-24 01:26:28', 243335, 9, 31),
    (143, 'Ricarica', '2022-03-30 14:07:54', 187394, 4, 13),
    (144, 'Ricarica', '2021-06-20 14:02:25', 22342, 1, 40),
    (145, 'Perdita', '2021-10-20 14:34:41', 18053, 10, 43),
    (146, 'Ricarica', '2022-01-09 13:24:08', 196371, 3, 44),
    (147, 'Vincita', '2021-12-06 20:20:07', 124898, 7, 47),
    (148, 'Vincita', '2021-12-21 02:31:31', 72946, 11, 26),
    (149, 'Ricarica', '2021-12-15 21:00:18', 117642, 7, 25),
    (150, 'Vincita', '2021-05-23 11:33:38', 161847, 8, 26),
    (151, 'Ricarica', '2021-08-21 20:56:33', 23368, 6, 45),
    (152, 'Ricarica', '2021-05-13 11:07:33', 84544, 1, 38),
    (153, 'Vincita', '2021-12-22 06:58:03', 109571, 10, 23),
    (154, 'Ricarica', '2021-08-01 02:41:40', 194088, 7, 50),
    (155, 'Vincita', '2021-05-20 09:32:00', 223094, 9, 37),
    (156, 'Ricarica', '2021-08-14 18:03:38', 157767, 9, 9),
    (157, 'Ricarica', '2022-01-14 21:44:26', 3424, 5, 28),
    (158, 'Ricarica', '2021-11-12 19:06:53', 72680, 11, 19),
    (159, 'Ricarica', '2021-07-28 18:34:23', 30544, 3, 11),
    (160, 'Perdita', '2022-03-01 00:49:53', 157567, 6, 31),
    (161, 'Vincita', '2021-12-04 17:09:51', 76221, 5, 4),
    (162, 'Ricarica', '2021-11-30 21:39:59', 30560, 3, 33),
    (163, 'Vincita', '2021-06-06 06:24:22', 102993, 7, 8),
    (164, 'Ricarica', '2021-11-03 04:35:27', 186859, 3, 22),
    (165, 'Perdita', '2022-02-15 10:32:00', 223492, 10, 2),
    (166, 'Vincita', '2021-09-27 15:02:34', 130793, 8, 44),
    (167, 'Ricarica', '2022-03-23 16:18:42', 135391, 9, 33),
    (168, 'Ricarica', '2022-02-08 00:46:22', 113972, 7, 38),
    (169, 'Ricarica', '2021-08-19 02:43:15', 196559, 5, 45),
    (170, 'Ricarica', '2022-02-09 18:18:44', 7177, 8, 12),
    (171, 'Perdita', '2021-09-17 08:25:33', 133714, 10, 18),
    (172, 'Ricarica', '2022-02-26 06:21:14', 12042, 10, 18),
    (173, 'Perdita', '2021-09-10 22:34:30', 107787, 4, 28),
    (174, 'Perdita', '2021-10-14 05:04:33', 90735, 5, 7),
    (175, 'Perdita', '2021-08-27 02:33:10', 7432, 6, 41),
    (176, 'Perdita', '2021-07-22 23:09:52', 139996, 5, 47),
    (177, 'Vincita', '2021-07-28 05:30:34', 66737, 11, 19),
    (178, 'Perdita', '2022-02-10 21:31:11', 56224, 11, 22),
    (179, 'Perdita', '2021-06-18 23:11:41', 53004, 2, 41),
    (180, 'Perdita', '2021-06-19 10:48:52', 229985, 4, 19),
    (181, 'Ricarica', '2021-09-23 00:20:14', 172204, 4, 22),
    (182, 'Ricarica', '2021-05-26 16:56:45', 80657, 11, 39),
    (183, 'Ricarica', '2022-01-04 11:42:33', 157202, 8, 23),
    (184, 'Ricarica', '2022-01-05 09:51:56', 145336, 8, 19),
    (185, 'Perdita', '2022-01-06 10:23:25', 84009, 9, 48),
    (186, 'Ricarica', '2021-05-18 16:11:22', 54945, 2, 30),
    (187, 'Ricarica', '2021-06-30 08:37:49', 158717, 11, 27),
    (188, 'Vincita', '2021-09-30 02:45:15', 182698, 1, 32),
    (189, 'Vincita', '2021-12-24 13:16:17', 74647, 3, 12),
    (190, 'Vincita', '2021-07-26 06:13:11', 62851, 10, 20),
    (191, 'Ricarica', '2021-07-23 16:16:51', 191344, 6, 23),
    (192, 'Ricarica', '2022-02-23 23:42:59', 243828, 6, 15),
    (193, 'Perdita', '2021-06-27 17:07:07', 140788, 4, 19),
    (194, 'Perdita', '2021-11-05 20:12:47', 156170, 3, 28),
    (195, 'Vincita', '2021-07-24 04:26:39', 247986, 9, 14),
    (196, 'Perdita', '2022-02-28 01:28:41', 11835, 6, 14),
    (197, 'Vincita', '2021-09-09 13:33:02', 120818, 4, 34),
    (198, 'Ricarica', '2022-02-06 10:10:55', 177616, 4, 42),
    (199, 'Perdita', '2022-03-02 04:40:13', 27919, 9, 36),
    (200, 'Perdita', '2021-10-10 22:34:11', 226218, 2, 6),
    (201, 'Vincita', '2022-03-22 01:37:24', 23, 6, 4),
    (202, 'Ricarica', '2021-08-01 22:43:28', 67863, 5, 41),
    (203, 'Vincita', '2021-11-05 10:29:50', 200894, 7, 30),
    (204, 'Ricarica', '2021-12-08 02:58:47', 92611, 8, 43),
    (205, 'Vincita', '2021-07-28 23:27:55', 181056, 9, 29),
    (206, 'Perdita', '2021-08-02 17:53:51', 67559, 5, 16),
    (207, 'Ricarica', '2022-02-06 07:57:59', 205953, 5, 22),
    (208, 'Ricarica', '2022-01-25 03:28:39', 112406, 10, 12),
    (209, 'Vincita', '2022-01-03 11:59:11', 182146, 9, 1),
    (210, 'Perdita', '2021-12-18 15:57:12', 231552, 10, 11),
    (211, 'Perdita', '2021-08-24 13:14:12', 39161, 5, 36),
    (212, 'Vincita', '2022-02-22 23:52:31', 57441, 1, 40),
    (213, 'Vincita', '2021-06-11 19:52:49', 177230, 6, 1),
    (214, 'Perdita', '2021-05-15 03:04:30', 114575, 5, 7),
    (215, 'Ricarica', '2022-03-16 20:41:21', 136404, 11, 8),
    (216, 'Ricarica', '2021-12-25 04:36:33', 188080, 10, 11),
    (217, 'Ricarica', '2021-12-13 20:07:55', 23391, 8, 27),
    (218, 'Vincita', '2022-03-22 00:44:23', 122363, 8, 2),
    (219, 'Perdita', '2021-12-10 19:03:57', 203746, 9, 28),
    (220, 'Vincita', '2022-02-28 20:24:54', 55740, 4, 19),
    (221, 'Ricarica', '2022-03-09 20:25:27', 18016, 5, 45),
    (222, 'Perdita', '2021-08-04 22:38:15', 36299, 10, 24),
    (223, 'Ricarica', '2022-01-16 22:41:25', 62987, 11, 22),
    (224, 'Perdita', '2022-02-04 22:46:21', 72396, 6, 39),
    (225, 'Ricarica', '2021-09-24 07:28:19', 183547, 4, 33),
    (226, 'Vincita', '2021-06-28 21:34:20', 41476, 6, 17),
    (227, 'Ricarica', '2021-06-13 21:35:45', 231025, 4, 10),
    (228, 'Perdita', '2021-12-20 18:06:43', 206663, 8, 23),
    (229, 'Perdita', '2022-02-25 07:18:56', 55535, 6, 41),
    (230, 'Vincita', '2021-07-18 13:01:02', 5329, 4, 9),
    (231, 'Ricarica', '2022-01-18 08:27:27', 136664, 3, 20),
    (232, 'Vincita', '2021-12-11 22:42:25', 131025, 10, 25),
    (233, 'Ricarica', '2021-07-14 01:26:27', 37098, 5, 37),
    (234, 'Vincita', '2021-06-21 20:12:03', 97626, 7, 14),
    (235, 'Perdita', '2021-10-30 17:59:55', 162985, 2, 41),
    (236, 'Perdita', '2022-02-11 07:07:44', 212629, 1, 38),
    (237, 'Perdita', '2021-07-22 17:21:25', 236494, 6, 39),
    (238, 'Ricarica', '2021-12-23 09:33:39', 84940, 7, 45),
    (239, 'Ricarica', '2021-06-05 18:30:36', 56431, 4, 21),
    (240, 'Vincita', '2021-11-11 07:09:17', 74785, 11, 44),
    (241, 'Perdita', '2021-12-01 16:20:04', 32336, 1, 14),
    (242, 'Perdita', '2021-12-26 13:25:52', 239751, 2, 43),
    (243, 'Vincita', '2021-07-24 19:48:50', 32377, 6, 24),
    (244, 'Perdita', '2022-03-13 21:45:50', 10408, 5, 18),
    (245, 'Perdita', '2022-01-23 00:06:25', 91024, 3, 43),
    (246, 'Perdita', '2021-08-23 00:14:04', 62258, 4, 32),
    (247, 'Vincita', '2021-08-12 18:21:33', 227834, 4, 35),
    (248, 'Perdita', '2021-06-17 18:15:53', 51461, 11, 42),
    (249, 'Perdita', '2021-08-28 04:34:21', 73430, 2, 50),
    (250, 'Ricarica', '2021-06-11 15:04:28', 194919, 5, 7),
    (251, 'Perdita', '2022-02-12 23:44:35', 53273, 4, 25),
    (252, 'Ricarica', '2021-10-04 10:10:20', 2801, 4, 4),
    (253, 'Perdita', '2022-03-16 19:45:58', 1983, 4, 3),
    (254, 'Ricarica', '2021-10-02 21:51:42', 178158, 5, 31),
    (255, 'Perdita', '2021-05-12 09:19:46', 111266, 7, 49),
    (256, 'Ricarica', '2022-01-05 09:36:51', 247212, 5, 11),
    (257, 'Vincita', '2022-02-05 20:28:39', 240065, 11, 35),
    (258, 'Perdita', '2021-11-18 01:42:22', 188868, 8, 32),
    (259, 'Vincita', '2021-11-02 13:22:13', 34079, 1, 2),
    (260, 'Vincita', '2021-11-21 16:12:28', 46516, 3, 43),
    (261, 'Perdita', '2021-06-18 09:16:11', 135237, 4, 11),
    (262, 'Vincita', '2021-10-31 11:36:44', 61582, 4, 20),
    (263, 'Vincita', '2021-06-10 03:28:23', 99370, 9, 46),
    (264, 'Vincita', '2021-09-21 06:23:35', 249029, 11, 4),
    (265, 'Ricarica', '2022-02-13 22:50:51', 106372, 11, 26),
    (266, 'Vincita', '2021-09-30 20:49:01', 185843, 5, 36),
    (267, 'Perdita', '2021-08-03 19:08:10', 227832, 10, 12),
    (268, 'Ricarica', '2022-03-26 20:47:56', 169948, 9, 11),
    (269, 'Vincita', '2021-11-05 23:05:03', 65166, 11, 33),
    (270, 'Vincita', '2021-05-18 01:36:28', 129299, 9, 4),
    (271, 'Ricarica', '2021-08-04 20:23:22', 85909, 3, 36),
    (272, 'Perdita', '2021-09-22 03:44:52', 154561, 8, 9),
    (273, 'Perdita', '2022-01-25 02:19:31', 193759, 7, 49),
    (274, 'Perdita', '2021-10-12 03:39:57', 155548, 8, 9),
    (275, 'Ricarica', '2021-08-18 21:57:40', 9187, 8, 5),
    (276, 'Vincita', '2022-03-11 04:35:52', 214432, 1, 20),
    (277, 'Vincita', '2021-08-04 15:27:56', 114085, 11, 16),
    (278, 'Vincita', '2021-07-25 09:43:27', 185343, 4, 35),
    (279, 'Vincita', '2021-07-10 20:01:11', 39168, 10, 9),
    (280, 'Vincita', '2022-01-14 12:55:20', 68745, 9, 50),
    (281, 'Vincita', '2022-01-23 10:11:46', 149755, 8, 35),
    (282, 'Vincita', '2021-09-08 03:42:01', 107143, 1, 8),
    (283, 'Vincita', '2021-12-15 06:53:38', 10798, 1, 4),
    (284, 'Vincita', '2022-03-13 12:16:22', 12339, 10, 42),
    (285, 'Vincita', '2021-12-22 17:56:45', 92830, 7, 20),
    (286, 'Vincita', '2021-06-01 07:31:48', 126447, 11, 5),
    (287, 'Perdita', '2021-11-09 00:17:32', 171866, 7, 48),
    (288, 'Vincita', '2021-08-17 14:55:24', 58343, 6, 34),
    (289, 'Perdita', '2021-07-08 05:40:31', 152899, 3, 48),
    (290, 'Perdita', '2022-03-04 11:24:28', 117623, 11, 39),
    (291, 'Perdita', '2021-08-17 05:48:16', 115485, 11, 10),
    (292, 'Perdita', '2021-11-07 23:45:23', 165794, 4, 32),
    (293, 'Perdita', '2022-02-17 14:21:45', 230647, 6, 29),
    (294, 'Perdita', '2021-08-03 23:54:54', 140303, 6, 32),
    (295, 'Vincita', '2021-07-14 15:16:16', 95245, 1, 5),
    (296, 'Ricarica', '2021-09-11 21:02:32', 185028, 2, 48),
    (297, 'Perdita', '2021-07-27 07:20:37', 191057, 5, 3),
    (298, 'Ricarica', '2021-12-23 16:44:53', 91336, 7, 27),
    (299, 'Vincita', '2022-02-10 14:07:37', 40668, 8, 6),
    (300, 'Perdita', '2021-08-23 08:27:51', 29789, 2, 30),
    (301, 'Vincita', '2021-05-30 21:26:57', 233028, 11, 26),
    (302, 'Perdita', '2021-08-15 01:30:25', 93079, 3, 22),
    (303, 'Ricarica', '2021-06-01 17:31:09', 10090, 9, 11),
    (304, 'Ricarica', '2021-10-13 06:41:07', 208279, 9, 29),
    (305, 'Perdita', '2022-01-15 01:01:04', 102723, 11, 7),
    (306, 'Perdita', '2021-07-02 00:08:27', 51339, 8, 3),
    (307, 'Vincita', '2021-12-17 10:52:41', 44541, 3, 43),
    (308, 'Vincita', '2021-10-05 08:20:31', 37299, 4, 32),
    (309, 'Vincita', '2021-08-22 03:29:22', 122749, 11, 33),
    (310, 'Ricarica', '2022-01-07 19:54:29', 12810, 2, 16),
    (311, 'Vincita', '2022-04-04 07:55:07', 1815, 6, 47),
    (312, 'Ricarica', '2021-09-24 01:18:40', 26067, 7, 48),
    (313, 'Perdita', '2021-12-11 18:24:23', 105003, 11, 18),
    (314, 'Vincita', '2022-01-24 12:50:18', 88706, 10, 11),
    (315, 'Vincita', '2021-06-10 11:45:50', 103131, 5, 31),
    (316, 'Vincita', '2021-07-24 00:43:27', 66389, 1, 35),
    (317, 'Ricarica', '2022-04-01 10:27:23', 62117, 1, 14),
    (318, 'Perdita', '2022-02-17 03:28:49', 242806, 9, 44),
    (319, 'Vincita', '2022-02-22 23:41:22', 9612, 4, 37),
    (320, 'Vincita', '2021-08-06 12:47:21', 58628, 6, 11),
    (321, 'Perdita', '2021-06-22 08:53:03', 3829, 8, 18),
    (322, 'Vincita', '2021-05-08 15:09:43', 162232, 9, 13),
    (323, 'Perdita', '2021-06-18 22:11:57', 174668, 8, 23),
    (324, 'Vincita', '2021-10-15 20:21:49', 243465, 10, 3),
    (325, 'Vincita', '2021-11-27 20:14:51', 129214, 5, 41),
    (326, 'Perdita', '2022-02-11 09:31:30', 138624, 5, 36),
    (327, 'Ricarica', '2021-08-13 05:15:28', 127183, 11, 44),
    (328, 'Perdita', '2021-05-15 09:31:58', 233952, 4, 50),
    (329, 'Ricarica', '2021-07-25 12:57:44', 187883, 5, 12),
    (330, 'Vincita', '2021-07-14 22:19:58', 89200, 3, 47),
    (331, 'Perdita', '2021-07-31 14:04:44', 164103, 4, 50),
    (332, 'Vincita', '2022-03-19 22:21:37', 221341, 2, 45),
    (333, 'Ricarica', '2022-02-01 06:54:56', 219428, 7, 13),
    (334, 'Perdita', '2021-11-14 20:28:14', 94432, 10, 47),
    (335, 'Perdita', '2021-10-04 15:46:43', 117078, 1, 38),
    (336, 'Ricarica', '2022-01-19 19:11:02', 233428, 11, 26),
    (337, 'Vincita', '2021-11-04 14:34:49', 234852, 9, 32),
    (338, 'Ricarica', '2021-07-20 15:30:53', 198224, 4, 15),
    (339, 'Vincita', '2021-06-14 20:18:33', 4864, 7, 17),
    (340, 'Vincita', '2022-03-29 14:15:40', 13000, 10, 35),
    (341, 'Perdita', '2021-06-16 11:26:48', 28928, 8, 24),
    (342, 'Perdita', '2021-07-16 15:24:12', 77700, 10, 23),
    (343, 'Ricarica', '2021-12-10 15:15:16', 162887, 2, 44),
    (344, 'Perdita', '2021-06-03 12:01:49', 64360, 6, 4),
    (345, 'Ricarica', '2021-06-24 09:35:29', 116202, 8, 43),
    (346, 'Perdita', '2021-06-26 04:40:35', 91859, 3, 25),
    (347, 'Ricarica', '2021-09-22 03:36:02', 92245, 11, 7),
    (348, 'Perdita', '2021-05-20 13:09:25', 117528, 10, 16),
    (349, 'Ricarica', '2022-03-28 00:34:34', 127011, 11, 47),
    (350, 'Ricarica', '2021-08-28 02:36:46', 182459, 1, 44),
    (351, 'Perdita', '2021-08-25 07:39:25', 200572, 8, 36),
    (352, 'Perdita', '2021-08-09 15:55:15', 211995, 10, 2),
    (353, 'Ricarica', '2022-02-04 22:16:57', 106810, 9, 19),
    (354, 'Perdita', '2021-09-22 00:44:33', 240758, 9, 48),
    (355, 'Ricarica', '2021-10-17 12:49:46', 187232, 3, 14),
    (356, 'Ricarica', '2021-11-25 20:05:38', 199134, 9, 42),
    (357, 'Vincita', '2021-07-26 15:12:45', 39702, 9, 40),
    (358, 'Perdita', '2022-02-20 13:08:51', 210758, 3, 20),
    (359, 'Vincita', '2021-11-01 12:39:30', 68343, 11, 29),
    (360, 'Vincita', '2022-01-31 15:40:12', 157001, 3, 30),
    (361, 'Perdita', '2021-12-16 14:00:34', 67273, 6, 46),
    (362, 'Vincita', '2022-01-06 23:51:35', 160864, 4, 7),
    (363, 'Perdita', '2021-10-05 15:54:53', 184379, 2, 4),
    (364, 'Ricarica', '2022-02-10 05:09:13', 11334, 9, 40),
    (365, 'Vincita', '2022-01-16 01:10:11', 109577, 7, 17),
    (366, 'Vincita', '2022-04-05 07:03:37', 160023, 4, 30),
    (367, 'Ricarica', '2021-08-28 06:19:00', 17904, 5, 17),
    (368, 'Vincita', '2021-08-09 11:23:45', 162136, 7, 30),
    (369, 'Vincita', '2022-02-15 15:26:34', 165272, 1, 21),
    (370, 'Perdita', '2021-09-04 23:04:52', 3970, 10, 36),
    (371, 'Vincita', '2021-07-24 04:57:32', 160637, 11, 10),
    (372, 'Vincita', '2022-03-04 23:38:02', 194215, 9, 6),
    (373, 'Perdita', '2021-07-02 16:07:01', 174580, 10, 25),
    (374, 'Vincita', '2021-12-03 20:27:18', 145728, 11, 41),
    (375, 'Vincita', '2021-06-08 04:30:20', 245592, 10, 29),
    (376, 'Ricarica', '2022-03-13 13:36:54', 187825, 1, 5),
    (377, 'Vincita', '2021-07-22 01:11:19', 69714, 4, 40),
    (378, 'Vincita', '2021-06-24 07:43:29', 205805, 2, 33),
    (379, 'Perdita', '2021-08-04 17:20:44', 73989, 10, 50),
    (380, 'Ricarica', '2022-03-07 23:20:00', 245845, 11, 45),
    (381, 'Vincita', '2022-01-05 21:25:48', 209993, 3, 30),
    (382, 'Perdita', '2022-03-04 18:25:47', 217122, 7, 4),
    (383, 'Perdita', '2021-12-03 00:08:59', 155289, 4, 11),
    (384, 'Perdita', '2021-06-14 18:43:50', 26853, 9, 43),
    (385, 'Vincita', '2022-03-23 22:10:15', 197672, 1, 9),
    (386, 'Vincita', '2022-02-03 02:10:54', 175838, 11, 2),
    (387, 'Vincita', '2021-06-16 14:00:57', 135073, 6, 28),
    (388, 'Perdita', '2021-08-08 01:58:17', 148682, 8, 26),
    (389, 'Ricarica', '2021-07-15 04:59:04', 136551, 10, 37),
    (390, 'Vincita', '2022-03-15 09:50:19', 15958, 8, 47),
    (391, 'Ricarica', '2021-07-19 00:55:05', 60700, 6, 18),
    (392, 'Perdita', '2021-12-20 16:04:12', 187952, 9, 41),
    (393, 'Vincita', '2021-08-10 05:35:39', 229971, 3, 45),
    (394, 'Ricarica', '2021-11-18 05:11:58', 206605, 1, 3),
    (395, 'Perdita', '2022-03-06 16:23:42', 49252, 6, 33),
    (396, 'Vincita', '2022-01-05 14:19:25', 192959, 7, 17),
    (397, 'Vincita', '2022-01-02 07:38:04', 20506, 5, 29),
    (398, 'Perdita', '2021-09-20 17:28:18', 184821, 10, 19),
    (399, 'Perdita', '2021-05-25 08:59:18', 143314, 2, 19),
    (400, 'Perdita', '2022-01-07 23:03:49', 18834, 5, 10),
    (401, 'Ricarica', '2021-09-19 13:13:31', 109182, 1, 36),
    (402, 'Ricarica', '2021-10-02 23:38:44', 14721, 6, 39),
    (403, 'Ricarica', '2021-10-23 09:06:43', 11765, 3, 20),
    (404, 'Vincita', '2021-05-25 19:56:15', 199755, 3, 22),
    (405, 'Ricarica', '2021-10-31 23:24:12', 1945, 10, 46),
    (406, 'Ricarica', '2021-05-24 02:26:58', 132220, 9, 2),
    (407, 'Vincita', '2022-01-10 13:45:38', 192178, 6, 22),
    (408, 'Ricarica', '2021-10-06 15:25:06', 101583, 5, 23),
    (409, 'Vincita', '2022-02-25 08:34:42', 175270, 1, 33),
    (410, 'Perdita', '2021-08-26 23:16:28', 212124, 5, 50),
    (411, 'Perdita', '2022-01-25 13:40:41', 146317, 6, 48),
    (412, 'Perdita', '2021-08-18 02:46:10', 139359, 7, 50),
    (413, 'Vincita', '2022-03-18 08:40:46', 24841, 7, 35),
    (414, 'Vincita', '2022-01-07 08:04:32', 50797, 4, 44),
    (415, 'Perdita', '2022-02-08 19:39:42', 238115, 8, 32),
    (416, 'Vincita', '2021-05-12 09:38:10', 66706, 5, 40),
    (417, 'Vincita', '2022-02-04 04:57:30', 106922, 3, 33),
    (418, 'Perdita', '2022-01-28 08:26:29', 32865, 10, 39),
    (419, 'Perdita', '2022-02-21 23:50:14', 85838, 8, 6),
    (420, 'Vincita', '2021-05-07 01:34:02', 115175, 2, 39),
    (421, 'Vincita', '2021-09-29 16:28:17', 11684, 11, 46),
    (422, 'Ricarica', '2021-12-24 21:24:26', 60253, 11, 25),
    (423, 'Ricarica', '2021-08-18 16:24:06', 151674, 6, 48),
    (424, 'Perdita', '2022-03-11 06:52:03', 156257, 10, 47),
    (425, 'Ricarica', '2021-11-28 18:45:54', 129360, 8, 6),
    (426, 'Ricarica', '2021-11-08 13:45:29', 213471, 10, 48),
    (427, 'Perdita', '2021-12-15 01:04:00', 91069, 1, 16),
    (428, 'Perdita', '2022-03-21 01:45:04', 175587, 6, 22),
    (429, 'Ricarica', '2021-07-12 23:29:12', 147753, 5, 31),
    (430, 'Vincita', '2022-02-06 03:18:49', 73109, 6, 15),
    (431, 'Ricarica', '2022-01-18 23:05:57', 59346, 10, 22),
    (432, 'Vincita', '2021-08-06 01:20:49', 201953, 5, 28),
    (433, 'Ricarica', '2021-10-04 09:13:45', 65222, 8, 18),
    (434, 'Vincita', '2021-12-27 08:47:22', 135618, 6, 5),
    (435, 'Perdita', '2021-12-05 11:26:28', 193546, 1, 28),
    (436, 'Perdita', '2021-11-02 03:23:58', 36519, 9, 50),
    (437, 'Ricarica', '2021-05-21 17:53:31', 112387, 6, 35),
    (438, 'Ricarica', '2021-08-29 01:16:24', 132176, 5, 44),
    (439, 'Perdita', '2021-06-05 05:03:42', 34936, 1, 43),
    (440, 'Ricarica', '2021-05-20 20:50:51', 232416, 10, 27),
    (441, 'Vincita', '2021-07-05 21:43:59', 47515, 11, 42),
    (442, 'Vincita', '2021-07-25 07:31:01', 180372, 2, 35),
    (443, 'Vincita', '2021-09-20 00:39:07', 161147, 11, 40),
    (444, 'Vincita', '2021-08-02 03:38:22', 193664, 2, 11),
    (445, 'Vincita', '2021-11-15 07:51:05', 182640, 2, 38),
    (446, 'Ricarica', '2021-07-16 21:01:37', 27414, 6, 44),
    (447, 'Ricarica', '2021-11-10 01:38:34', 152360, 10, 49),
    (448, 'Perdita', '2021-05-29 23:44:19', 172736, 4, 16),
    (449, 'Vincita', '2021-10-17 15:46:53', 94658, 3, 38),
    (450, 'Vincita', '2021-08-13 00:52:04', 232381, 10, 49),
    (451, 'Perdita', '2021-07-02 04:26:52', 37191, 6, 45),
    (452, 'Vincita', '2022-02-18 15:28:47', 114724, 10, 39),
    (453, 'Perdita', '2022-02-08 05:17:54', 111587, 2, 27),
    (454, 'Perdita', '2021-06-01 12:54:14', 102175, 6, 20),
    (455, 'Perdita', '2021-10-29 15:49:31', 67905, 5, 37),
    (456, 'Ricarica', '2021-05-26 19:24:29', 249469, 1, 31),
    (457, 'Vincita', '2021-10-10 16:53:16', 94448, 1, 34),
    (458, 'Vincita', '2021-07-01 09:14:50', 53930, 5, 47),
    (459, 'Perdita', '2021-08-05 15:06:03', 21674, 4, 12),
    (460, 'Ricarica', '2021-05-06 11:51:24', 66896, 11, 22),
    (461, 'Perdita', '2022-02-03 07:14:45', 131793, 9, 32),
    (462, 'Ricarica', '2021-07-23 03:35:34', 107507, 6, 6),
    (463, 'Perdita', '2021-10-05 06:34:59', 65457, 1, 26),
    (464, 'Perdita', '2021-09-07 15:29:26', 232634, 6, 24),
    (465, 'Vincita', '2021-11-07 01:11:39', 186176, 2, 11),
    (466, 'Vincita', '2021-10-08 17:12:26', 19229, 6, 40),
    (467, 'Ricarica', '2021-06-11 02:08:12', 219301, 6, 10),
    (468, 'Perdita', '2021-12-23 00:43:36', 147851, 4, 19),
    (469, 'Vincita', '2022-01-06 12:22:49', 193961, 7, 40),
    (470, 'Perdita', '2022-03-01 21:01:42', 92176, 9, 14),
    (471, 'Perdita', '2021-07-08 02:13:00', 220461, 7, 3),
    (472, 'Perdita', '2021-12-26 11:50:18', 243921, 9, 11),
    (473, 'Ricarica', '2022-03-08 01:34:26', 11589, 3, 39),
    (474, 'Perdita', '2021-12-30 13:33:54', 197132, 10, 4),
    (475, 'Vincita', '2021-10-28 22:25:24', 183960, 3, 21),
    (476, 'Vincita', '2021-10-11 08:30:41', 65620, 7, 39),
    (477, 'Vincita', '2021-08-27 13:53:35', 162227, 5, 13),
    (478, 'Perdita', '2022-02-14 19:17:24', 9410, 9, 28),
    (479, 'Ricarica', '2021-08-12 20:17:21', 244016, 11, 3),
    (480, 'Perdita', '2021-09-25 19:37:28', 196388, 4, 39),
    (481, 'Vincita', '2022-01-11 21:56:56', 206641, 4, 20),
    (482, 'Vincita', '2021-06-29 03:30:16', 198783, 5, 14),
    (483, 'Vincita', '2022-01-29 23:09:22', 249041, 6, 14),
    (484, 'Ricarica', '2022-02-26 16:40:10', 191014, 4, 11),
    (485, 'Vincita', '2021-10-16 08:41:32', 39212, 11, 11),
    (486, 'Vincita', '2021-08-26 23:43:32', 176637, 1, 42),
    (487, 'Perdita', '2021-08-07 07:32:47', 183052, 1, 25),
    (488, 'Perdita', '2022-03-02 21:45:27', 208446, 8, 49),
    (489, 'Vincita', '2021-10-04 14:20:17', 137780, 1, 38),
    (490, 'Vincita', '2022-03-14 07:20:51', 211986, 10, 30),
    (491, 'Vincita', '2021-09-18 19:47:04', 73878, 10, 2),
    (492, 'Ricarica', '2021-08-06 12:13:40', 215861, 3, 1),
    (493, 'Ricarica', '2022-01-12 09:01:46', 159101, 7, 27),
    (494, 'Perdita', '2021-09-22 02:02:51', 49711, 4, 43),
    (495, 'Vincita', '2021-12-13 12:53:50', 98550, 4, 16),
    (496, 'Ricarica', '2022-01-21 17:32:16', 225566, 3, 38),
    (497, 'Vincita', '2021-08-24 15:33:53', 194351, 6, 8),
    (498, 'Perdita', '2022-02-03 02:53:52', 133236, 6, 32),
    (499, 'Vincita', '2021-10-14 23:34:08', 104131, 8, 29),
    (500, 'Ricarica', '2021-07-05 14:15:36', 38171, 5, 43),
    (501, 'Ricarica', '2021-12-28 15:34:15', 7654, 9, 21),
    (502, 'Perdita', '2021-07-26 09:42:51', 43260, 10, 36),
    (503, 'Vincita', '2022-02-18 02:46:06', 21874, 1, 43),
    (504, 'Vincita', '2021-10-30 08:29:16', 236648, 2, 46),
    (505, 'Vincita', '2022-01-24 10:23:41', 249171, 7, 44),
    (506, 'Perdita', '2021-06-16 08:16:12', 70959, 7, 31),
    (507, 'Ricarica', '2021-10-20 22:47:47', 70187, 4, 17),
    (508, 'Ricarica', '2021-07-29 12:07:12', 71641, 9, 25),
    (509, 'Ricarica', '2022-03-27 11:20:36', 66210, 11, 25),
    (510, 'Ricarica', '2021-11-16 23:33:31', 202917, 4, 30),
    (511, 'Perdita', '2021-05-23 11:11:47', 45766, 8, 23),
    (512, 'Ricarica', '2021-12-06 08:13:18', 152935, 3, 23),
    (513, 'Perdita', '2022-02-20 17:48:09', 22390, 11, 46),
    (514, 'Ricarica', '2021-05-18 09:50:22', 211155, 2, 9),
    (515, 'Vincita', '2022-02-04 03:00:58', 39850, 1, 42),
    (516, 'Vincita', '2022-01-31 03:06:31', 202631, 11, 48),
    (517, 'Perdita', '2021-12-07 02:01:51', 68269, 11, 30),
    (518, 'Vincita', '2021-08-05 00:02:04', 799, 11, 16),
    (519, 'Ricarica', '2021-06-30 14:32:19', 2898, 5, 14),
    (520, 'Perdita', '2021-11-02 05:11:26', 53126, 6, 32),
    (521, 'Perdita', '2022-03-05 14:40:34', 240969, 11, 14),
    (522, 'Perdita', '2021-11-15 20:03:29', 68406, 2, 32),
    (523, 'Perdita', '2021-11-03 05:31:53', 206408, 4, 38),
    (524, 'Perdita', '2022-03-05 06:30:11', 5865, 3, 6),
    (525, 'Vincita', '2021-07-31 18:07:06', 125255, 2, 19),
    (526, 'Vincita', '2021-11-19 11:08:41', 58583, 1, 29),
    (527, 'Ricarica', '2022-01-07 01:41:30', 62794, 7, 30),
    (528, 'Ricarica', '2022-02-03 07:44:47', 109990, 4, 28),
    (529, 'Ricarica', '2021-12-27 11:52:12', 51980, 1, 23),
    (530, 'Perdita', '2022-02-28 14:03:45', 199390, 11, 46),
    (531, 'Ricarica', '2022-01-31 07:56:02', 222303, 8, 16),
    (532, 'Ricarica', '2022-01-02 17:33:56', 163154, 3, 50),
    (533, 'Vincita', '2022-02-05 21:09:43', 222800, 5, 21),
    (534, 'Perdita', '2021-10-23 03:39:50', 191184, 9, 45),
    (535, 'Perdita', '2021-06-13 02:38:18', 170511, 6, 12),
    (536, 'Perdita', '2021-06-05 17:41:36', 221537, 3, 17),
    (537, 'Vincita', '2021-12-12 17:58:02', 198360, 2, 25),
    (538, 'Ricarica', '2021-05-08 08:23:22', 141399, 6, 25),
    (539, 'Vincita', '2021-07-13 04:27:30', 130725, 10, 24),
    (540, 'Perdita', '2022-03-31 02:39:22', 238966, 3, 5),
    (541, 'Ricarica', '2022-03-04 14:15:08', 17976, 5, 13),
    (542, 'Perdita', '2021-11-14 07:09:22', 114868, 3, 45),
    (543, 'Vincita', '2021-05-25 21:56:50', 27300, 3, 21),
    (544, 'Perdita', '2021-12-07 13:45:31', 225346, 3, 49),
    (545, 'Perdita', '2022-03-30 12:21:36', 53817, 3, 1),
    (546, 'Ricarica', '2021-08-11 03:26:36', 150462, 1, 30),
    (547, 'Ricarica', '2021-06-03 15:20:03', 241014, 9, 25),
    (548, 'Vincita', '2021-12-03 18:58:22', 109315, 3, 16),
    (549, 'Ricarica', '2021-11-24 03:08:52', 244762, 3, 10),
    (550, 'Perdita', '2021-07-14 07:18:03', 200446, 2, 43),
    (551, 'Vincita', '2021-11-18 01:35:22', 60325, 8, 10),
    (552, 'Ricarica', '2021-12-14 02:08:36', 60328, 8, 13),
    (553, 'Perdita', '2021-07-23 03:21:32', 127119, 11, 14),
    (554, 'Perdita', '2021-10-27 15:41:57', 13208, 5, 22),
    (555, 'Perdita', '2021-08-16 08:59:45', 163607, 2, 49),
    (556, 'Vincita', '2021-10-06 17:26:55', 189095, 9, 3),
    (557, 'Perdita', '2022-02-17 14:01:49', 221060, 7, 48),
    (558, 'Ricarica', '2021-11-09 03:20:38', 131920, 7, 32),
    (559, 'Ricarica', '2022-02-15 16:18:27', 6101, 5, 14),
    (560, 'Ricarica', '2022-02-27 21:34:43', 42267, 4, 4),
    (561, 'Ricarica', '2022-01-18 01:06:18', 35441, 4, 7),
    (562, 'Vincita', '2021-11-09 14:41:17', 223622, 2, 11),
    (563, 'Ricarica', '2021-10-10 22:21:49', 144077, 3, 23),
    (564, 'Ricarica', '2022-01-01 08:16:00', 73042, 5, 12),
    (565, 'Vincita', '2022-01-18 18:51:13', 107490, 1, 43),
    (566, 'Vincita', '2021-05-09 16:25:03', 217540, 1, 25),
    (567, 'Perdita', '2022-02-28 02:02:56', 100245, 11, 35),
    (568, 'Ricarica', '2022-02-24 15:06:15', 161551, 1, 9),
    (569, 'Vincita', '2022-01-20 11:47:57', 215844, 3, 36),
    (570, 'Perdita', '2021-11-02 23:44:23', 222687, 1, 15),
    (571, 'Vincita', '2021-12-13 03:17:03', 717, 5, 50),
    (572, 'Vincita', '2021-11-25 17:10:16', 100767, 1, 9),
    (573, 'Vincita', '2021-05-28 13:28:32', 126802, 8, 17),
    (574, 'Vincita', '2021-11-30 06:04:26', 161285, 6, 32),
    (575, 'Ricarica', '2022-03-23 18:37:19', 206314, 3, 22),
    (576, 'Vincita', '2021-06-27 07:05:44', 47909, 3, 36),
    (577, 'Perdita', '2021-07-06 14:57:57', 151062, 8, 39),
    (578, 'Vincita', '2022-03-22 04:21:21', 200633, 3, 19),
    (579, 'Perdita', '2021-11-18 22:50:04', 84024, 10, 20),
    (580, 'Vincita', '2022-04-04 14:31:54', 130283, 2, 29),
    (581, 'Vincita', '2022-02-14 23:03:56', 148285, 4, 17),
    (582, 'Vincita', '2022-02-12 20:44:44', 75541, 5, 31),
    (583, 'Vincita', '2022-01-11 12:52:41', 114059, 11, 21),
    (584, 'Perdita', '2022-01-06 13:20:59', 131036, 10, 15),
    (585, 'Ricarica', '2022-02-04 16:55:40', 143895, 1, 50),
    (586, 'Vincita', '2021-08-30 16:52:56', 135104, 10, 19),
    (587, 'Vincita', '2022-03-02 20:48:07', 186852, 3, 7),
    (588, 'Ricarica', '2021-07-07 00:00:14', 223092, 11, 8),
    (589, 'Ricarica', '2021-12-10 02:46:57', 165829, 5, 41),
    (590, 'Vincita', '2022-02-22 09:29:44', 214156, 5, 8),
    (591, 'Perdita', '2021-05-13 01:28:45', 189446, 6, 34),
    (592, 'Ricarica', '2021-11-07 09:26:14', 134184, 5, 50),
    (593, 'Perdita', '2022-02-07 03:55:15', 96150, 11, 37),
    (594, 'Ricarica', '2021-09-23 22:53:25', 142770, 11, 14),
    (595, 'Vincita', '2021-08-09 22:12:05', 74298, 1, 48),
    (596, 'Vincita', '2021-12-19 11:06:11', 72980, 11, 48),
    (597, 'Perdita', '2021-07-09 21:55:41', 72664, 10, 2),
    (598, 'Vincita', '2021-08-22 19:12:00', 202471, 5, 4),
    (599, 'Vincita', '2021-09-11 02:42:11', 127211, 4, 27),
    (600, 'Vincita', '2022-02-24 07:15:32', 106972, 7, 45),
    (601, 'Vincita', '2021-08-19 17:06:56', 223053, 8, 39),
    (602, 'Ricarica', '2022-02-23 12:10:16', 31046, 3, 38),
    (603, 'Perdita', '2021-12-06 20:36:50', 30523, 3, 19),
    (604, 'Perdita', '2021-06-17 22:46:02', 192210, 2, 34),
    (605, 'Vincita', '2021-06-30 09:31:51', 4878, 2, 38),
    (606, 'Vincita', '2021-05-21 04:25:35', 19122, 7, 21),
    (607, 'Vincita', '2022-03-02 14:26:05', 1023, 8, 18),
    (608, 'Ricarica', '2021-05-14 06:51:38', 79514, 5, 40),
    (609, 'Perdita', '2021-09-07 10:15:40', 235564, 2, 23),
    (610, 'Ricarica', '2021-12-16 02:06:48', 70725, 3, 13),
    (611, 'Perdita', '2021-12-06 01:23:13', 5785, 3, 15),
    (612, 'Vincita', '2021-07-23 17:40:24', 52566, 4, 16),
    (613, 'Vincita', '2021-08-19 10:29:49', 132733, 4, 24),
    (614, 'Perdita', '2021-11-12 18:06:10', 205547, 4, 18),
    (615, 'Perdita', '2021-10-02 19:51:29', 28156, 2, 4),
    (616, 'Perdita', '2021-12-03 00:24:42', 187504, 10, 34),
    (617, 'Perdita', '2021-12-18 13:23:45', 221302, 5, 35),
    (618, 'Ricarica', '2022-01-24 01:46:09', 63101, 10, 17),
    (619, 'Ricarica', '2021-07-09 03:25:52', 193278, 7, 41),
    (620, 'Perdita', '2022-03-03 07:48:12', 74813, 5, 16),
    (621, 'Ricarica', '2022-01-14 08:30:40', 212299, 7, 39),
    (622, 'Vincita', '2022-03-01 06:03:33', 114723, 9, 30),
    (623, 'Perdita', '2022-02-27 05:53:27', 55702, 9, 17),
    (624, 'Vincita', '2021-12-04 02:26:35', 208254, 5, 22),
    (625, 'Vincita', '2021-08-09 11:48:53', 193841, 4, 40),
    (626, 'Vincita', '2021-07-23 22:07:53', 195419, 6, 38),
    (627, 'Ricarica', '2022-03-08 07:27:32', 110528, 3, 6),
    (628, 'Perdita', '2021-12-13 15:12:29', 62168, 2, 16),
    (629, 'Vincita', '2021-09-28 02:44:31', 231221, 2, 12),
    (630, 'Vincita', '2021-08-21 21:32:12', 60451, 1, 8),
    (631, 'Ricarica', '2021-11-11 12:59:41', 78977, 10, 10),
    (632, 'Perdita', '2021-06-16 21:44:44', 243708, 10, 29),
    (633, 'Ricarica', '2021-07-04 22:46:03', 178894, 7, 4),
    (634, 'Ricarica', '2021-09-21 04:47:41', 146041, 1, 47),
    (635, 'Perdita', '2021-10-23 10:22:33', 175899, 10, 31),
    (636, 'Ricarica', '2021-07-31 15:08:07', 203313, 3, 27),
    (637, 'Vincita', '2021-09-15 06:20:35', 199310, 8, 40),
    (638, 'Vincita', '2021-07-29 12:02:26', 65328, 5, 2),
    (639, 'Ricarica', '2021-06-06 10:08:42', 538, 4, 48),
    (640, 'Vincita', '2022-01-08 09:32:15', 195044, 5, 35),
    (641, 'Vincita', '2022-03-27 11:07:33', 241235, 6, 15),
    (642, 'Perdita', '2021-08-30 20:54:17', 35653, 10, 1),
    (643, 'Ricarica', '2021-05-13 15:05:07', 31482, 4, 7),
    (644, 'Vincita', '2021-07-20 21:47:36', 198966, 4, 7),
    (645, 'Ricarica', '2021-05-29 06:14:00', 223573, 8, 41),
    (646, 'Vincita', '2021-05-05 00:20:49', 30351, 8, 13),
    (647, 'Perdita', '2022-01-24 12:08:07', 185656, 9, 3),
    (648, 'Vincita', '2022-02-13 18:24:54', 61814, 8, 6),
    (649, 'Ricarica', '2021-08-19 23:39:29', 10004, 4, 28),
    (650, 'Vincita', '2022-02-01 06:32:01', 103513, 9, 24),
    (651, 'Perdita', '2021-08-02 04:52:47', 248907, 9, 38),
    (652, 'Vincita', '2022-02-03 18:28:28', 34180, 9, 43),
    (653, 'Vincita', '2021-10-10 11:15:03', 43185, 3, 21),
    (654, 'Vincita', '2021-07-12 10:58:33', 216806, 5, 33),
    (655, 'Perdita', '2021-09-11 02:18:34', 39884, 3, 13),
    (656, 'Ricarica', '2021-11-18 18:49:02', 7803, 6, 13),
    (657, 'Vincita', '2021-06-09 15:10:40', 76770, 5, 38),
    (658, 'Vincita', '2022-02-08 12:46:35', 145037, 9, 10),
    (659, 'Perdita', '2022-04-02 10:01:32', 132426, 2, 16),
    (660, 'Vincita', '2021-08-29 03:13:57', 239166, 4, 47),
    (661, 'Ricarica', '2021-10-12 00:15:12', 130895, 10, 29),
    (662, 'Vincita', '2021-05-19 02:55:55', 50277, 8, 26),
    (663, 'Vincita', '2022-02-01 16:47:20', 38826, 5, 26),
    (664, 'Ricarica', '2021-06-01 13:48:09', 56713, 9, 8),
    (665, 'Ricarica', '2021-05-30 13:30:36', 127453, 1, 25),
    (666, 'Perdita', '2021-06-04 05:08:06', 39486, 11, 50),
    (667, 'Perdita', '2021-09-19 18:04:18', 174191, 10, 40),
    (668, 'Ricarica', '2021-08-25 19:13:31', 20371, 1, 13),
    (669, 'Perdita', '2021-07-08 13:11:42', 158488, 7, 47),
    (670, 'Perdita', '2021-09-15 14:19:42', 82364, 2, 27),
    (671, 'Vincita', '2022-03-30 20:49:34', 23179, 2, 14),
    (672, 'Perdita', '2021-12-25 19:50:31', 18168, 8, 50),
    (673, 'Ricarica', '2021-09-29 02:40:16', 120420, 1, 2),
    (674, 'Perdita', '2021-06-06 23:23:58', 143043, 1, 18),
    (675, 'Perdita', '2021-12-05 00:25:41', 50120, 6, 5),
    (676, 'Ricarica', '2021-06-06 06:18:58', 217874, 4, 41),
    (677, 'Perdita', '2022-03-05 19:09:17', 42717, 6, 15),
    (678, 'Perdita', '2021-11-23 17:22:05', 64826, 1, 37),
    (679, 'Ricarica', '2021-09-15 17:53:00', 37702, 10, 16),
    (680, 'Ricarica', '2021-10-22 10:59:40', 230163, 9, 18),
    (681, 'Perdita', '2021-12-29 15:50:53', 28435, 5, 40),
    (682, 'Ricarica', '2021-07-15 00:06:07', 109296, 5, 46),
    (683, 'Perdita', '2021-07-15 16:40:12', 234329, 4, 42),
    (684, 'Ricarica', '2022-02-23 21:24:23', 240919, 7, 16),
    (685, 'Vincita', '2021-08-28 22:38:19', 213339, 9, 11),
    (686, 'Vincita', '2021-12-16 03:59:00', 24279, 7, 6),
    (687, 'Ricarica', '2022-03-31 01:39:21', 171658, 4, 13),
    (688, 'Ricarica', '2022-03-13 00:17:50', 43558, 4, 11),
    (689, 'Perdita', '2021-12-25 12:33:14', 226486, 8, 45),
    (690, 'Perdita', '2021-11-29 06:06:50', 163116, 11, 14),
    (691, 'Perdita', '2021-08-26 09:20:26', 134096, 8, 49),
    (692, 'Ricarica', '2021-05-26 13:45:16', 137102, 2, 40),
    (693, 'Ricarica', '2021-08-05 16:09:51', 48658, 11, 12),
    (694, 'Vincita', '2022-01-24 10:01:17', 150690, 3, 28),
    (695, 'Perdita', '2021-10-19 16:39:06', 76559, 1, 46),
    (696, 'Ricarica', '2021-11-27 00:31:04', 113444, 7, 20),
    (697, 'Vincita', '2022-03-28 01:18:35', 226132, 6, 45),
    (698, 'Ricarica', '2021-12-31 12:32:30', 195199, 2, 30),
    (699, 'Vincita', '2021-07-28 10:00:22', 67281, 2, 20),
    (700, 'Vincita', '2021-09-04 20:09:31', 96783, 11, 19),
    (701, 'Ricarica', '2021-09-12 23:46:19', 238769, 5, 22),
    (702, 'Perdita', '2021-05-13 06:01:42', 215134, 1, 18),
    (703, 'Vincita', '2022-03-19 14:19:44', 129236, 5, 50),
    (704, 'Vincita', '2021-10-01 18:18:37', 95665, 8, 4),
    (705, 'Perdita', '2021-10-10 10:08:34', 231137, 1, 44),
    (706, 'Ricarica', '2021-07-31 23:55:17', 154424, 11, 16),
    (707, 'Vincita', '2022-03-08 11:56:55', 43264, 1, 19),
    (708, 'Vincita', '2022-01-11 11:15:48', 218326, 4, 44),
    (709, 'Vincita', '2021-11-28 10:57:09', 121379, 11, 39),
    (710, 'Perdita', '2021-08-07 07:48:17', 205314, 10, 34),
    (711, 'Vincita', '2021-08-07 15:49:57', 93504, 4, 50),
    (712, 'Perdita', '2021-06-18 22:53:38', 247829, 6, 8),
    (713, 'Perdita', '2021-09-27 19:40:49', 12543, 5, 27),
    (714, 'Ricarica', '2021-05-05 15:12:39', 19714, 7, 40),
    (715, 'Vincita', '2022-02-22 03:25:15', 68136, 3, 25),
    (716, 'Perdita', '2021-12-16 06:23:52', 128393, 7, 1),
    (717, 'Vincita', '2021-07-28 11:46:49', 230301, 9, 25),
    (718, 'Perdita', '2021-10-11 09:29:30', 202404, 10, 5),
    (719, 'Ricarica', '2021-05-18 17:23:21', 104672, 7, 28),
    (720, 'Perdita', '2021-12-30 03:19:10', 74199, 1, 25),
    (721, 'Vincita', '2021-10-23 13:50:50', 78447, 1, 32),
    (722, 'Ricarica', '2021-07-13 18:06:43', 131466, 11, 5),
    (723, 'Perdita', '2021-08-05 06:52:12', 114314, 5, 26),
    (724, 'Perdita', '2022-04-03 13:58:47', 169392, 8, 35),
    (725, 'Vincita', '2022-03-05 20:58:07', 215136, 9, 17),
    (726, 'Perdita', '2021-06-18 17:50:43', 243754, 5, 13),
    (727, 'Perdita', '2021-12-27 23:24:37', 102420, 3, 44),
    (728, 'Ricarica', '2021-10-06 08:25:45', 77202, 3, 38),
    (729, 'Vincita', '2021-09-15 05:30:03', 157445, 7, 46),
    (730, 'Ricarica', '2022-03-03 10:22:07', 13099, 2, 31),
    (731, 'Ricarica', '2021-12-13 20:35:43', 188061, 6, 2),
    (732, 'Perdita', '2021-07-23 15:03:22', 44010, 10, 17),
    (733, 'Perdita', '2021-10-20 12:49:57', 115664, 5, 34),
    (734, 'Ricarica', '2021-12-11 12:42:46', 12563, 10, 33),
    (735, 'Perdita', '2021-10-08 23:20:21', 223084, 11, 7),
    (736, 'Vincita', '2021-05-17 03:07:43', 207258, 11, 32),
    (737, 'Ricarica', '2022-01-09 16:47:54', 34053, 1, 15),
    (738, 'Ricarica', '2022-03-18 13:06:07', 244880, 5, 39),
    (739, 'Perdita', '2021-11-17 14:12:40', 128835, 4, 43),
    (740, 'Perdita', '2021-08-07 19:16:18', 230923, 11, 21),
    (741, 'Ricarica', '2022-03-07 04:42:20', 167985, 4, 24),
    (742, 'Ricarica', '2021-09-16 18:08:21', 142441, 9, 16),
    (743, 'Perdita', '2022-01-22 05:21:53', 82397, 3, 35),
    (744, 'Vincita', '2021-10-17 02:33:28', 153137, 7, 13),
    (745, 'Vincita', '2021-12-29 23:21:12', 180809, 11, 12),
    (746, 'Perdita', '2021-05-23 02:06:13', 47894, 5, 20),
    (747, 'Perdita', '2022-03-22 07:21:24', 76789, 1, 47),
    (748, 'Vincita', '2022-02-16 18:00:41', 23630, 2, 27),
    (749, 'Ricarica', '2021-07-06 10:17:23', 61674, 7, 32),
    (750, 'Perdita', '2021-10-19 21:07:08', 153843, 11, 7),
    (751, 'Perdita', '2021-07-13 04:50:32', 103040, 1, 18),
    (752, 'Vincita', '2021-06-22 12:24:43', 203899, 10, 10),
    (753, 'Ricarica', '2022-03-04 14:49:53', 158992, 1, 50),
    (754, 'Ricarica', '2021-11-01 04:21:15', 14347, 8, 50),
    (755, 'Ricarica', '2021-12-23 19:58:42', 185354, 2, 25),
    (756, 'Ricarica', '2021-10-03 16:29:25', 185401, 6, 40),
    (757, 'Ricarica', '2021-06-08 05:12:38', 150535, 10, 30),
    (758, 'Ricarica', '2021-08-30 04:59:09', 67324, 4, 24),
    (759, 'Perdita', '2021-11-01 05:47:41', 83270, 3, 17),
    (760, 'Ricarica', '2021-09-22 15:28:52', 35797, 3, 17),
    (761, 'Perdita', '2022-02-20 20:05:35', 43267, 6, 14),
    (762, 'Perdita', '2021-11-20 22:15:01', 216617, 4, 9),
    (763, 'Vincita', '2022-04-01 04:07:46', 231971, 10, 2),
    (764, 'Vincita', '2021-11-06 02:37:18', 100896, 8, 28),
    (765, 'Perdita', '2022-04-03 22:03:10', 101087, 8, 43),
    (766, 'Ricarica', '2021-10-25 01:34:55', 88521, 6, 14),
    (767, 'Perdita', '2021-11-26 19:22:57', 88458, 9, 29),
    (768, 'Ricarica', '2021-08-10 22:12:14', 5340, 9, 11),
    (769, 'Ricarica', '2021-09-24 13:11:47', 126402, 5, 1),
    (770, 'Vincita', '2022-01-28 23:41:28', 4354, 3, 13),
    (771, 'Vincita', '2021-11-03 20:30:22', 8058, 11, 27),
    (772, 'Perdita', '2022-04-03 00:36:51', 19874, 5, 27),
    (773, 'Vincita', '2021-12-19 21:18:33', 186142, 2, 40),
    (774, 'Vincita', '2022-02-22 06:47:06', 139437, 9, 15),
    (775, 'Perdita', '2022-01-24 23:29:04', 217230, 6, 34),
    (776, 'Perdita', '2022-02-27 12:11:46', 183858, 1, 46),
    (777, 'Ricarica', '2022-01-03 11:35:26', 244572, 1, 3),
    (778, 'Ricarica', '2022-01-07 04:25:41', 118354, 4, 34),
    (779, 'Perdita', '2022-01-04 19:51:50', 156758, 11, 8),
    (780, 'Vincita', '2021-08-14 21:01:35', 106727, 10, 34),
    (781, 'Ricarica', '2022-03-03 23:10:59', 89454, 1, 40),
    (782, 'Ricarica', '2021-07-11 23:18:47', 120761, 3, 7),
    (783, 'Ricarica', '2021-10-06 20:35:23', 22128, 1, 11),
    (784, 'Ricarica', '2021-09-01 05:07:08', 182125, 9, 46),
    (785, 'Perdita', '2022-02-01 05:33:18', 211263, 3, 46),
    (786, 'Ricarica', '2022-01-13 06:57:07', 59727, 11, 15),
    (787, 'Ricarica', '2022-03-08 15:30:41', 61522, 3, 22),
    (788, 'Vincita', '2021-06-29 05:40:10', 69100, 5, 3),
    (789, 'Perdita', '2022-03-07 02:54:49', 84758, 7, 37),
    (790, 'Ricarica', '2021-08-14 14:55:06', 133905, 1, 14),
    (791, 'Perdita', '2021-09-03 23:53:07', 52853, 7, 35),
    (792, 'Ricarica', '2021-12-10 03:56:40', 98514, 9, 33),
    (793, 'Perdita', '2022-04-03 19:42:49', 240790, 4, 26),
    (794, 'Ricarica', '2022-02-07 19:29:32', 152654, 6, 9),
    (795, 'Vincita', '2021-11-08 21:20:37', 186268, 11, 16),
    (796, 'Vincita', '2022-02-23 09:38:15', 249648, 7, 33),
    (797, 'Vincita', '2021-08-18 18:44:04', 151295, 1, 11),
    (798, 'Ricarica', '2021-06-02 05:34:59', 71708, 7, 46),
    (799, 'Vincita', '2022-01-02 11:06:08', 225471, 6, 21),
    (800, 'Perdita', '2021-06-14 06:08:22', 150152, 5, 17),
    (801, 'Ricarica', '2021-08-10 06:51:08', 215042, 10, 28),
    (802, 'Perdita', '2021-07-18 09:29:25', 203536, 1, 41),
    (803, 'Ricarica', '2022-02-24 06:22:17', 77022, 6, 34),
    (804, 'Ricarica', '2021-08-31 20:33:35', 49720, 9, 6),
    (805, 'Vincita', '2021-08-10 01:55:33', 221425, 4, 15),
    (806, 'Vincita', '2021-10-27 06:45:49', 42718, 4, 24),
    (807, 'Perdita', '2021-05-27 11:09:23', 58761, 3, 37),
    (808, 'Ricarica', '2021-10-15 14:25:20', 220419, 6, 3),
    (809, 'Vincita', '2021-12-11 15:36:54', 181374, 11, 28),
    (810, 'Vincita', '2022-01-09 21:57:45', 74296, 11, 32),
    (811, 'Vincita', '2022-01-25 14:24:36', 147935, 8, 21),
    (812, 'Ricarica', '2022-03-27 18:51:40', 186466, 4, 12),
    (813, 'Ricarica', '2022-01-12 08:18:43', 76382, 9, 3),
    (814, 'Perdita', '2021-10-03 19:24:44', 96439, 10, 14),
    (815, 'Ricarica', '2022-04-04 19:51:18', 202909, 4, 17),
    (816, 'Perdita', '2021-08-12 22:17:58', 231357, 2, 41),
    (817, 'Ricarica', '2022-01-20 01:56:31', 208803, 11, 28),
    (818, 'Vincita', '2021-07-20 03:09:44', 201805, 7, 5),
    (819, 'Perdita', '2022-02-06 00:32:36', 219356, 1, 43),
    (820, 'Ricarica', '2021-09-25 05:46:37', 233106, 1, 46),
    (821, 'Vincita', '2021-10-06 09:19:50', 171680, 5, 48),
    (822, 'Ricarica', '2021-07-21 18:11:20', 9382, 3, 28),
    (823, 'Ricarica', '2021-06-19 16:37:00', 168993, 10, 37),
    (824, 'Ricarica', '2022-03-27 13:48:18', 78608, 11, 12),
    (825, 'Ricarica', '2022-03-19 00:23:33', 140417, 9, 25),
    (826, 'Vincita', '2021-10-09 06:17:02', 238905, 11, 12),
    (827, 'Vincita', '2022-01-12 21:12:26', 141150, 8, 43),
    (828, 'Ricarica', '2021-08-01 03:52:34', 42689, 2, 13),
    (829, 'Perdita', '2021-07-14 03:34:22', 167821, 10, 47),
    (830, 'Vincita', '2022-03-14 16:24:09', 242107, 9, 13),
    (831, 'Perdita', '2021-12-28 00:05:48', 200800, 5, 14),
    (832, 'Ricarica', '2021-12-22 04:40:38', 2130, 4, 49),
    (833, 'Vincita', '2022-02-18 01:50:03', 123166, 6, 29),
    (834, 'Ricarica', '2022-01-14 06:24:50', 236313, 4, 25),
    (835, 'Vincita', '2021-05-07 11:25:50', 109360, 6, 41),
    (836, 'Ricarica', '2022-02-12 02:55:02', 2075, 3, 8),
    (837, 'Perdita', '2021-08-02 15:20:49', 109118, 8, 36),
    (838, 'Vincita', '2021-05-17 00:15:56', 121310, 11, 36),
    (839, 'Perdita', '2021-12-05 16:37:19', 158801, 10, 20),
    (840, 'Ricarica', '2021-11-28 18:14:02', 139480, 7, 19),
    (841, 'Vincita', '2021-11-30 08:05:02', 189821, 10, 32),
    (842, 'Vincita', '2021-09-22 15:45:42', 110680, 11, 37),
    (843, 'Vincita', '2021-11-14 18:17:12', 203775, 11, 22),
    (844, 'Ricarica', '2022-03-02 16:56:23', 224249, 8, 27),
    (845, 'Perdita', '2022-02-24 10:00:08', 69401, 7, 34),
    (846, 'Ricarica', '2021-07-19 11:34:35', 121116, 4, 7),
    (847, 'Perdita', '2021-07-02 10:48:08', 182910, 11, 11),
    (848, 'Perdita', '2021-10-21 03:11:05', 199774, 6, 34),
    (849, 'Perdita', '2021-06-11 05:11:48', 212442, 9, 36),
    (850, 'Perdita', '2022-02-17 12:30:43', 94698, 3, 19),
    (851, 'Ricarica', '2022-02-19 20:34:33', 223915, 8, 4),
    (852, 'Perdita', '2022-03-16 23:04:58', 80782, 11, 28),
    (853, 'Ricarica', '2021-06-17 06:34:05', 246929, 6, 16),
    (854, 'Ricarica', '2021-08-31 23:41:51', 139691, 8, 3),
    (855, 'Perdita', '2021-11-06 01:50:30', 101763, 9, 47),
    (856, 'Perdita', '2021-09-23 09:29:07', 72146, 6, 50),
    (857, 'Ricarica', '2021-09-13 12:27:19', 113354, 4, 5),
    (858, 'Perdita', '2021-06-13 11:47:15', 219860, 8, 45),
    (859, 'Vincita', '2022-01-15 13:44:24', 142011, 4, 42),
    (860, 'Perdita', '2021-06-06 13:44:07', 161638, 4, 31),
    (861, 'Perdita', '2022-01-15 13:19:53', 236491, 8, 37),
    (862, 'Perdita', '2021-07-15 14:32:58', 177692, 9, 6),
    (863, 'Ricarica', '2022-01-11 08:16:10', 13024, 11, 3),
    (864, 'Perdita', '2021-09-23 05:23:19', 3914, 5, 42),
    (865, 'Ricarica', '2021-10-06 14:59:33', 161690, 11, 45),
    (866, 'Perdita', '2022-02-24 01:14:56', 190794, 8, 44),
    (867, 'Perdita', '2021-11-22 01:31:46', 116803, 6, 38),
    (868, 'Vincita', '2021-08-22 03:53:04', 181092, 5, 43),
    (869, 'Vincita', '2021-11-01 09:48:34', 181436, 10, 38),
    (870, 'Ricarica', '2022-03-13 16:57:06', 53363, 7, 35),
    (871, 'Ricarica', '2022-01-06 00:23:41', 202452, 11, 27),
    (872, 'Ricarica', '2022-01-08 01:54:11', 206639, 2, 28),
    (873, 'Vincita', '2021-08-18 18:55:21', 30107, 3, 9),
    (874, 'Vincita', '2021-06-03 23:20:42', 93220, 8, 6),
    (875, 'Perdita', '2021-10-03 05:22:25', 158197, 8, 3),
    (876, 'Vincita', '2021-11-22 19:07:01', 58381, 5, 2),
    (877, 'Perdita', '2021-05-13 04:29:46', 229654, 3, 40),
    (878, 'Perdita', '2021-07-04 09:55:49', 5789, 3, 40),
    (879, 'Perdita', '2021-10-01 05:21:00', 32298, 9, 37),
    (880, 'Vincita', '2021-09-22 20:11:24', 155699, 2, 22),
    (881, 'Perdita', '2021-12-30 01:40:11', 223480, 6, 44),
    (882, 'Vincita', '2021-09-18 00:56:14', 82554, 8, 13),
    (883, 'Vincita', '2022-01-02 05:50:03', 152666, 4, 32),
    (884, 'Perdita', '2022-01-14 08:14:20', 78678, 11, 41),
    (885, 'Ricarica', '2022-03-22 01:09:17', 139845, 11, 41),
    (886, 'Vincita', '2022-03-05 23:31:17', 152894, 7, 48),
    (887, 'Vincita', '2021-11-17 16:37:06', 36476, 10, 9),
    (888, 'Vincita', '2021-12-11 09:25:17', 101063, 5, 26),
    (889, 'Perdita', '2021-11-21 00:52:59', 88216, 7, 7),
    (890, 'Perdita', '2022-04-05 12:07:37', 191446, 5, 31),
    (891, 'Perdita', '2021-06-14 11:07:49', 95533, 9, 29),
    (892, 'Perdita', '2022-01-25 08:29:06', 136300, 10, 36),
    (893, 'Vincita', '2022-01-10 03:01:20', 92641, 9, 17),
    (894, 'Ricarica', '2022-02-21 21:13:09', 230530, 4, 32),
    (895, 'Ricarica', '2021-06-08 17:02:27', 220963, 10, 37),
    (896, 'Ricarica', '2021-11-02 17:45:11', 220609, 7, 41),
    (897, 'Vincita', '2021-10-22 23:57:09', 23736, 10, 10),
    (898, 'Perdita', '2021-05-13 09:18:25', 239919, 9, 30),
    (899, 'Ricarica', '2022-01-15 04:27:06', 62302, 4, 43),
    (900, 'Ricarica', '2021-05-13 10:20:34', 157146, 10, 12),
    (901, 'Vincita', '2022-01-20 05:18:02', 9901, 9, 35),
    (902, 'Vincita', '2021-06-14 06:30:32', 27524, 6, 48),
    (903, 'Perdita', '2021-06-21 22:40:25', 156995, 4, 30),
    (904, 'Vincita', '2021-06-07 19:51:19', 91554, 6, 45),
    (905, 'Perdita', '2021-12-28 06:13:42', 173187, 9, 4),
    (906, 'Vincita', '2021-06-17 00:58:05', 118778, 3, 35),
    (907, 'Vincita', '2021-11-25 18:28:38', 32076, 11, 16),
    (908, 'Vincita', '2022-01-13 02:11:17', 87093, 9, 39),
    (909, 'Ricarica', '2021-07-26 07:09:14', 37403, 6, 14),
    (910, 'Vincita', '2021-05-19 20:28:23', 158768, 10, 26),
    (911, 'Perdita', '2022-03-17 16:54:14', 104490, 2, 7),
    (912, 'Perdita', '2022-03-06 06:45:44', 68643, 3, 11),
    (913, 'Vincita', '2021-06-01 02:18:15', 187156, 7, 2),
    (914, 'Perdita', '2021-10-02 10:37:02', 170121, 9, 23),
    (915, 'Ricarica', '2021-06-14 06:04:30', 28851, 9, 12),
    (916, 'Perdita', '2021-08-21 21:17:34', 12808, 5, 13),
    (917, 'Perdita', '2021-12-25 13:37:17', 153149, 11, 22),
    (918, 'Ricarica', '2021-06-05 04:52:33', 30979, 9, 25),
    (919, 'Vincita', '2022-02-20 00:31:37', 49695, 2, 45),
    (920, 'Perdita', '2021-12-22 15:14:10', 233717, 8, 2),
    (921, 'Ricarica', '2022-02-20 06:25:58', 63367, 11, 1),
    (922, 'Vincita', '2022-01-25 14:49:58', 216251, 8, 5),
    (923, 'Ricarica', '2021-06-27 17:55:12', 51821, 6, 27),
    (924, 'Perdita', '2021-05-29 03:45:41', 119523, 1, 4),
    (925, 'Perdita', '2022-01-21 10:04:27', 191979, 1, 7),
    (926, 'Vincita', '2021-05-28 16:09:06', 105095, 4, 43),
    (927, 'Ricarica', '2022-02-18 22:21:00', 234464, 3, 30),
    (928, 'Ricarica', '2021-08-24 07:48:58', 49539, 2, 40),
    (929, 'Vincita', '2021-10-17 18:31:04', 29782, 5, 45),
    (930, 'Vincita', '2022-03-14 05:54:44', 25668, 8, 1),
    (931, 'Ricarica', '2021-09-12 14:06:40', 215727, 11, 15),
    (932, 'Perdita', '2022-01-15 23:56:39', 156380, 2, 13),
    (933, 'Ricarica', '2022-01-25 07:59:06', 99991, 7, 45),
    (934, 'Ricarica', '2022-03-30 00:03:30', 57881, 9, 15),
    (935, 'Perdita', '2021-08-09 01:17:20', 195666, 2, 48),
    (936, 'Ricarica', '2021-10-25 19:35:40', 204385, 2, 18),
    (937, 'Vincita', '2021-08-05 10:12:02', 1723, 6, 33),
    (938, 'Vincita', '2021-06-28 00:44:28', 17352, 5, 29),
    (939, 'Ricarica', '2022-02-24 02:02:40', 61520, 6, 31),
    (940, 'Ricarica', '2021-09-13 14:10:57', 56429, 4, 10),
    (1001, 'Perdita', '2022-03-08 11:05:22', 3855.21, 21, 59),
    (1002, 'Vincita', '2021-09-19 05:17:56', 12209.03, 15, 112),
    (1003, 'Ricarica', '2021-11-28 09:41:19', 14926.4, 13, 116),
    (1004, 'Perdita', '2021-10-13 06:34:00', 8588.38, 20, 63),
    (1005, 'Perdita', '2021-12-17 07:32:43', 6524.95, 21, 79),
    (1006, 'Perdita', '2021-11-20 11:23:05', 19603.99, 17, 179),
    (1007, 'Ricarica', '2021-04-24 07:55:22', 1163.97, 22, 146),
    (1008, 'Vincita', '2022-03-03 21:09:19', 4413.83, 13, 38),
    (1009, 'Vincita', '2021-04-08 15:54:09', 7970.03, 17, 63),
    (1010, 'Perdita', '2022-04-11 13:53:00', 19004.03, 22, 103),
    (1011, 'Ricarica', '2021-05-03 16:16:57', 3985.94, 16, 175),
    (1012, 'Vincita', '2021-05-24 04:21:19', 17031.25, 12, 87),
    (1013, 'Ricarica', '2021-04-13 08:25:25', 13395.59, 15, 169),
    (1014, 'Ricarica', '2021-07-14 00:14:05', 9255.37, 12, 72),
    (1015, 'Perdita', '2022-02-16 06:45:00', 1952.69, 18, 153),
    (1016, 'Vincita', '2021-09-20 04:31:10', 12579.58, 17, 76),
    (1017, 'Vincita', '2021-04-10 02:27:03', 16156.95, 20, 81),
    (1018, 'Perdita', '2021-10-06 03:00:10', 16248.71, 21, 110),
    (1019, 'Vincita', '2022-03-05 18:50:06', 16341.98, 20, 27),
    (1020, 'Perdita', '2022-04-24 04:36:20', 8316.98, 14, 117),
    (1021, 'Ricarica', '2021-12-01 00:16:22', 7830.81, 14, 139),
    (1022, 'Vincita', '2022-05-25 05:12:02', 14392.04, 16, 26),
    (1023, 'Vincita', '2021-09-21 23:03:20', 9623.98, 21, 25),
    (1024, 'Perdita', '2021-07-18 00:49:14', 11738.04, 18, 52),
    (1025, 'Perdita', '2021-11-10 13:44:13', 2021.93, 17, 120),
    (1026, 'Perdita', '2022-04-19 10:57:32', 14452.87, 15, 74),
    (1027, 'Perdita', '2021-10-18 08:12:30', 8626.86, 15, 169),
    (1028, 'Perdita', '2022-03-12 10:27:23', 3910.57, 16, 15),
    (1029, 'Perdita', '2021-06-02 05:24:43', 8963.64, 22, 88),
    (1030, 'Vincita', '2022-03-26 11:18:50', 8972.17, 15, 77),
    (1031, 'Vincita', '2021-06-27 21:09:43', 401.71, 12, 14),
    (1032, 'Ricarica', '2021-05-09 07:01:37', 18492.1, 18, 149),
    (1033, 'Vincita', '2022-03-02 17:46:20', 13801.91, 20, 52),
    (1034, 'Ricarica', '2022-03-19 23:19:24', 5601.23, 19, 88),
    (1035, 'Ricarica', '2022-04-15 23:21:38', 9263.2, 14, 87),
    (1036, 'Ricarica', '2021-07-13 13:55:50', 3492.19, 19, 7),
    (1037, 'Ricarica', '2021-12-20 23:42:36', 11237.16, 12, 184),
    (1038, 'Vincita', '2021-04-13 07:30:39', 3974.03, 12, 141),
    (1039, 'Perdita', '2021-10-24 06:33:01', 12935.4, 12, 9),
    (1040, 'Vincita', '2021-05-28 22:16:23', 17738.65, 21, 66),
    (1041, 'Ricarica', '2022-02-15 11:09:06', 11097.14, 16, 10),
    (1042, 'Ricarica', '2021-04-04 19:08:22', 10596.71, 12, 29),
    (1043, 'Perdita', '2021-05-06 17:31:05', 17873.39, 12, 77),
    (1044, 'Ricarica', '2021-04-21 13:48:14', 8291.58, 14, 99),
    (1045, 'Perdita', '2021-08-31 07:19:44', 19639.02, 20, 1),
    (1046, 'Vincita', '2021-04-20 05:18:29', 12720.1, 22, 38),
    (1047, 'Vincita', '2021-08-12 00:51:19', 815.26, 17, 40),
    (1048, 'Vincita', '2021-05-16 14:27:52', 7926.13, 15, 51),
    (1049, 'Ricarica', '2021-09-27 18:29:50', 10220.8, 17, 161),
    (1050, 'Vincita', '2021-05-17 01:26:12', 17429.67, 17, 39),
    (1051, 'Vincita', '2021-05-25 00:54:12', 6664.06, 14, 156),
    (1052, 'Ricarica', '2021-05-30 01:35:03', 15108.99, 15, 104),
    (1053, 'Ricarica', '2021-07-17 11:36:23', 18538.17, 22, 5),
    (1054, 'Perdita', '2021-10-25 15:54:24', 1904.37, 17, 119),
    (1055, 'Ricarica', '2021-07-12 00:58:59', 8474.03, 19, 112),
    (1056, 'Ricarica', '2021-07-06 05:58:49', 12707.8, 21, 79),
    (1057, 'Vincita', '2021-05-04 07:53:56', 1827.35, 18, 140),
    (1058, 'Perdita', '2021-11-19 01:14:56', 8747.19, 13, 41),
    (1059, 'Vincita', '2022-01-22 07:24:46', 12484.59, 15, 8),
    (1060, 'Vincita', '2022-04-20 05:18:40', 15772.32, 21, 159),
    (1061, 'Ricarica', '2021-04-14 14:31:40', 6807.8, 12, 50),
    (1062, 'Ricarica', '2021-10-03 21:55:01', 15591.52, 13, 97),
    (1063, 'Perdita', '2021-09-17 20:10:23', 1972.62, 13, 95),
    (1064, 'Ricarica', '2021-06-05 04:32:24', 16057.2, 14, 23),
    (1065, 'Ricarica', '2022-01-12 20:43:58', 8876.28, 12, 90),
    (1066, 'Ricarica', '2022-04-12 18:24:08', 7203.88, 18, 79),
    (1067, 'Ricarica', '2022-02-07 10:05:35', 11740.61, 15, 19),
    (1068, 'Vincita', '2021-12-11 22:38:56', 14449.22, 22, 37),
    (1069, 'Perdita', '2021-10-23 16:37:56', 11687.21, 21, 184),
    (1070, 'Vincita', '2021-11-12 11:04:03', 4081.07, 16, 8),
    (1071, 'Ricarica', '2021-05-26 01:40:07', 6905.32, 14, 20),
    (1072, 'Ricarica', '2022-04-08 05:36:33', 1711.16, 21, 164),
    (1073, 'Vincita', '2022-05-18 18:52:28', 15032.16, 12, 53),
    (1074, 'Vincita', '2021-04-09 00:45:44', 986.83, 15, 93),
    (1075, 'Vincita', '2021-08-24 06:43:02', 15870.86, 13, 188),
    (1076, 'Vincita', '2022-05-23 07:32:47', 5312.46, 19, 28),
    (1077, 'Ricarica', '2021-07-30 15:35:09', 1270.64, 16, 18),
    (1078, 'Vincita', '2021-07-26 18:36:00', 4395.08, 14, 188),
    (1079, 'Perdita', '2021-10-22 21:22:09', 13046.96, 12, 60),
    (1080, 'Perdita', '2021-11-03 04:22:41', 14761.8, 19, 16),
    (1081, 'Ricarica', '2021-10-29 03:37:49', 16474.43, 14, 71),
    (1082, 'Vincita', '2022-01-30 00:15:29', 8698.67, 14, 9),
    (1083, 'Vincita', '2021-05-30 08:05:47', 10964.71, 14, 22),
    (1084, 'Vincita', '2021-06-12 11:07:53', 15637.82, 15, 46),
    (1085, 'Ricarica', '2021-09-21 17:14:46', 3002.1, 20, 197),
    (1086, 'Ricarica', '2021-08-19 07:47:27', 2411.21, 16, 51),
    (1087, 'Ricarica', '2021-08-06 20:40:38', 8312.9, 21, 188),
    (1088, 'Ricarica', '2022-05-09 19:48:42', 4498.48, 13, 179),
    (1089, 'Vincita', '2021-08-17 04:28:30', 1333.83, 22, 5),
    (1090, 'Perdita', '2022-01-10 07:08:43', 750.58, 22, 159),
    (1091, 'Ricarica', '2021-06-06 05:58:38', 2607.2, 22, 149),
    (1092, 'Ricarica', '2021-09-17 18:06:20', 13468.41, 18, 119),
    (1093, 'Ricarica', '2022-01-18 01:25:40', 4621.8, 20, 15),
    (1094, 'Vincita', '2021-06-07 15:03:41', 18074.39, 22, 72),
    (1095, 'Perdita', '2021-04-08 04:55:35', 3333.72, 20, 66),
    (1096, 'Perdita', '2021-12-26 22:56:00', 745.14, 16, 109),
    (1097, 'Perdita', '2021-05-21 02:24:15', 15057.07, 14, 24),
    (1098, 'Ricarica', '2021-07-15 22:58:21', 10149.7, 22, 154),
    (1099, 'Ricarica', '2021-08-23 18:31:11', 4172.55, 20, 87),
    (1100, 'Vincita', '2022-03-15 11:20:44', 3174.57, 16, 54),
    (1101, 'Ricarica', '2022-03-31 18:53:34', 14128.92, 12, 69),
    (1102, 'Vincita', '2022-03-05 03:18:30', 7732.39, 19, 17),
    (1103, 'Perdita', '2021-06-17 11:42:38', 861.12, 14, 119),
    (1104, 'Perdita', '2022-05-02 17:20:59', 7579.71, 15, 30),
    (1105, 'Ricarica', '2021-10-20 10:12:29', 8328.31, 19, 8),
    (1106, 'Vincita', '2022-04-06 00:07:39', 11426.45, 15, 190),
    (1107, 'Vincita', '2021-10-21 03:40:19', 8589.48, 17, 123),
    (1108, 'Ricarica', '2021-11-14 15:24:56', 18594.64, 18, 64),
    (1109, 'Ricarica', '2022-05-11 16:01:03', 11254.85, 15, 152),
    (1110, 'Perdita', '2022-02-21 23:11:35', 14021.78, 18, 190),
    (1111, 'Perdita', '2021-05-05 01:55:56', 15410.75, 13, 7),
    (1112, 'Vincita', '2021-12-06 20:30:48', 4293.65, 21, 179),
    (1113, 'Vincita', '2021-05-26 18:28:19', 6992.63, 12, 43),
    (1114, 'Vincita', '2022-05-04 14:48:05', 16386.48, 15, 172),
    (1115, 'Vincita', '2021-12-15 06:40:31', 4978.37, 19, 66),
    (1116, 'Vincita', '2022-04-28 22:07:12', 2063.92, 15, 116),
    (1117, 'Perdita', '2022-04-30 03:54:42', 18779.35, 18, 143),
    (1118, 'Vincita', '2022-01-21 06:22:18', 11648.52, 18, 101),
    (1119, 'Vincita', '2021-10-01 09:23:48', 16990.34, 21, 75),
    (1120, 'Ricarica', '2021-12-17 01:22:20', 12103.39, 15, 64),
    (1121, 'Vincita', '2022-03-20 19:23:26', 13813.69, 19, 187),
    (1122, 'Ricarica', '2021-07-27 06:28:38', 14223.9, 19, 151),
    (1123, 'Ricarica', '2022-01-28 08:26:11', 9068.01, 20, 30),
    (1124, 'Perdita', '2021-12-11 13:03:24', 3104.26, 16, 36),
    (1125, 'Vincita', '2021-07-15 12:01:55', 7066.87, 16, 184),
    (1126, 'Vincita', '2021-10-21 12:29:50', 2351.23, 13, 43),
    (1127, 'Ricarica', '2021-08-27 23:25:05', 12911.63, 18, 180),
    (1128, 'Perdita', '2021-05-28 22:39:07', 12973.27, 20, 102),
    (1129, 'Perdita', '2022-01-08 06:27:09', 12095.83, 16, 78),
    (1130, 'Ricarica', '2021-07-10 12:15:02', 6160.93, 15, 8),
    (1131, 'Vincita', '2022-05-27 11:12:16', 4211.85, 16, 51),
    (1132, 'Ricarica', '2022-03-27 09:58:47', 8437.74, 22, 131),
    (1133, 'Ricarica', '2021-09-20 04:13:08', 2249.28, 21, 107),
    (1134, 'Ricarica', '2021-08-27 16:52:54', 11984.15, 22, 40),
    (1135, 'Perdita', '2021-07-13 19:21:43', 7102.59, 18, 161),
    (1136, 'Vincita', '2021-06-11 10:39:28', 4138.29, 12, 54),
    (1137, 'Perdita', '2022-03-24 13:29:26', 3200.11, 14, 183),
    (1138, 'Vincita', '2021-09-15 15:02:09', 6632.44, 22, 188),
    (1139, 'Perdita', '2022-02-01 04:45:05', 2999.57, 18, 9),
    (1140, 'Ricarica', '2021-06-27 17:14:46', 7520.82, 20, 132),
    (1141, 'Ricarica', '2022-05-18 05:35:00', 476.51, 18, 1),
    (1142, 'Perdita', '2021-08-29 08:09:10', 770.08, 20, 109),
    (1143, 'Ricarica', '2022-01-02 09:35:25', 8436.3, 18, 187),
    (1144, 'Ricarica', '2022-01-29 20:19:41', 208.7, 18, 195),
    (1145, 'Ricarica', '2021-06-22 11:57:16', 144.27, 15, 46),
    (1146, 'Ricarica', '2021-09-30 18:24:26', 139.23, 16, 115),
    (1147, 'Vincita', '2021-09-25 17:12:15', 5724.77, 21, 29),
    (1148, 'Ricarica', '2021-10-07 05:34:02', 19558.03, 20, 45),
    (1149, 'Ricarica', '2021-07-14 09:47:23', 3886.06, 22, 175),
    (1150, 'Ricarica', '2021-11-07 00:09:55', 1673.12, 14, 134),
    (1151, 'Ricarica', '2021-09-19 03:50:41', 18864.86, 17, 35),
    (1152, 'Ricarica', '2021-10-17 05:52:09', 4766.74, 16, 56),
    (1153, 'Perdita', '2022-02-07 12:54:32', 15785.99, 22, 117),
    (1154, 'Ricarica', '2021-04-26 08:30:26', 1643.53, 13, 158),
    (1155, 'Vincita', '2021-10-20 11:05:29', 18336.13, 16, 178),
    (1156, 'Perdita', '2021-08-14 16:56:51', 19701.17, 20, 43),
    (1157, 'Vincita', '2021-07-28 08:04:27', 66.48, 21, 64),
    (1158, 'Perdita', '2021-05-04 02:55:11', 15693.54, 21, 80),
    (1159, 'Ricarica', '2021-07-22 18:24:40', 15555.67, 13, 172),
    (1160, 'Vincita', '2021-04-10 18:48:25', 7139.35, 16, 128),
    (1161, 'Vincita', '2022-03-19 11:06:53', 1260.84, 17, 181),
    (1162, 'Ricarica', '2021-09-19 06:48:33', 1820.44, 19, 96),
    (1163, 'Vincita', '2022-04-02 18:14:50', 12403.06, 14, 88),
    (1164, 'Perdita', '2021-07-20 20:19:23', 10890.08, 16, 40),
    (1165, 'Perdita', '2022-04-22 04:10:57', 10539.35, 16, 117),
    (1166, 'Ricarica', '2021-09-13 16:04:49', 4405.26, 17, 121),
    (1167, 'Vincita', '2022-02-15 10:49:21', 4825.96, 20, 172),
    (1168, 'Perdita', '2021-04-04 05:36:32', 18880.3, 16, 131),
    (1169, 'Perdita', '2021-05-30 17:08:16', 16092.85, 20, 31),
    (1170, 'Vincita', '2022-05-06 15:02:05', 15576.87, 15, 19),
    (1171, 'Ricarica', '2022-01-07 02:59:57', 12502.47, 17, 196),
    (1172, 'Perdita', '2021-05-01 04:54:42', 2388.47, 14, 50),
    (1173, 'Vincita', '2021-10-05 06:16:56', 2582.75, 22, 101),
    (1174, 'Ricarica', '2021-11-04 11:34:37', 720.65, 12, 51),
    (1175, 'Vincita', '2021-09-05 05:46:29', 10420.19, 21, 106),
    (1176, 'Vincita', '2021-09-24 11:11:02', 12034.61, 16, 107),
    (1177, 'Perdita', '2022-01-22 07:27:12', 12787.15, 21, 133),
    (1178, 'Perdita', '2021-07-11 11:42:52', 14677.28, 21, 87),
    (1179, 'Ricarica', '2021-11-06 00:34:26', 5872.71, 14, 46),
    (1180, 'Perdita', '2021-06-20 05:36:19', 13555.34, 12, 52),
    (1181, 'Ricarica', '2022-02-13 15:48:44', 3325.21, 15, 23),
    (1182, 'Vincita', '2021-07-08 16:45:35', 13858.12, 15, 38),
    (1183, 'Vincita', '2022-03-05 13:01:04', 18471.53, 17, 113),
    (1184, 'Ricarica', '2021-08-04 01:58:47', 13938.05, 18, 181),
    (1185, 'Perdita', '2022-03-12 23:40:58', 9992.89, 16, 43),
    (1186, 'Perdita', '2021-07-09 09:45:23', 16436.27, 13, 39),
    (1187, 'Vincita', '2021-12-21 20:26:26', 4717.39, 13, 153),
    (1188, 'Vincita', '2021-12-25 05:10:22', 12206.74, 20, 187),
    (1189, 'Perdita', '2021-08-02 15:04:18', 2138.6, 22, 37),
    (1190, 'Perdita', '2022-04-22 01:29:55', 6280.28, 20, 7),
    (1191, 'Vincita', '2022-03-01 07:03:45', 8243.92, 14, 105),
    (1192, 'Ricarica', '2022-01-29 18:38:47', 3591.73, 20, 183),
    (1193, 'Ricarica', '2022-01-06 19:05:24', 14911.88, 12, 91),
    (1194, 'Perdita', '2021-05-25 15:45:58', 1309.93, 17, 200),
    (1195, 'Ricarica', '2021-10-16 17:32:20', 3348.69, 19, 59),
    (1196, 'Vincita', '2021-04-11 07:38:06', 2207.7, 18, 78),
    (1197, 'Vincita', '2021-11-13 19:09:03', 17169.73, 13, 190),
    (1198, 'Ricarica', '2022-02-01 20:08:45', 3278.8, 22, 64),
    (1199, 'Ricarica', '2021-10-01 14:28:22', 3072.08, 15, 171),
    (1200, 'Ricarica', '2022-04-26 08:05:24', 60.32, 22, 177),
    (1201, 'Vincita', '2021-09-10 03:38:01', 5503.85, 12, 38),
    (1202, 'Ricarica', '2022-04-28 20:19:33', 9333.38, 17, 125),
    (1203, 'Perdita', '2021-07-25 00:07:54', 18505.95, 21, 69),
    (1204, 'Ricarica', '2021-11-22 02:16:41', 13070.2, 20, 59),
    (1205, 'Ricarica', '2021-09-01 17:36:01', 2140.49, 16, 26),
    (1206, 'Ricarica', '2021-10-06 06:55:19', 4809.09, 14, 114),
    (1207, 'Ricarica', '2021-12-25 09:49:07', 15676.58, 15, 105),
    (1208, 'Ricarica', '2022-04-18 20:22:35', 14117.36, 14, 171),
    (1209, 'Ricarica', '2022-05-18 02:30:29', 10899.42, 21, 129),
    (1210, 'Ricarica', '2021-11-03 14:01:26', 6193.65, 15, 104),
    (1211, 'Perdita', '2022-03-05 06:42:52', 3491.73, 21, 178),
    (1212, 'Perdita', '2021-07-01 15:58:47', 17452.68, 13, 106),
    (1213, 'Vincita', '2021-09-15 12:29:21', 12233.5, 16, 133),
    (1214, 'Vincita', '2022-03-05 23:46:00', 3017.62, 20, 158),
    (1215, 'Perdita', '2021-10-05 11:35:32', 719.81, 18, 37),
    (1216, 'Perdita', '2021-11-05 15:35:15', 5615.97, 20, 153),
    (1217, 'Perdita', '2021-11-02 17:11:06', 8128.72, 21, 93),
    (1218, 'Perdita', '2022-05-07 12:14:04', 7121.68, 13, 188),
    (1219, 'Ricarica', '2021-06-19 01:28:29', 4922.62, 20, 199),
    (1220, 'Perdita', '2021-08-15 21:26:22', 7862.48, 13, 148),
    (1221, 'Vincita', '2021-05-12 19:04:15', 2597.81, 22, 82),
    (1222, 'Perdita', '2021-11-30 21:06:27', 17676.67, 14, 105),
    (1223, 'Vincita', '2021-05-29 17:22:11', 11329.75, 15, 67),
    (1224, 'Ricarica', '2021-05-14 00:07:01', 3336.22, 18, 116),
    (1225, 'Perdita', '2021-08-05 10:36:33', 4600.02, 19, 190),
    (1226, 'Ricarica', '2021-11-28 09:09:04', 13147.86, 15, 140),
    (1227, 'Vincita', '2022-04-26 23:04:16', 15256.58, 21, 161),
    (1228, 'Vincita', '2021-06-02 23:25:08', 9128.48, 13, 148),
    (1229, 'Ricarica', '2022-04-14 14:58:36', 6987.39, 13, 169),
    (1230, 'Ricarica', '2022-02-02 13:58:46', 15204.23, 22, 183),
    (1231, 'Vincita', '2021-08-03 11:42:00', 15534.38, 22, 28),
    (1232, 'Vincita', '2022-03-18 17:07:27', 18745.9, 14, 180),
    (1233, 'Perdita', '2022-05-23 22:54:55', 2505.45, 13, 179),
    (1234, 'Perdita', '2022-01-10 08:18:01', 18266.9, 15, 34),
    (1235, 'Perdita', '2021-05-11 14:50:40', 16841.2, 15, 136),
    (1236, 'Ricarica', '2022-03-02 23:09:39', 16088.47, 18, 116),
    (1237, 'Perdita', '2021-04-03 22:27:00', 15980.63, 14, 37),
    (1238, 'Vincita', '2021-09-08 09:46:34', 791.11, 20, 59),
    (1239, 'Perdita', '2022-05-04 00:07:08', 8392.94, 21, 142),
    (1240, 'Vincita', '2021-05-21 06:19:08', 2989.13, 21, 170),
    (1241, 'Perdita', '2021-11-08 07:18:17', 5173.0, 16, 168),
    (1242, 'Perdita', '2021-06-24 12:18:53', 13631.76, 18, 78),
    (1243, 'Ricarica', '2022-03-02 00:21:30', 14506.64, 22, 9),
    (1244, 'Vincita', '2022-02-09 18:52:46', 19602.39, 13, 57),
    (1245, 'Vincita', '2021-08-08 21:55:28', 16249.05, 19, 134),
    (1246, 'Vincita', '2021-08-11 03:09:16', 9051.83, 17, 200),
    (1247, 'Vincita', '2021-04-22 18:45:10', 8919.64, 20, 186),
    (1248, 'Ricarica', '2022-02-28 10:42:43', 17995.55, 16, 194),
    (1249, 'Perdita', '2021-09-08 20:26:55', 6013.45, 22, 63),
    (1250, 'Vincita', '2022-05-23 18:34:24', 2360.67, 22, 158),
    (1251, 'Vincita', '2021-09-05 04:04:48', 5885.7, 18, 152),
    (1252, 'Vincita', '2021-11-22 18:19:51', 3899.64, 15, 98),
    (1253, 'Perdita', '2022-02-01 10:42:13', 3220.27, 14, 161),
    (1254, 'Vincita', '2022-01-09 19:17:45', 18924.39, 21, 21),
    (1255, 'Vincita', '2021-04-24 09:05:09', 17751.0, 12, 185),
    (1256, 'Perdita', '2021-11-07 18:59:41', 2521.7, 14, 140),
    (1257, 'Perdita', '2021-05-21 20:48:29', 17803.79, 12, 153),
    (1258, 'Ricarica', '2021-09-20 03:48:42', 17558.35, 14, 187),
    (1259, 'Vincita', '2021-10-25 09:32:16', 7997.29, 21, 173),
    (1260, 'Ricarica', '2021-12-05 12:48:33', 6431.85, 15, 39),
    (1261, 'Ricarica', '2022-01-19 20:42:32', 8482.92, 13, 123),
    (1262, 'Vincita', '2021-06-12 20:48:32', 8150.98, 12, 186),
    (1263, 'Vincita', '2022-03-25 19:40:46', 1221.3, 17, 45),
    (1264, 'Ricarica', '2021-11-25 13:28:16', 11002.14, 19, 126),
    (1265, 'Vincita', '2022-01-31 17:41:30', 14236.05, 14, 58),
    (1266, 'Vincita', '2021-11-05 04:47:21', 4883.39, 15, 8),
    (1267, 'Perdita', '2021-10-18 13:49:42', 15533.89, 22, 190),
    (1268, 'Vincita', '2021-11-11 19:33:57', 19157.93, 20, 175),
    (1269, 'Ricarica', '2022-03-21 11:28:24', 13542.04, 16, 129),
    (1270, 'Vincita', '2021-07-17 08:33:04', 16178.79, 13, 3),
    (1271, 'Ricarica', '2021-08-19 15:59:08', 19658.09, 16, 79),
    (1272, 'Ricarica', '2021-07-23 23:14:30', 2111.85, 16, 34),
    (1273, 'Perdita', '2022-02-09 09:03:44', 1525.88, 15, 192),
    (1274, 'Perdita', '2021-08-05 11:54:30', 3296.5, 16, 191),
    (1275, 'Ricarica', '2021-08-31 09:28:50', 11305.31, 18, 144),
    (1276, 'Ricarica', '2021-09-01 15:41:15', 13294.81, 19, 178),
    (1277, 'Ricarica', '2021-08-11 12:11:54', 14436.31, 13, 16),
    (1278, 'Perdita', '2021-06-26 03:50:45', 13045.83, 22, 148),
    (1279, 'Vincita', '2021-10-17 05:46:00', 13721.18, 15, 124),
    (1280, 'Vincita', '2021-04-21 07:42:16', 15543.44, 18, 79),
    (1281, 'Vincita', '2021-12-23 16:51:56', 8035.53, 19, 3),
    (1282, 'Ricarica', '2022-02-28 04:31:54', 8641.47, 20, 76),
    (1283, 'Ricarica', '2021-05-26 10:23:11', 5135.55, 12, 3),
    (1284, 'Vincita', '2021-05-30 17:48:20', 19814.82, 20, 56),
    (1285, 'Vincita', '2021-06-21 01:50:39', 4532.86, 13, 95),
    (1286, 'Vincita', '2021-06-24 09:25:44', 15458.65, 16, 49),
    (1287, 'Vincita', '2022-05-10 21:01:10', 18752.45, 19, 117),
    (1288, 'Vincita', '2022-02-15 07:19:21', 398.5, 13, 148),
    (1289, 'Perdita', '2021-11-15 17:23:00', 13405.98, 17, 149),
    (1290, 'Ricarica', '2021-06-07 17:11:14', 1259.79, 12, 166),
    (1291, 'Perdita', '2021-07-19 22:05:25', 18747.65, 20, 53),
    (1292, 'Vincita', '2022-04-18 19:43:07', 579.84, 19, 161),
    (1293, 'Perdita', '2022-02-07 23:56:50', 17400.06, 18, 161),
    (1294, 'Perdita', '2021-08-02 12:40:49', 19455.13, 21, 59),
    (1295, 'Ricarica', '2021-11-03 17:02:12', 864.47, 21, 65),
    (1296, 'Perdita', '2021-05-24 23:02:42', 4500.48, 16, 192),
    (1297, 'Perdita', '2021-10-04 20:14:10', 4943.86, 14, 182),
    (1298, 'Perdita', '2021-06-02 20:53:07', 10617.68, 21, 142),
    (1299, 'Ricarica', '2021-10-04 06:27:14', 10245.88, 20, 20),
    (1300, 'Vincita', '2022-01-09 08:42:47', 7858.87, 22, 146);